i,segment_i,A_i,pair_count,cumulative_score,conservation
303,A,L,7,5.022,0.841
295,A,E,3,3.763,0.846
277,A,R,6,3.605,0.673
88,A,S,4,3.515,0.922
70,A,L,11,3.086,0.945
296,A,L,4,2.915,0.799
91,A,L,4,2.836,0.776
69,A,I,5,2.69,0.863
260,A,L,5,2.669,0.855
248,A,D,3,2.601,0.852
142,A,Q,5,2.297,0.987
257,A,Y,5,2.2809999999999997,0.857
135,A,I,3,2.259,0.77
194,A,V,3,2.229,0.782
64,A,Q,8,2.2239999999999998,0.956
131,A,I,2,1.968,0.991
128,A,T,4,1.869,0.911
74,A,R,4,1.8179999999999998,0.868
160,A,N,5,1.796,0.759
236,A,R,4,1.741,0.606
247,A,D,2,1.741,0.551
124,A,I,5,1.74,0.909
342,A,R,6,1.711,0.576
240,A,G,3,1.706,0.846
315,A,T,3,1.691,0.828
156,A,A,1,1.68,0.551
63,A,K,5,1.6640000000000001,0.962
80,A,Q,3,1.6600000000000001,0.858
190,A,V,2,1.659,0.87
299,A,S,6,1.658,0.818
151,A,E,4,1.625,0.652
331,A,H,5,1.591,0.616
246,A,W,5,1.549,0.847
118,A,M,2,1.529,0.688
54,A,L,4,1.525,0.749
11,A,F,3,1.501,0.901
96,A,A,3,1.498,0.561
51,A,Q,2,1.49,0.981
94,A,T,8,1.48,0.843
30,A,A,7,1.4689999999999999,0.883
31,A,R,2,1.448,0.934
59,A,V,2,1.4100000000000001,0.975
285,A,W,8,1.399,0.595
271,A,V,5,1.343,0.737
138,A,S,2,1.3410000000000002,0.901
180,A,G,1,1.263,0.938
270,A,I,4,1.258,0.46
287,A,N,6,1.2429999999999999,0.642
308,A,A,1,1.234,0.837
66,A,Q,5,1.226,0.941
170,A,Y,2,1.2229999999999999,0.991
288,A,L,5,1.22,0.788
52,A,Q,8,1.1829999999999998,0.948
179,A,G,1,1.175,0.926
262,A,D,3,1.168,0.827
5,A,G,2,1.15,0.905
292,A,W,6,1.149,0.843
56,A,Q,4,1.147,0.812
305,A,N,5,1.111,0.628
136,A,E,3,1.109,0.81
319,A,I,4,1.0699999999999998,0.763
294,A,Q,5,1.067,0.592
184,A,L,4,1.045,0.939
20,A,G,3,1.032,0.952
110,A,Q,4,1.02,0.395
168,A,L,2,0.998,0.96
175,A,I,1,0.998,0.949
171,A,I,2,0.997,0.985
144,A,K,1,0.987,0.684
107,A,S,3,0.985,0.731
35,A,S,3,0.965,0.886
204,A,L,2,0.952,0.842
312,A,A,4,0.949,0.785
150,A,L,5,0.94,0.957
332,A,I,3,0.9339999999999999,0.756
293,A,S,2,0.931,0.512
158,A,L,1,0.922,0.949
38,A,V,2,0.912,0.968
47,A,A,4,0.869,0.958
18,A,T,2,0.869,0.913
242,A,L,1,0.852,0.783
330,A,R,2,0.85,0.497
269,A,R,1,0.827,0.823
339,A,G,2,0.813,0.836
314,A,G,2,0.808,0.709
252,A,L,3,0.806,0.865
261,A,R,1,0.806,0.807
278,A,G,2,0.7689999999999999,0.785
113,A,N,1,0.767,0.466
188,A,F,1,0.753,0.861
286,A,W,3,0.741,0.62
78,A,D,1,0.737,0.955
291,A,Y,4,0.736,0.859
249,A,L,1,0.689,0.86
318,A,V,3,0.669,0.614
209,A,H,1,0.659,0.512
219,A,P,2,0.659,0.679
10,A,G,4,0.64,0.945
228,A,E,2,0.623,0.78
199,A,Q,3,0.618,0.818
226,A,G,1,0.618,0.843
177,A,I,3,0.615,0.928
89,A,G,3,0.575,0.945
255,A,F,2,0.554,0.817
306,A,A,4,0.5489999999999999,0.593
196,A,R,2,0.528,0.902
263,A,L,3,0.525,0.648
90,A,K,3,0.491,0.916
325,A,A,1,0.491,0.45
143,A,E,2,0.486,0.896
93,A,C,3,0.486,0.991
114,A,H,3,0.485,0.927
73,A,E,5,0.482,0.984
181,A,L,4,0.473,0.932
329,A,I,2,0.459,0.648
340,A,L,3,0.459,0.598
159,A,W,5,0.426,0.96
253,A,C,2,0.422,0.732
284,A,Y,1,0.421,0.799
307,A,T,2,0.394,0.541
26,A,L,1,0.374,0.972
7,A,L,3,0.372,0.548
221,A,G,2,0.365,0.651
222,A,I,2,0.357,0.756
104,A,S,2,0.33299999999999996,0.909
264,A,L,1,0.317,0.583
42,A,N,3,0.312,0.648
191,A,L,2,0.31,0.807
8,A,F,2,0.291,0.746
39,A,Q,3,0.28700000000000003,0.968
82,A,L,2,0.272,0.972
99,A,W,1,0.272,0.993
316,A,D,3,0.272,0.837
162,A,F,6,0.264,0.968
81,A,L,1,0.245,0.862
72,A,V,2,0.244,0.667
148,A,E,3,0.244,0.721
22,A,A,1,0.239,0.952
301,A,V,2,0.234,0.622
126,A,N,1,0.233,0.901
17,A,S,3,0.222,0.935
137,A,E,2,0.222,0.519
211,A,P,1,0.218,0.745
309,A,I,5,0.214,0.77
317,A,R,3,0.214,0.813
216,A,P,3,0.20500000000000002,0.721
67,A,A,2,0.203,0.872
161,A,W,1,0.203,0.994
149,A,L,2,0.202,0.989
310,A,A,3,0.196,0.641
323,A,Q,1,0.182,0.746
311,A,V,2,0.178,0.791
86,A,G,1,0.169,0.99
61,A,G,2,0.162,0.982
203,A,P,1,0.158,0.891
227,A,G,2,0.158,0.883
145,A,N,1,0.155,0.993
152,A,L,1,0.155,0.97
267,A,V,2,0.154,0.521
276,A,R,4,0.154,0.61
92,A,I,1,0.153,0.945
245,A,I,4,0.152,0.489
336,A,I,1,0.149,0.796
343,A,I,2,0.149,0.614
76,A,L,2,0.146,0.959
300,A,A,5,0.141,0.823
320,A,E,3,0.137,0.765
174,A,F,6,0.127,0.938
268,A,T,4,0.121,0.559
326,A,C,1,0.111,0.393
334,A,R,1,0.111,0.615
102,A,S,1,0.104,0.832
215,A,G,1,0.104,0.689
225,A,E,3,0.104,0.727
75,A,Y,2,0.094,0.945
21,A,A,5,0.091,0.95
43,A,N,2,0.085,0.944
229,A,R,2,0.079,0.561
9,A,L,1,0.076,0.796
251,A,S,2,0.069,0.717
77,A,K,1,0.049,0.635
169,A,W,1,0.048,0.948
127,A,Y,3,0.045,0.912
189,A,A,2,0.044,0.612
164,A,I,2,0.029,0.959
37,A,I,2,0.026,0.977
176,A,M,2,0.015,0.855
254,A,L,2,0.011,0.815
281,A,A,2,0.011,0.434
115,A,T,3,0.007,0.895
141,A,Q,2,0.004,0.981
65,A,L,1,0.003,0.986
154,A,K,1,0,0.651
265,A,L,2,0,0.789
234,A,S,1,0,0.855
46,A,R,2,0,0.783
13,A,G,5,0,0.87
178,A,V,5,0,0.906
237,A,L,2,0,0.8
239,A,N,1,0,0.391
6,A,A,1,0,0.867
28,A,V,2,0,0.903
23,A,S,2,0,0.898
224,A,E,1,0,0.806
283,A,K,3,0,0.799
105,A,N,1,0,0.903
327,A,R,1,0,0.811
259,A,R,3,0,0.647
134,A,L,1,0,0.874
48,A,I,3,0,0.95
321,A,V,1,0,0.419
116,A,T,3,0,0.993
157,A,S,1,0,0.705
280,A,E,3,0,0.763
15,A,A,1,0,0.948
49,A,E,4,0,0.902
83,A,G,4,0,0.932
258,A,H,2,0,0.765
313,A,E,2,0,0.683
85,A,W,2,0,0.986
279,A,W,1,0,0.82
235,A,I,1,0,0.34
53,A,H,1,0,0.874
205,A,S,1,0,0.859
233,A,R,1,0,0.706
217,A,D,1,0,0.781
302,A,S,4,0,0.692
183,A,G,2,0,0.933
324,A,G,2,0,0.654
256,A,S,1,0,0.719
282,A,L,2,0,0.822
333,A,P,1,0,0.841
62,A,I,4,0,0.935
243,A,A,1,0,0.568
147,A,Q,1,0,0.644
289,A,L,3,0,0.63
202,A,S,2,0,0.852
25,A,T,2,0,0.871
165,A,T,4,0,0.77
208,A,T,2,0,0.814
166,A,N,1,0,0.578
29,A,Q,1,0,0.96
328,A,A,5,0,0.753
214,A,R,1,0,0.741
338,A,Q,1,0,0.821
95,A,T,1,0,0.991
266,A,I,2,0,0.69
297,A,K,2,0,0.772
132,A,H,2,0,0.932
32,A,Q,1,0,0.745
193,A,I,2,0,0.735
274,A,L,3,0,0.822
337,A,R,1,0,0.842
197,A,V,1,0,0.849
173,A,L,1,0,0.889
290,A,Q,1,0,0.628
231,A,R,1,0,0.7
195,A,N,1,0,0.8
344,A,L,1,0,0.832
244,A,L,1,0,0.712
298,A,N,1,0,0.466
153,A,D,1,0,0.914
140,A,N,1,0,0.607
97,A,V,1,0,0.989