fp_domain,nhr_domain,tm_domain,cp_domain,loop1_PBD_CHR_LPB,PBD_CHR_LPB_loop2,sequence
1.2999999999999998,7.300000000000004,2.1999999999999997,9.700000000000017,17.299999999999994,17.300000000000008,EMTWEEWEKKVEELEKKIEELLK
1.399999999999999,19.599999999999987,4.9,21.99999999999995,63.0,66.20000000000005,YTSLIHSLIEEKQNQQEKNEQELLELDKWASLWNWF
1.7999999999999998,18.599999999999987,3.4999999999999987,24.999999999999954,65.60000000000002,69.20000000000009,DREINNYTSLIHSLIEESQNQQEKNEQELLELDKWA
6.400000000000004,47.8,8.500000000000002,25.79999999999998,21.399999999999995,17.799999999999997,IKKEIEAIKKEQEAIKKKIEAIEKEIEAQQHLLQLTVWGIKQLQARIL
1.399999999999999,19.599999999999987,4.9,20.59999999999997,63.0,66.20000000000005,YTSLIHSLIEESQNQQEKNEQELLELDKPASLWNWF
0.3999999999999989,18.6,4.5000000000000036,25.39999999999996,59.59999999999999,63.60000000000008,WMEWDREINNYTSLIHSLIEELQNIQEKNEQELLEL
2.799999999999999,3.200000000000007,8.100000000000007,-0.19999999999999787,6.000000000000008,6.000000000000005,LEAIPMSIPPEVFFNKPFVF
1.399999999999999,19.599999999999987,4.9,20.99999999999997,63.0,66.20000000000005,YTSLIHSLIEEEQNQQEKNEQELLELDKWASLWNWF
3.6,19.599999999999987,5.3000000000000025,20.199999999999957,63.0,66.20000000000005,YTSLIHSLIEEFQNQQEKNEQELLELDKWASLWNWF
1.399999999999999,23.399999999999988,4.9,20.599999999999966,60.0,63.19999999999998,YTSLIHSLIEESQNQQEKNQQELLQLDKWASLWNWF
4.600000000000004,21.0,4.1,26.19999999999996,29.399999999999988,28.599999999999973,TTWEAWDRAIAEYAARIEALIRAAQEQQEKNEAILREL
1.399999999999999,22.999999999999986,4.9,20.599999999999962,63.0,66.20000000000005,YTSLIHSLIEESQNQQEKNEQELLQLDKWASLWNWF
1.399999999999999,18.199999999999992,4.900000000000002,22.399999999999963,63.0,66.20000000000005,YTSLIHSLIEESQNLQEKNEQELLELDKWASLWNWF
0.19999999999999815,20.599999999999994,5.100000000000003,28.199999999999957,85.60000000000005,112.0,WMEWDREINNYTSLIHSLIEESQNQQEKNEQELLELDKWASLWNWFNITNWLWYIK
2.9999999999999973,17.599999999999998,5.300000000000002,18.799999999999955,34.59999999999999,32.99999999999998,WQTWERQVDNITQTISKALEEAQIQNEKNMYELQKLNQWDIFSNWF
3.099999999999999,10.900000000000007,3.0000000000000018,16.100000000000037,18.500000000000004,12.10000000000001,YGGIKKEIEAIKKEQEAIKKKIEAIEKEIEA
1.7999999999999985,16.79999999999999,5.700000000000001,18.399999999999963,56.8,69.20000000000003,IHSLIEESQNQQEKNEQELLELDKWASLWNWFNITN
2.7755575615628914e-17,18.599999999999994,3.5000000000000013,26.79999999999996,62.59999999999998,62.60000000000002,NMTWMEWDREINNYTSLIHSLIEESQNQQEKNEQEL
1.4,20.39999999999999,4.8999999999999995,22.399999999999956,65.60000000000002,69.20000000000007,EINNYTSLIHSLIEESQNQQEKNEQELLELDKWASL
1.3999999999999995,13.800000000000004,3.7000000000000033,26.79999999999997,25.19999999999999,27.799999999999972,MTWCDWRDEIERYTKKIEELIRAAQEWQEKNEAALKEL
-1.3000000000000005,7.5000000000000036,3.6000000000000014,12.700000000000031,25.29999999999999,16.700000000000003,KKISEEQKKIQEEIKKILEESKKILEEIERDWEMW
4.900000000000002,38.5,8.8,29.499999999999964,23.499999999999993,22.09999999999998,RMKQIEDKIEEIESKIKKIENEIARIKKLLQLTVWGIKQLQARIL
7.0000000000000036,52.599999999999994,8.700000000000005,19.200000000000003,18.19999999999999,17.800000000000004,VQQQNNLLRAIEAQQHLLQLTVWGIKQL
1.399999999999999,25.599999999999987,4.9,15.199999999999973,49.2,52.399999999999984,YTSLIHSLIQQSQNQQQKNQQQLLQLDKWASLWNWF
2.1999999999999993,15.8,3.9000000000000017,18.399999999999963,43.59999999999999,66.6,ESQNQQEKNEQELLELDKWASLWNWFNITNWLWLIK
-1.8000000000000003,6.4,3.4999999999999996,8.200000000000012,13.800000000000011,17.200000000000014,MTWEEWDKKIEEYTKKIEELIK
5.600000000000002,36.0,9.100000000000001,24.79999999999999,18.400000000000006,19.599999999999998,KIEEIESKIKKIENEIARIKKLLQLTVWGIKQLQARIL
6.000000000000002,21.0,3.700000000000004,26.199999999999964,26.79999999999999,25.999999999999975,TTWEAWDRAIAEYAARIEALIRAAQELQEKNEAALREL
1.399999999999999,19.999999999999986,4.9,18.399999999999956,63.0,66.20000000000005,YTSLIHSLIQESQNQQEKNEQELLELDKWASLWNWF
-1.3000000000000005,7.5000000000000036,3.6000000000000014,10.100000000000033,24.299999999999983,17.5,KKISEEQKKIQEEIKKILEESKKILEEIKKDWEEW
3.2000000000000006,19.999999999999986,6.700000000000003,20.99999999999995,63.0,66.20000000000005,YTSLIHSLIEEGQNQQEKNEQELLELDKWASLWNWF
1.399999999999999,19.599999999999987,4.9,20.199999999999957,63.0,66.20000000000005,YTSLIHSLIEENQNQQEKNEQELLELDKWASLWNWF
0.5999999999999995,18.799999999999997,3.7000000000000033,22.59999999999996,51.59999999999999,54.19999999999997,WEEMDREINNYTKLIHELIEESQNQQEKNEQELL
5.200000000000005,32.79999999999999,12.700000000000003,16.400000000000016,16.799999999999986,9.000000000000005,QHLLQLTVWGIKQLQARILAVERYLKDQ
0.5999999999999995,18.799999999999997,3.7000000000000033,22.999999999999957,58.399999999999984,62.400000000000006,WMEWDREINNYTSLIHSLIEETQNQQEKNEQELL
-1.942890293094024e-16,16.400000000000006,1.7000000000000002,22.999999999999964,55.79999999999999,57.59999999999997,WTEWDREINNYTSQIHSLIEESQNQQEKLEQELNEL
2.1999999999999993,13.200000000000008,7.500000000000002,20.99999999999995,36.999999999999986,59.599999999999994,NQQEKNEQELLELDKWASLWNWFNITNWLWLIKIFI
1.399999999999999,18.999999999999986,7.500000000000002,20.999999999999964,61.199999999999996,69.20000000000005,SLIHSLIEESQNQQEKNEQELLELDKWASLWNWFNI
1.399999999999999,19.599999999999987,4.9,20.59999999999997,63.0,66.20000000000005,YTSLIHSLIEERQNQQEKNEQELLELDKWASLWNWF
3.0999999999999996,8.700000000000014,-1.8000000000000014,12.700000000000031,2.5000000000000053,1.0999999999999979,TRQARRNRRRWRERQRAAAAC
2.1999999999999997,15.800000000000011,4.3,18.799999999999965,45.79999999999999,66.2,EESQNQQEKNEQELLELDKWASLWNWFNITNWLWLI
0.9,19.499999999999993,4.399999999999999,24.69999999999996,76.10000000000001,79.70000000000007,EWDREINNYTSLIHSLIEESQNQQEKNEQELLELDKWASLW
1.399999999999999,19.599999999999987,4.9,21.99999999999995,63.0,66.20000000000005,YTSLIHSLIEELQNQQEKNEQELLELDKWASLWNWF
1.399999999999999,22.599999999999987,4.9,21.39999999999997,63.0,66.20000000000005,YTSLIHSLIEESQNQQEKNEQQLLELDKWASLWNWF
5.699999999999999,43.5,7.4,22.700000000000024,23.09999999999999,23.69999999999998,SGIDQEQNNLTRLIEAQIHELQLTQWKIKQLLARILK
1.399999999999999,22.19999999999999,6.700000000000006,20.99999999999997,63.0,66.20000000000005,YTSLIHSLIEEVQNQQEKNEQELLELDKWASLWNWF
1.399999999999999,19.599999999999987,4.900000000000002,20.599999999999948,63.0,66.20000000000005,YTSLIHSLIEESQNQQEKLEQELLELDKWASLWNWF
0.5999999999999995,18.799999999999997,3.7000000000000033,24.799999999999958,58.399999999999984,62.400000000000006,WMEWDREINNYTSLIHSLIEELQNQQEKNEQELL
4.900000000000002,50.09999999999999,9.800000000000002,18.300000000000026,24.899999999999988,17.900000000000006,RQLLSGIVQQQNNLLRAIEAQQHLLQK
-1.5,6.299999999999999,2.5999999999999996,11.100000000000035,17.299999999999997,15.900000000000013,ELTWEEWEKKIEEYTKKIEEILK
11.400000000000006,18.39999999999999,10.900000000000004,17.799999999999994,22.399999999999892,11.600000000000007,VWGIKQLQARILAVERYLKDQQLLGIWG
0.5999999999999998,15.200000000000005,2.699999999999998,18.20000000000001,25.79999999999997,24.199999999999967,WQEWEKQVRYLEANISKSLEQAQIQQEKNMYELQ
-1.4000000000000001,12.6,4.3,15.200000000000017,22.999999999999986,23.39999999999997,MTWEEWDKKIEEYTKKIEELIKKSQNQQIDL 
7.400000000000002,22.400000000000006,3.700000000000004,25.799999999999965,24.599999999999987,24.79999999999998,TTWEAWDRAIAEYAARIEALIRAAQELQEKLEAALREL
1.399999999999999,19.599999999999987,4.9,21.99999999999995,63.0,66.20000000000005,YTSLIHSLIEEYQNQQEKNEQELLELDKWASLWNWF
-3.0531133177191805e-16,16.799999999999997,3.0999999999999983,24.599999999999955,65.60000000000004,69.20000000000009,WDREINNYTSLIHSLIEESQNQQEKNEQELLELDKW
4.600000000000003,3.200000000000007,5.900000000000002,3.0000000000000173,8.200000000000024,6.000000000000001,LEAIPCSIPPCVAFNKPFVF
1.3999999999999995,19.99999999999999,4.9,22.79999999999996,65.60000000000001,69.20000000000006,NNYTSLIHSLIEESQNQQEKNEQELLELDKWASLWN
0.5000000000000003,13.700000000000006,3.5999999999999996,8.700000000000008,12.100000000000005,14.300000000000013,MTWQEWEQQVRYLEANISQRL
2.1999999999999993,18.599999999999987,6.699999999999999,20.199999999999957,63.0,66.20000000000005,YTSLIHSLIEESQNQQEKNEQELLEFDKWASLWNWF
-2.700000000000001,8.700000000000001,2.5999999999999988,12.700000000000017,22.299999999999986,22.699999999999967,MTWEEWDKKIEEYTKKIEELIKKSEEQQKKN
1.399999999999999,20.399999999999988,4.9,19.19999999999997,63.0,66.20000000000005,YTSLIHSLIEESQQQQEKNEQELLELDKWASLWNWF
1.399999999999999,19.599999999999987,4.9,20.199999999999957,63.0,66.20000000000005,YTSLIHSLIEEHQNQQEKNEQELLELDKWASLWNWF
2.1999999999999984,16.800000000000008,6.100000000000003,18.799999999999955,50.19999999999999,69.20000000000002,LIEESQNQQEKNEQELLELDKWASLWNWFNITNWLW
0.3999999999999998,22.599999999999987,3.500000000000002,24.599999999999962,62.99999999999998,64.80000000000013,TMWMEWDREINNYTSLIHSLIEESQNQQEKNEQELL
0.09999999999999953,18.299999999999997,3.600000000000003,22.899999999999956,63.50000000000002,67.50000000000011,WMEWDREINNYTSLIHSLIEESQNQQEKNEQELLE
2.799999999999999,3.200000000000007,5.900000000000002,1.2000000000000002,6.400000000000025,5.000000000000002,LEAIPCSIPPCVFFNKPFVF
-1.7000000000000006,9.700000000000008,2.800000000000001,18.89999999999996,31.89999999999999,34.09999999999997,WLEWDRKIEEYTKKIEELIKKSQEQQEKNEKELK 
2.5999999999999983,19.999999999999986,4.9,20.59999999999997,60.0,64.00000000000006,YTSLIHSLIEESQNQQEKNEQELLELDKWASLFNFF
1.8999999999999995,20.499999999999993,5.0,22.499999999999957,63.49999999999999,67.10000000000008,INNYTSLIHSLIEESQNQQEKNEQELLELDKWASL
6.800000000000002,2.9999999999999973,6.900000000000001,1.6000000000000147,3.8000000000000127,4.600000000000003,LEAIPCSIPPCFLFGKPFVF
4.800000000000001,49.59999999999999,9.700000000000003,18.999999999999964,21.79999999999999,16.4,RQLLSQIVQQQNNLLRAIEAQQHLLQLT
-1.5000000000000004,7.300000000000004,3.4000000000000012,9.900000000000034,23.69999999999998,17.89999999999999,KKISEEQKKIQEEIKKILEESKKILEEIKKDWEEWTM
6.0000000000000036,21.0,3.700000000000004,27.999999999999964,29.399999999999988,28.599999999999973,TTWEAWDRAIAEYAARIEALIRALQEQQEKNEAALREL
1.2999999999999998,7.700000000000005,2.5999999999999996,10.70000000000002,19.499999999999993,17.300000000000008,ELTWEEWEKKVEELEKKIEELLK
0.40000000000000013,19.4,4.3000000000000025,15.800000000000015,23.59999999999998,23.999999999999968,MTWQEWEQQVRYLEANISQRLEQAQIQQEKNMYELQ
0.3999999999999998,21.199999999999996,3.9000000000000035,24.19999999999996,62.99999999999998,64.80000000000013,MTWMEWDREINNYTSLIHSLIEESQNQQEKNEQELL
5.800000000000001,49.59999999999997,9.500000000000002,18.399999999999988,17.200000000000006,14.200000000000008,MTLTVQARQLLSQIVQQQNNLLRAIEAQ
-6.38378239159465e-16,16.800000000000004,3.0999999999999988,25.599999999999966,56.19999999999999,57.99999999999997,WTEWDREINNYTSQIHSLIEESQNQQEKNEQILNEL
-1.8000000000000003,2.0000000000000013,2.6999999999999997,6.800000000000004,14.80000000000001,16.80000000000001,WEEWDKKIEEYTKKIEELIKKS
1.399999999999999,19.599999999999987,5.3000000000000025,20.199999999999957,63.0,66.20000000000005,YTSLIHSLIEEMQNQQEKNEQELLELDKWASLWNWF
5.000000000000001,3.2000000000000015,7.700000000000005,1.2000000000000073,4.600000000000023,3.199999999999998,LEAIPCSIPPCVFFGKPFVF
1.399999999999999,18.19999999999998,4.9,19.799999999999958,63.0,66.20000000000005,YTSLIHSLIEESQNQQEKNEQELLELDKWASPWNWF
7.100000000000003,39.3,9.200000000000003,24.49999999999998,18.9,17.9,IKKEIEAIKKEQEAIKKKIEAIEKLLQLTVWGIKQLQARIL
1.399999999999999,19.999999999999986,4.9,20.199999999999957,63.0,66.20000000000005,YTSLIHSLIEEQQNQQEKNEQELLELDKWASLWNWF
1.399999999999999,19.999999999999986,4.9,20.59999999999997,63.0,66.20000000000005,YTSLIHSLIEESQNQQEKNEQELLELNKWASLWNWF
1.3999999999999995,19.999999999999986,4.9,22.79999999999996,65.6,69.20000000000006,NYTSLIHSLIEESQNQQEKNEQELLELDKWASLWNW
-1.9000000000000004,1.9000000000000012,2.1999999999999997,6.700000000000005,14.30000000000001,16.70000000000001,WEEWDKKIEEYTKKIEELIKKS 
6.000000000000007,20.999999999999986,5.500000000000005,26.199999999999964,39.59999999999999,41.39999999999997,MTWMAWDRAIANYAALIHALIEAAQNQQEKNEAALLEL
3.400000000000009,12.200000000000014,6.3000000000000025,20.799999999999983,27.799999999999986,31.399999999999977,EELAKKAEELAKKAEELAKKAEELAKKAWASLWNWFLEAIPMSIPPEVKFNKPFVF
-1.4,14.600000000000007,5.700000000000004,20.599999999999955,61.799999999999976,55.999999999999964,IWNNMTWMEWDREINNYTSLIHSLIEESQNQQEKNE
-1.8000000000000007,16.799999999999997,3.5000000000000013,22.399999999999956,62.199999999999974,58.19999999999997,WNNMTWMEWDREINNYTSLIHSLIEESQNQQEKNEQ
-1.1000000000000003,5.5000000000000036,1.9999999999999991,13.100000000000014,16.699999999999996,13.900000000000013,FWNWLSAWIKKTYEEIKKTYEEIKKTYEEIERDWEMV
0.39999999999999936,18.199999999999996,5.300000000000003,24.999999999999957,62.59999999999999,66.60000000000011,WMEWDREINNYTSLIHSLIEESQNQQEKIEQELLEL
-1.4000000000000004,13.200000000000008,7.500000000000005,20.599999999999955,60.39999999999998,49.39999999999996,LEQIWNNMTWMEWDREINNYTSLIHSLIEESQNQQE
10.900000000000013,38.899999999999956,13.600000000000009,29.49999999999997,28.099999999999945,15.700000000000015,IEAQQHLLQLTVWGIKQLQARILAVERYGYIPEAPRDGQAYVRKDGEWVLLSTFL
4.200000000000002,19.200000000000006,3.700000000000004,24.399999999999967,32.59999999999999,31.799999999999976,TTWEAWDRAIAEYAARIEALIRASQEQQEKNEAELREL
-1.8000000000000007,14.600000000000005,5.3000000000000025,19.199999999999953,61.39999999999998,53.79999999999996,QIWNNMTWMEWDREINNYTSLIHSLIEESQNQQEKN
-1.800000000000001,15.800000000000004,7.100000000000003,20.599999999999927,60.39999999999997,47.19999999999996,SLEQIWNNMTWMEWDREINNYTSLIHSLIEESQNQQ
4.600000000000004,20.6,5.900000000000006,23.59999999999996,26.79999999999999,28.599999999999973,MTWEAWDRAIAEYAARIEALIRAAQEQQEKNEAALREL
-0.6,11.200000000000006,4.300000000000001,16.60000000000002,24.799999999999983,22.999999999999968,EMTWEEWEKKIEEYTKKIEEILKKSQNQQIDL
5.800000000000008,27.199999999999967,10.500000000000009,22.20000000000001,22.999999999999996,17.0,LLQLTVWGIKQLQARILAIKKEIEAIKKEQEAIKKKIEAI
1.399999999999999,19.599999999999987,4.9,20.59999999999997,63.0,66.20000000000005,YTSLIHSLIEEDQNQQEKNEQELLELDKWASLWNWF
4.600000000000004,22.799999999999997,5.900000000000002,23.59999999999996,27.199999999999985,27.399999999999977,TTWEAWDRAIAEYAARIEALIRAAQEQQEKLEAVLREL
1.0999999999999996,2.6999999999999975,2.7999999999999985,3.3000000000000154,5.700000000000005,4.700000000000008,IRKAHCNISRAKWND
2.1999999999999997,18.0,5.700000000000001,19.19999999999994,41.399999999999984,64.0,SQNQQEKNEQELLELDKWASLWNWFNITNWLWLIKI
-1.8000000000000014,12.800000000000006,7.100000000000001,18.79999999999992,60.39999999999997,42.799999999999955,NKSLEQIWNNMTWMEWDREINNYTSLIHSLIEESQN
0.3999999999999989,16.400000000000006,5.300000000000003,23.59999999999996,62.59999999999999,66.60000000000011,WMEWDREINNYTSLIHSLIEESQNIQEKNEQELLEL
2.399999999999999,17.8,3.7000000000000006,19.599999999999945,23.399999999999988,21.999999999999964,WQQWERQVRFLDANITKLLEEAQIQQEKNMYELQ
-2.0000000000000004,5.800000000000001,3.2999999999999994,8.000000000000012,15.400000000000013,16.600000000000012,MTWEEWDKKIEEYTKKIEELIKKS
2.199999999999999,21.599999999999987,5.300000000000006,19.39999999999994,23.199999999999985,21.399999999999963,MTWQQWERQVRFLDANITKLLEEAQIQQEKNMYELQ
7.400000000000004,21.4,3.700000000000004,28.79999999999996,27.19999999999999,26.399999999999977,TTWEAWDRAIAEYAARIEALIRALQELQEKNEAALREL
-1.7000000000000002,6.099999999999999,3.9999999999999996,8.700000000000012,12.100000000000012,14.700000000000014,MTWEEWDKKIEEYTKKIEELI
-1.8000000000000007,15.000000000000004,5.300000000000002,18.399999999999963,60.999999999999986,51.59999999999996,EQIWNNMTWMEWDREINNYTSLIHSLIEESQNQQEK
2.7755575615628914e-17,16.800000000000004,3.0999999999999988,24.59999999999996,65.60000000000004,69.2000000000001,EWDREINNYTSLIHSLIEESQNQQEKNEQELLELDK
1.399999999999999,19.999999999999986,4.9,18.79999999999996,63.0,66.20000000000005,YTSLIHSLIEQSQNQQEKNEQELLELDKWASLWNWF
1.399999999999999,19.599999999999987,4.9,20.199999999999957,63.0,66.20000000000005,YTSLIHSLIEETQNQQEKNEQELLELDKWASLWNWF
3.1999999999999993,19.999999999999986,4.9,20.999999999999968,63.0,66.20000000000005,YTSLIHSLIEESQNQQEKNEQELLELDKWASLANWF
2.599999999999999,19.799999999999997,3.5000000000000018,25.19999999999994,48.60000000000001,46.79999999999998,WQQWERQVRFLDANITKLLEEAQIQQEKNMYELQELDKWASLWNWF
2.3,15.90000000000001,5.400000000000002,8.700000000000022,8.100000000000017,15.700000000000005,MTWQQWERQVRFLDANITKLL
1.399999999999999,19.599999999999987,4.9,22.39999999999995,63.0,66.20000000000005,YTSLIHSLIEEWQNQQEKNEQELLELDKWASLWNWF
4.200000000000003,21.4,4.700000000000004,28.399999999999963,29.399999999999988,28.599999999999973,TTWEAWDRAIAEYAARIEALIRALQEQQEKNEAILREL
7.200000000000003,3.2000000000000015,9.900000000000004,3.000000000000019,4.600000000000023,3.199999999999998,LEAIPCSIPPCVGFGKPFVF
0.7000000000000001,7.5000000000000036,1.9999999999999996,14.100000000000016,25.499999999999986,26.69999999999997,WEEWDKKIEEYTKKIEELIKKSQNQQLDL
-0.20000000000000082,17.600000000000005,2.9,27.59999999999996,50.59999999999999,47.99999999999997,TTWEEWDREINEYTSRIESLIRESQEQQEKNEQELREL
-1.8000000000000007,6.000000000000002,0.8999999999999997,15.200000000000033,28.59999999999999,31.99999999999998,WEEWDKKIEEYTKKIEELIKKSEEQQKKNEEELKK 
5.700000000000006,42.3,7.4000000000000075,22.699999999999967,20.89999999999999,18.3,SGIVQQLNNQLRAEEANQHLEQLSVWGSKQNQARRLK
2.599999999999999,19.799999999999997,3.5000000000000018,27.79999999999994,45.60000000000001,43.79999999999998,WQQWERQVRFLDANITKLLEEAQIQQEKNMYELQELDKNASLWNWF
3.3999999999999972,22.599999999999987,3.500000000000002,22.799999999999958,65.20000000000006,64.80000000000013,AAWMEWDREINNYTSLIHSLIEESQNQQEKNEQELL
1.399999999999999,16.799999999999997,7.5000000000000036,20.999999999999964,59.0,69.20000000000003,LIHSLIEESQNQQEKNEQELLELDKWASLWNWFNIT
-1.9000000000000004,5.9,3.3999999999999995,8.100000000000012,13.700000000000012,16.700000000000014,MTWEEWDKKIEEYTKKIEELIKK
-2.500000000000001,4.9,1.5999999999999992,11.500000000000016,21.699999999999985,22.89999999999997,WEEWDKKIEEYTKKIEELIKKSEEQQKKN
1.0999999999999996,2.299999999999998,2.7999999999999985,1.4999999999999996,5.699999999999998,4.700000000000002,IRKAHCNISRADWND
0.9999999999999997,21.4,4.700000000000003,25.199999999999953,58.399999999999984,62.400000000000006,WMEWDREINNYTSLIHSLIEEAQNQQEKNEQELL
4.200000000000001,1.3999999999999972,5.500000000000002,0.7999999999999944,6.000000000000025,6.000000000000001,LEAIPCSIPPCFAFNKPFVF
-6.38378239159465e-16,16.400000000000006,1.2999999999999998,23.399999999999963,58.79999999999999,60.59999999999997,WTEWDREINNYTSQIHSLIEESQNQQEKNEQELNEL
1.399999999999999,19.999999999999986,6.299999999999997,20.59999999999997,63.0,66.20000000000005,YTSLIHSLIEESQNQQEKNEQELLELDKWASLWNSF
2.599999999999998,19.39999999999999,5.700000000000001,20.999999999999968,52.39999999999999,69.20000000000002,SLIEESQNQQEKNEQELLELDKWASLWNWFNITNWL
1.2999999999999998,10.100000000000005,2.1999999999999997,7.500000000000018,17.299999999999994,16.90000000000001,EMTWQEWEQKVEELEKKIEELLK
-0.6,10.4,4.300000000000001,16.60000000000002,24.399999999999984,22.599999999999966,EMTWEEWEKKIEEYIKKIEEILKKSQNQQIDL
5.200000000000004,21.799999999999997,4.700000000000004,29.19999999999996,27.19999999999999,26.399999999999977,TTWEAWDRAIAEYAARIEALIRALQELQEKNEAILREL
1.399999999999999,19.999999999999986,4.9,20.59999999999997,66.0,69.20000000000005,YTSLIHSLIEESQNQQEKNEQELLELDKWASLWNWF
-1.5,5.899999999999997,1.2000000000000002,10.100000000000003,15.10000000000001,15.900000000000013,EMTWEEWEKKIEEYTKKIEEILK
1.399999999999999,23.599999999999987,4.9,21.39999999999997,60.0,63.19999999999998,YTSLIQSLIEESQNQQEKNEQQLLELDKWASLWNWF
-2.500000000000001,7.100000000000003,4.199999999999999,11.900000000000016,20.69999999999998,24.09999999999997,WEEWDKKIEEYTKKIEELIKKSQNQQIDI
-2.400000000000001,9.4,2.899999999999999,12.000000000000018,20.59999999999998,20.999999999999964,MTWEEWDKKIEEYTKKIEELIKKSQNQQ
0.1999999999999987,20.599999999999994,3.7000000000000033,26.19999999999996,67.20000000000005,69.00000000000011,MTWMEWDREINNYTSLIHSLIEESQNQQEKNEQELLEL
-2.2000000000000006,5.6,1.8999999999999995,10.800000000000017,19.99999999999998,21.199999999999964,WEEWDKKIEEYTKKIEELIKKSQNQQ
3.2000000000000006,19.599999999999987,4.900000000000006,22.39999999999995,63.0,66.20000000000005,YTSLIHSLIEEAQNQQEKNEQELLELDKWASLWNWF
-1.8000000000000007,16.39999999999999,3.5000000000000013,24.59999999999996,62.19999999999998,60.39999999999997,NNMTWMEWDREINNYTSLIHSLIEESQNQQEKNEQE
0.5000000000000003,11.5,3.5999999999999996,7.300000000000017,12.500000000000002,14.300000000000006,MTWQEWEKQVRYLEANISKSL
1.7999999999999994,19.999999999999993,4.9,21.999999999999957,65.60000000000001,69.20000000000007,INNYTSLIHSLIEESQNQQEKNEQELLELDKWASLW
-1.0999999999999999,7.100000000000003,4.199999999999999,13.700000000000015,23.299999999999983,26.69999999999997,WEEWDKKIEEYTKKIEELIKKSQNQQLDI
0.5999999999999995,18.799999999999997,3.7000000000000033,22.999999999999957,61.399999999999984,65.40000000000012,WMEWDREINNYTSLIHSLIEESQNQQEKNEQELL
0.19999999999999926,15.600000000000012,4.100000000000005,20.199999999999996,33.59999999999998,31.39999999999997,MTWETWEREIENYTRQIYRILEESQEQQDRNERDLLE 
27.89999999999999,10.100000000000009,9.600000000000005,10.700000000000019,13.300000000000022,0.8999999999999988,AVGIGAMFLGFLGAAGSTMGAAS
0.5999999999999995,18.799999999999997,3.7000000000000033,22.999999999999957,58.399999999999984,62.400000000000006,WMEWDREINNYTSLIHSLIEEPQNQQEKNEQELL
-1.6000000000000005,8.000000000000007,1.0999999999999996,14.400000000000022,36.39999999999999,38.59999999999997,WEEWDRKIEEYTKKIKKLIEESQEQQEKNEKELK
6.200000000000001,11.400000000000015,9.700000000000005,21.59999999999991,10.000000000000025,2.7999999999999985,LVQPRGPRSGPGPWQGGRRKFRRQRPRLSHKGPMPF
3.1999999999999993,19.999999999999986,4.9,22.799999999999972,63.0,66.20000000000005,YTSLIHSLIEESQNQQEKNEQELLELDKWASLWNAF
1.399999999999999,19.599999999999987,4.9,20.59999999999997,63.0,66.20000000000005,YTSLIHSLIEEIQNQQEKNEQELLELDKWASLWNWF
2.5999999999999996,15.400000000000006,5.300000000000001,18.79999999999994,39.19999999999998,61.8,QNQQEKNEQELLELDKWASLWNWFNITNWLWLIKIF
1.3999999999999986,20.399999999999984,4.900000000000001,18.79999999999996,63.4,69.20000000000005,TSLIHSLIEESQNQQEKNEQELLELDKWASLWNWFN
4.8000000000000025,49.59999999999998,9.700000000000001,17.000000000000014,22.19999999999999,15.200000000000008,QARQLLSQIVQQQNNLLRAIEAQQHLLQ
0.40000000000000013,18.999999999999996,4.3000000000000025,18.000000000000007,25.599999999999973,23.999999999999968,MTWQEWEKQVRYLEANISKSLEQAQIQQEKNMYELQ
-1.6000000000000005,9.800000000000008,1.8999999999999986,14.400000000000022,37.19999999999999,41.599999999999966,WMEWDRKIEEYTKKIKKLIEESQEQQEKNEKELK
-1.942890293094024e-16,16.400000000000006,1.6999999999999997,25.19999999999996,55.79999999999999,57.59999999999997,WTEWDREINNYTSQIHSLIEELQNQQEKNEQELNEL
2.2999999999999994,18.299999999999997,4.600000000000006,22.899999999999956,60.499999999999986,64.50000000000011,WMEWDREINNYTSLIGSLIEESQNQQEKNEQELLE
-6.38378239159465e-16,14.600000000000005,3.0999999999999988,21.999999999999964,55.79999999999999,57.59999999999997,WTEWDREINNYTSQIHSLIEESQNIQEKNEQELNEL
1.399999999999999,19.599999999999987,4.9,20.199999999999957,63.0,66.20000000000005,YTSLIHSLIEEPQNQQEKNEQELLELDKWASLWNWF
0.40000000000000024,16.19999999999997,3.5000000000000053,21.199999999999992,34.99999999999998,31.99999999999997,SWETWEREIENYTRQIYRILEESQEQQDRNERDLLE
-1.800000000000001,14.600000000000005,7.100000000000001,18.399999999999924,60.39999999999997,44.99999999999996,KSLEQIWNNMTWMEWDREINNYTSLIHSLIEESQNQ
-5.551115123125783e-16,20.4,3.500000000000003,24.599999999999962,65.60000000000005,67.00000000000011,TWMEWDREINNYTSLIHSLIEESQNQQEKNEQELLE
0.8000000000000005,18.6,5.300000000000003,26.79999999999996,62.59999999999999,66.60000000000011,WMEWDREINNYTSLIHSLIEESQNQQEKNEQILLEL
0.5999999999999998,15.600000000000007,2.699999999999998,16.000000000000014,22.399999999999977,24.199999999999967,WQEWEQQVRYLEANISQRLEQAQIQQEKNMYELQ
-3.885780586188048e-16,18.599999999999998,3.9000000000000052,24.59999999999996,65.60000000000005,69.2000000000001,MEWDREINNYTSLIHSLIEESQNQQEKNEQELLELD
-0.7000000000000001,9.299999999999999,3.7999999999999994,14.500000000000016,22.899999999999984,24.09999999999997,WEEWDKKIEEYTKKIEELIKKSQNQQIDL
0.40000000000000013,8.600000000000001,3.500000000000001,13.400000000000025,36.19999999999997,28.199999999999953,VEWNEMTWMEWEREIENYTKLIYKILEESQEQ
5.0000000000000036,3.2000000000000086,7.700000000000005,3.000000000000018,7.800000000000024,7.200000000000003,LEAIPCSIPPCVLFNKPFVF
