sequence,length,provide,status_filter,formula,molecular_weigth,charge,charge_density,isoelectric,inestability,aromaticity,aliphatic_index,hydrophobic_ratio,hydrophobicity_profile,hydrophobic_profile
IKKTYEEIKKTYEEIKKTYEEIKKTYEEIERDWEMV,36,DB_HIV,0,C211 H333 N49 O66 S1,4644.27,-0.994,-0.00021402717757580846,4.774658203125,61.73888888888889,0.1388888888888889,62.22222222222222,0.19444444444444445,-6.705863658032617e-05,0.002594271859815503
WVPAFCQAVGWGDPITHWSH,20,DB_HIV,0,C109 H145 N29 O25 S1,2293.57,0.126,5.49361911779453e-05,6.037109375,16.045,0.2,58.5,0.35,-0.02632025117739404,0.004512102682536826
EMTWEEWEKKVEELEKKIEELLK,23,DB_JAH,0,C135 H215 N31 O42 S1,2976.41,-2.993,-0.0010055738288743822,4.24853515625,45.79565217391304,0.08695652173913043,80.43478260869564,0.2608695652173913,-0.002577030812324933,0.02163420911279248
YTSLIHSLIEEKQNQQEKNEQELLELDKWASLWNWF,36,DB_HIV,0,C205 H306 N52 O62,4490.950000000001,-2.898,-0.0006452977655061846,4.217041015625,58.51666666666666,0.1388888888888889,89.44444444444443,0.2777777777777778,0.00679008422056253,0.0034995696312291667
LLLGTEVSEALGGAGLTGG,19,DB_HIV,0,C74 H128 N20 O26,1713.94,-1.001,-0.0005840344469468008,2.984375,29.33157894736842,0.0,128.42105263157893,0.42105263157894735,0.02482731554160127,-0.02120634816334283
CSSHFPYSQYQFWK,14,DB_HIV,0,C86 H111 N21 O21 S1,1807.01,2.025,0.001120635746343407,8.654296875,32.37857142857144,0.35714285714285715,0.0,0.21428571428571427,-0.027159863945578226,0.012981385693132891
DREINNYTSLIHSLIEESQNQQEKNEQELLELDKWA,36,DB_HIV,0,C187 H295 N53 O67,4357.68,-4.896,-0.0011235336233959353,3.9560546875,58.78055555555554,0.05555555555555555,89.44444444444443,0.25,-0.013642777689496264,-0.008324285774584298
ESVKITCARPYQNTRQRTPIGLGQSLYTTRSRSIIGQAHCNIS,43,DB_HIV,0,C203 H340 N68 O63 S2,4805.4400000000005,5.959,0.0012400529400013317,10.56396484375,59.9906976744186,0.046511627906976744,74.88372093023256,0.27906976744186046,0.011204362256993838,0.0005875749512171869
WQEWEQKITALLEQAQIQQEKNEYELQKLDKWASLWEWF,39,DB_JAH,0,C233 H339 N57 O66,4994.55,-2.995,-0.0005996536224484689,4.100341796875,28.84102564102564,0.1794871794871795,77.6923076923077,0.28205128205128205,0.0015259740259740272,0.003582895834069167
IVHVTAKDKGTGKENTIRIQEGSGLSKEDIDRMIKDAEAH,40,DB_HIV,0,C185 H314 N58 O63 S1,4390.910000000001,0.2,4.554864481394517e-05,6.0927734375,-3.7300000000000018,0.0,80.5,0.3,-0.0006443304594565093,0.016685940638977496
IKKEIEAIKKEQEAIKKKIEAIEKEIEAQQHLLQLTVWGIKQLQARIL,48,DB_JAH,0,C257 H442 N70 O71,5648.71,3.104,0.0005495059934038037,9.87255859375,76.21875000000001,0.020833333333333332,130.20833333333334,0.4166666666666667,0.014887425191290356,-0.005478450499661025
WDRGNVTLLCDCPNGPWVWV,20,DB_HIV,0,C106 H153 N29 O27 S2,2329.67,-0.138,-5.923585743903643e-05,3.732421875,-5.190000000000001,0.15,82.5,0.35,0.028929356357927774,-0.014829723858152098
CDGGIKKEIEAIKKEQEAIKKKIEAIEKLLQLTVWGIKQLQARIL,45,DB_HIV,0,C233 H405 N63 O64 S1,5145.18,3.935,0.0007647934571773971,9.878662109375,65.55777777777777,0.022222222222222223,128.0,0.4222222222222222,0.014637073452862928,-0.0032931231069113337
YTSLIHSLIEESQNQQEKNEQELLELDKPASLWNWF,36,DB_HIV,0,C196 H296 N50 O63,4360.76,-3.898,-0.0008938808831488089,3.96337890625,70.08055555555555,0.1111111111111111,89.44444444444443,0.2777777777777778,-0.0002510726203718396,-0.0007411085990643225
WMEWDREINNYTSLIHSLIEELQNIQEKNEQELLEL,36,DB_JAH,0,C199 H308 N52 O65 S1,4500.96,-5.895,-0.0013097205929401726,3.798828125,75.02222222222223,0.08333333333333333,108.33333333333331,0.3055555555555556,-0.007419037025266166,-0.010242725127787313
LEAIPMSIPPEVKFNKAFVF,20,DB_HIV,0,C110 H170 N24 O26 S1,2276.75,0.998,0.00043834413088832765,6.875,53.53999999999999,0.15,97.5,0.55,-0.039868131868131866,0.013897630440734967
KKCCYHCQ,8,DB_HIV,0,C41 H66 N14 O10 S3,1011.25,2.891,0.0028588380716934488,8.36962890625,14.75,0.125,0.0,0.375,0.09285714285714283,-0.06974855120882834
RMKQIEDKIEEIESKQKKIENEIARIKKLIGERY,34,DB_HIV,0,C183 H318 N54 O55 S1,4186.89,3.004,0.0007174776504756513,9.83447265625,90.63235294117645,0.029411764705882353,94.70588235294116,0.29411764705882354,0.009148877941981392,0.0032742221944024887
LEAIPMSIPPEVFFNKPFVF,20,DB_HIV,0,C115 H169 N23 O26 S1,2321.79,-0.002,-8.61404347507742e-07,4.158203125,60.83999999999999,0.2,92.5,0.55,-0.016477237048665615,0.007342642441468704
YTSLIHSLIEEEQNQQEKNEQELLELDKWASLWNWF,36,DB_HIV,0,C204 H301 N51 O64,4491.89,-4.896,-0.001089964357987395,3.872802734375,66.35555555555555,0.1388888888888889,89.44444444444443,0.2777777777777778,0.004592086445256635,0.0026619313020046194
YTSLIHSLIEEFQNQQEKNEQELLELDKWASLWNWF,36,DB_HIV,0,C208 H303 N51 O62,4509.950000000001,-3.898,-0.0008643111342697812,3.96337890625,51.949999999999996,0.16666666666666666,89.44444444444443,0.3055555555555556,-0.0010185920864452514,-0.002423893243339152
PEVFLM,6,DB_HIV,0,C35 H55 N7 O8 S1,733.92,-0.003,-4.087638979725311e-06,3.150390625,37.3,0.16666666666666666,113.33333333333331,0.6666666666666666,0,0
LEAIPMSIPPEVKFAKPFVF,20,DB_HIV,0,C111 H171 N23 O25 S1,2259.7599999999998,0.998,0.0004416398201578929,6.875,47.559999999999995,0.15,97.5,0.55,-0.02504866562009419,0.023174011583330992
YTSLIHSLIEESQNQQEKNQQELLQLDKWASLWNWF,36,DB_HIV,0,C202 H301 N53 O61,4447.89,-1.9,-0.0004271688373588375,4.2451171875,69.6111111111111,0.1388888888888889,89.44444444444443,0.2777777777777778,0.0025809629747338375,0.001534195056048644
IHVQGHLQEVDAGNFIPP,18,DB_HIV,0,C89 H136 N26 O25,1970.2,-0.805,-0.0004085879606131357,5.009765625,32.794444444444444,0.05555555555555555,102.77777777777777,0.3888888888888889,0.026288711288711283,0.012906189518787452
GLFPKFNKKKVKTGIFDIIKTVGKEAGMDVLRTGIDVIGCKIKGEC,46,DB_HIV,0,C226 H382 N60 O60 S3,4996.030000000001,5.863,0.0011735317842366838,10.166259765625,12.971739130434777,0.06521739130434782,95.21739130434781,0.41304347826086957,0.012434870008040739,-0.0014280196598632387
QEWERKVDFLEENITALLEEAQIQQEKNMYELQKL,35,DB_HIV,0,C192 H304 N50 O62 S1,4336.85,-3.994,-0.0009209449254643347,4.00732421875,55.73714285714286,0.08571428571428572,92.0,0.34285714285714286,-0.003774806474313867,-0.008808815620331388
TTWEAWDRAIAEYAARIEALIRAAQEQQEKNEAILREL,38,DB_HIV,0,C196 H312 N58 O61,4456.9400000000005,-1.995,-0.00044761652613676644,4.326416015625,52.00263157894736,0.07894736842105263,95.52631578947367,0.42105263157894735,-0.016477534562211984,-0.009393725709488782
PLNNCLLLGTEVSEALGGAG,20,DB_HIV,0,C82 H139 N23 O28 S1,1927.19,-1.069,-0.0005546936212828003,2.984375,34.63000000000001,0.0,122.0,0.45,-0.00886028257456829,0.014716965424585426
YTSLIHSLIEESQNQQEKNEQELLQLDKWASLWNWF,36,DB_HIV,0,C202 H300 N52 O62,4448.870000000001,-2.899,-0.0006516261432678409,4.080322265625,71.70555555555553,0.1388888888888889,89.44444444444443,0.2777777777777778,0.0026543778801843333,0.0015883794042254465
YTSLIHSLIEESQNLQEKNEQELLELDKWASLWNWF,36,DB_HIV,0,C203 H302 N50 O62,4434.89,-3.898,-0.0008789395001905345,3.96337890625,68.44999999999999,0.1388888888888889,100.27777777777777,0.3055555555555556,-6.41983155887448e-05,-0.0003103670381629943
WMEWDREINNYTSLIHSLIEESQNQQEKNEQELLELDKWASLWNWFNITNWLWYIK,56,DB_HIV,0,C330 H475 N83 O95 S1,7156.89,-4.895,-0.0006839562994540924,4.0657958984375,55.71071428571427,0.17857142857142858,85.35714285714288,0.26785714285714285,0.01314313153832962,-0.0030415535108060015
WQTWERQVDNITQTISKALEEAQIQNEKNMYELQKLNQWDIFSNWF,46,DB_JAH,0,C259 H385 N69 O78 S1,5745.330000000001,-1.998,-0.00034776070304055634,4.1611328125,25.652173913043477,0.15217391304347827,70.0,0.2826086956521739,0.007420396676494237,-0.009041429890026495
SGIDQEQNNLTRLIEAQIHELQLTQWKIKQLLARIL,36,DB_JAH,0,C189 H318 N56 O55,4254.910000000001,1.099,0.0002582898345675936,7.6953125,47.858333333333334,0.027777777777777776,135.55555555555554,0.3888888888888889,0.014249165739710787,-0.0006269824974647289
FFIILLTIDRYLAVV,15,DB_HIV,0,C90 H143 N19 O19,1795.22,0.996,0.0005548066532235603,6.5,12.120000000000001,0.2,201.33333333333331,0.7333333333333333,-0.13778571428571423,0.0582598119173874
PFVYLI,6,DB_HIV,0,C40 H59 N7 O7,749.9499999999999,0.995,0.0013267551170078006,6.0,27.86666666666667,0.3333333333333333,178.3333333333333,0.6666666666666666,0,0
YGGIKKEIEAIKKEQEAIKKKIEAIEKEIEA,31,DB_HIV,0,C160 H275 N41 O49,3557.16,1.005,0.00028252875889754744,7.125,78.77419354838709,0.03225806451612903,100.96774193548386,0.3548387096774194,0.002495604395604395,0.0022598422640093515
IHSLIEESQNQQEKNEQELLELDKWASLWNWFNITN,36,DB_HIV,0,C198 H297 N53 O63,4427.81,-3.897,-0.0008801190656328974,3.96337890625,73.03888888888889,0.1111111111111111,89.44444444444443,0.2777777777777778,0.03138471317336723,0.006155676749189099
VDFLEENITALLEEAQIQQEKNMYELQKLNSWDVF,35,DB_HIV,0,C190 H292 N46 O61 S1,4228.700000000001,-4.996,-0.0011814505640031215,3.5546875,56.95428571428571,0.11428571428571428,100.28571428571429,0.4,-0.016109078114004218,-0.0008534350275209103
NMTWMEWDREINNYTSLIHSLIEESQNQQEKNEQEL,36,DB_HIV,0,C191 H292 N54 O67 S2,4480.830000000001,-4.896,-0.001092654709060598,3.872802734375,62.74166666666666,0.08333333333333333,64.99999999999999,0.2222222222222222,-0.02314984903861433,-0.012563572075557524
WMEWDREIEELAKKAEELAKKAEELAKKAEELAKKA,36,DB_HIV,0,C189 H310 N50 O58 S1,4242.860000000001,-0.991,-0.0002335688662835917,4.774658203125,63.80833333333333,0.05555555555555555,76.38888888888889,0.3888888888888889,0.0014095026219609098,-0.00347769070236988
LNNCLLLGTEVSEALGGAGLTGG,23,DB_HIV,0,C91 H156 N26 O32 S1,2158.44,-1.069,-0.0004952650988677008,2.984375,33.09130434782609,0.0,123.04347826086955,0.43478260869565216,0.00857843137254902,-0.0028632829290630804
EINNYTSLIHSLIEESQNQQEKNEQELLELDKWASL,36,DB_HIV,0,C186 H294 N50 O66,4286.64,-4.896,-0.001142153294888304,3.872802734375,60.874999999999986,0.05555555555555555,100.27777777777776,0.2777777777777778,-0.015427935801684408,-0.001512384518982809
MTWCDWRDEIERYTKKIEELIRAAQEWQEKNEAALKEL,38,DB_JAH,0,C210 H328 N58 O64 S2,4753.34,-2.061,-0.0004335898547126862,4.446533203125,44.360526315789464,0.10526315789473684,72.10526315789473,0.3157894736842105,0.008110860913280268,-0.008917802216570927
LLGTEVSEALGGAGLTGG,18,DB_HIV,0,C68 H117 N19 O25,1600.78,-1.001,-0.0006253201564237434,2.984375,30.40555555555556,0.0,113.88888888888889,0.3888888888888889,0.04034465534465536,-0.03123332935145701
RFPFHRCGAGPKLTKDLE,18,DB_HIV,0,C93 H147 N29 O23 S1,2071.42,3.029,0.001462281912890674,9.8486328125,21.41111111111111,0.1111111111111111,48.888888888888886,0.3333333333333333,-0.012947052947052945,0.02286599372136903
KKISEEQKKIQEEIKKILEESKKILEEIERDWEMW,35,DB_JAH,0,C199 H329 N51 O61 S1,4444.13,-0.991,-0.00022299077659744426,4.774658203125,91.41999999999999,0.05714285714285714,89.14285714285714,0.2571428571428571,0.011656579873328637,0.009603309629341143
RMKQIEDKIEEIESKIKKIENEIARIKKLLQLTVWGIKQLQARIL,45,DB_JAH,0,C244 H427 N69 O66 S1,5415.51,5.003,0.0009238280420495946,10.450927734375,83.19111111111108,0.022222222222222223,132.22222222222223,0.4,0.016456622325043378,-0.005292708324770518
RVWDRGNVTLLCDCPNGPWV,20,DB_HIV,0,C101 H155 N31 O27 S2,2299.64,0.862,0.0003748412795046181,5.921875,-0.9450000000000007,0.1,82.5,0.35,0.03829199372056515,-0.024206148386240214
EVSEALGGAGLTGGFYEP,18,DB_HIV,0,C78 H117 N19 O27,1752.8899999999999,-2.001,-0.0011415433940521083,2.88671875,49.044999999999995,0.1111111111111111,70.55555555555554,0.3333333333333333,0.006438561438561433,-0.012775236083166639
VQQQNNLLRAIEAQQHLLQLTVWGIKQL,28,DB_HIV,0,C147 H245 N45 O40,3282.81,2.096,0.0006384774019818388,10.013671875,63.16785714285712,0.03571428571428571,139.28571428571428,0.42857142857142855,0.039760425909494246,-0.018339512110850463
TTWEAWDRAIAEYAARIEALLRALQEQQEKNEAALREL,38,DB_JAH,0,C196 H312 N58 O61,4456.9400000000005,-1.995,-0.00044761652613676644,4.326416015625,60.581578947368406,0.07894736842105263,95.52631578947367,0.42105263157894735,-0.01860782362798492,-0.010864001160925793
YTSLIHSLIQQSQNQQQKNQQQLLQLDKWASLWNWF,36,DB_HIV,0,C202 H305 N57 O57,4443.950000000001,2.094,0.0004712024212693661,9.583984375,60.55555555555555,0.1388888888888889,89.44444444444443,0.2777777777777778,0.0032661687589385082,0.0010811951792163814
TTWEAWDRAIAEYAARIEALIRAAQEQQEKLEAALREL,38,DB_HIV,0,C195 H311 N57 O60,4413.910000000001,-1.995,-0.00045198021708643807,4.326416015625,44.699999999999996,0.07894736842105263,98.1578947368421,0.4473684210526316,-0.011309436531210722,-0.006741299500907904
TTWEAWDRAIAEYAARIEALIRALQELQEKLEAILREL,38,DB_HIV,0,C202 H326 N56 O59,4483.1,-1.995,-0.0004450045727286922,4.326416015625,56.78947368421052,0.07894736842105263,123.68421052631578,0.47368421052631576,-0.002399455383326351,0.0002585247639461829
TDVILMCFSIDSPDSLENI,19,DB_HIV,0,C91 H147 N21 O32 S2,2111.4,-3.069,-0.0014535379369138958,2.619140625,82.16842105263157,0.05263157894736842,117.89473684210525,0.47368421052631576,-0.08543956043956046,0.020875022125623494
ESQNQQEKNEQELLELDKWASLWNWFNITNWLWLIK,36,DB_HIV,0,C212 H310 N54 O60,4575.070000000001,-1.997,-0.00043649605361229443,4.08349609375,56.54444444444446,0.16666666666666666,89.44444444444443,0.2777777777777778,0.052475766724932454,0.008975040052119363
MTWEEWDKKIEEYTKKIEELIK,22,DB_JAH,0,C132 H206 N30 O39 S1,2869.3,-0.997,-0.00034747150873035235,4.4990234375,59.67727272727271,0.13636363636363635,70.9090909090909,0.22727272727272727,0.009289915966386557,0.0186583321679425
RGNVTLLCDCPNGPWVWVPA,20,DB_HIV,0,C99 H150 N28 O25 S2,2196.56,0.861,0.000391976545143315,5.78125,17.840000000000003,0.1,87.5,0.4,0.02516483516483516,-0.02270102857589832
LSSGRPDGFIHVQGHLQEVD,20,DB_HIV,0,C95 H148 N30 O30,2190.39,-0.804,-0.0003670579211921165,5.068359375,49.57500000000001,0.05,87.5,0.3,0.024003139717425435,0.007802303521144312
LVRRRSELMGRRNPVCPG,18,DB_HIV,0,C86 H155 N35 O22 S2,2095.5099999999998,4.93,0.0023526492357469064,11.925048828125,166.67777777777778,0.0,75.55555555555554,0.3333333333333333,0.04789710289710291,-0.008080834714907068
KIEEIESKIKKIENEIARIKKLLQLTVWGIKQLQARIL,38,DB_JAH,0,C207 H363 N57 O54,4514.46,5.001,0.0011077736872184048,10.54736328125,76.05526315789471,0.02631578947368421,146.3157894736842,0.42105263157894735,0.01717611018014244,-0.00780895191570744
TTWEAWDRAIAEYAARIEALIRAAQELQEKNEAALREL,38,DB_HIV,0,C194 H309 N57 O60,4399.88,-1.995,-0.0004534214569488259,4.326416015625,45.37631578947368,0.07894736842105263,98.1578947368421,0.4473684210526316,-0.013873586091328029,-0.008990877997656117
WERKVDFLEENITALLEEAQIQQEKNMYELQKLNS,35,DB_HIV,0,C189 H300 N50 O61 S1,4280.780000000001,-2.995,-0.0006996388508636275,4.100341796875,54.52857142857143,0.08571428571428572,92.0,0.34285714285714286,-0.012865587614356088,-0.0031735839254385073
LEAIPASIPPEVKFNKPFVF,20,DB_HIV,0,C110 H168 N24 O26,2242.67,0.998,0.0004450052838803747,6.875,50.83,0.15,97.5,0.5,-0.045846153846153835,0.012612115531581947
TTWEAWDRAIAEYAARIEALIRAAQEQQEKNEAALREL,38,DB_JAH,0,C193 H306 N58 O61,4414.860000000001,-1.995,-0.00045188295891602446,4.326416015625,46.93421052631579,0.07894736842105263,87.89473684210526,0.42105263157894735,-0.019234656472559696,-0.01152698448113353
YTSLIHSLIQESQNQQEKNEQELLELDKWASLWNWF,36,DB_HIV,0,C202 H300 N52 O62,4448.870000000001,-2.899,-0.0006516261432678409,4.080322265625,46.73888888888889,0.1388888888888889,89.44444444444443,0.2777777777777778,0.003388526934689333,0.001054922536067229
FVFLM,5,DB_HIV,0,C34 H50 N6 O5 S1,654.87,0.996,0.001520912547528517,6.0,8.0,0.4,136.0,1.0,0,0
KKISEEQKKIQEEIKKILEESKKILEEIKKDWEEW,35,DB_JAH,0,C200 H332 N50 O61,4413.09,0.008,1.8127887715863487e-06,5.123046875,81.46,0.05714285714285714,89.14285714285714,0.22857142857142856,0.00977199155524279,0.006373233081242134
SDRDTVVELSEWGVPCAT,18,DB_HIV,0,C83 H131 N23 O30 S1,1963.1399999999999,-2.068,-0.0010534144279063134,3.453125,0.005555555555557905,0.05555555555555555,75.55555555555554,0.3333333333333333,0.06924075924075923,-0.006459409278381033
YTSLIHSLIEEGQNQQEKNEQELLELDKWASLWNWF,36,DB_HIV,0,C201 H297 N51 O62,4419.830000000001,-3.898,-0.0008819343730414969,3.96337890625,51.949999999999996,0.1388888888888889,89.44444444444443,0.2777777777777778,0.0010637215954234936,-0.00040887499671167493
AVGIGALFLGFLGAAGSTMGARSAMTLTVQRQL,33,DB_HIV,0,C144 H242 N42 O40 S2,3265.86,2.996,0.0009173693912170147,12.1015625,15.112121212121211,0.06060606060606061,106.66666666666669,0.5454545454545454,-0.04757195185766615,0.012951219728707586
YTSLIHSLIEENQNQQEKNEQELLELDKWASLWNWF,36,DB_HIV,0,C203 H300 N52 O63,4476.88,-3.898,-0.0008706956630510534,3.96337890625,49.855555555555554,0.1388888888888889,89.44444444444443,0.2777777777777778,0.004707770538693791,0.002717817805687511
WEEMDREINNYTKLIHELIEESQNQQEKNEQELL,34,DB_JAH,0,C183 H287 N51 O65 S1,4273.620000000001,-5.893,-0.0013789246587202415,3.93017578125,75.65882352941175,0.058823529411764705,80.29411764705881,0.23529411764705882,-0.015387051372273046,-0.023186500014849263
EINCTRPNNNTRKSIHIGPGRAFYTTGEIIGDIRQAHCNIS,41,DB_HIV,0,C193 H313 N65 O60 S2,4568.1,3.061,0.0006700816532037389,8.8759765625,58.06853658536585,0.04878048780487805,71.46341463414635,0.2926829268292683,0.021579031612645058,0.0029405105034948915
WMEWDREINNYTSLIHSLIEESQNQQEK,28,DB_HIV,0,C153 H231 N43 O51 S1,3520.81,-2.899,-0.0008233900721708925,4.080322265625,70.44999999999999,0.10714285714285714,69.64285714285712,0.21428571428571427,-0.001801242236024844,-0.02228987951141335
NHTTWMEWDREINNYTSLIHSLIEESQNQQEKNEQELLELDKW,43,DB_HIV,0,C234 H353 N65 O79 S1,5372.780000000001,-5.795,-0.0010785850155785271,4.06396484375,51.09767441860464,0.09302325581395349,72.55813953488371,0.20930232558139536,-0.008647293910451805,-0.006567072954192367
GIFPKIIGKGIVNGIKSLAKGVGMKVFKAGLNNIGNTGCNNRDEC,45,DB_HIV,0,C203 H343 N61 O57 S3,4646.490000000001,5.861,0.0012613822476751266,10.394775390625,0.4933333333333283,0.044444444444444446,93.11111111111111,0.4,-0.02029872758820128,-0.010503916601726553
QHLLQLTVWGIKQLQARILAVERYLKDQ,28,DB_HIV,0,C154 H255 N45 O39,3360.96,3.095,0.0009208678472817291,10.224609375,32.75714285714286,0.07142857142857142,139.28571428571428,0.42857142857142855,-0.03914253448414939,0.021247732637624583
WQEWERKVDFLEENITALLEEAQIQQEKNMYELQK,35,DB_HIV,0,C197 H303 N51 O62 S1,4409.900000000001,-3.994,-0.0009056894714165853,4.00732421875,58.16285714285715,0.11428571428571428,80.85714285714285,0.3142857142857143,-0.0010035186488388458,-0.011705702761328887
IKKTYEEIKKTYEEIKKTYEEIKKTYEEIKKTYEE,35,DB_HIV,0,C205 H328 N46 O65,4477.080000000001,1.004,0.00022425330795965224,7.0625,55.39714285714285,0.14285714285714285,55.71428571428571,0.14285714285714285,4.375263151232144e-19,-3.6632193749081575e-05
KVDFLEENITALLEEAQIQQEKNMYELQKLNSWDV,35,DB_HIV,0,C187 H295 N47 O61 S1,4209.700000000001,-3.996,-0.0009492362876214455,3.81591796875,54.52857142857143,0.08571428571428572,100.28571428571429,0.37142857142857144,-0.01909429978888107,-0.0005342609663298607
KKGACEARHREWAWLCAA,18,DB_HIV,0,C91 H141 N31 O22 S2,2085.42,2.962,0.0014203373900701058,8.9130859375,25.27777777777778,0.1111111111111111,49.44444444444444,0.4444444444444444,0.08592407592407592,-0.013949535617418548
PFVFLM,6,DB_HIV,0,C39 H57 N7 O6 S1,751.98,0.996,0.0013245033112582781,6.0,40.43333333333334,0.3333333333333333,113.33333333333331,0.8333333333333334,0,0
WMEWDREINNYTSLIHSLIEETQNQQEKNEQELL,34,DB_HIV,0,C185 H283 N51 O63 S1,4261.610000000001,-4.896,-0.0011488615804824936,3.872802734375,57.564705882352925,0.08823529411764706,80.29411764705881,0.23529411764705882,-0.021914926890296345,-0.018521886518899813
WTEWDREINNYTSQIHSLIEESQNQQEKLEQELNEL,36,DB_JAH,0,C193 H294 N54 O69,4474.740000000001,-5.895,-0.0013173949771383363,3.798828125,65.30555555555554,0.08333333333333333,75.83333333333333,0.19444444444444445,-0.006843794692515491,-0.009828311925708837
NQQEKNEQELLELDKWASLWNWFNITNWLWLIKIFI,36,DB_HIV,0,C220 H321 N53 O56,4604.240000000001,-0.999,-0.00021697391969141485,4.2509765625,43.486111111111114,0.19444444444444445,111.11111111111109,0.3611111111111111,0.04974098204354044,0.004711803739827987
WMEWDREIEEAAKKLEEAAKKLEEAAKKLWASLWNWF,37,DB_HIV,0,C213 H317 N53 O57 S1,4564.200000000001,-0.994,-0.00021778186757810786,4.657958984375,55.92972972972973,0.16216216216216217,71.62162162162161,0.3783783783783784,0.02427361751152074,-0.007817984944662487
SLIHSLIEESQNQQEKNEQELLELDKWASLWNWFNI,36,DB_HIV,0,C199 H300 N52 O62,4412.84,-3.897,-0.0008831047579336662,3.96337890625,77.21388888888889,0.1111111111111111,100.27777777777776,0.3055555555555556,0.016693786747179404,0.003731089412982323
KGACELLGWEWAWLCAA,17,DB_HIV,0,C89 H128 N22 O21 S2,1906.24,-0.137,-7.186922947792513e-05,4.158203125,22.105882352941176,0.17647058823529413,92.3529411764706,0.5294117647058824,0.029467532467532465,-0.03431283338208071
GCKKYRRFRWKFKGKFWFWG,20,DB_HIV,0,C135 H188 N38 O21 S1,2711.25,8.926,0.003292208390963578,11.53564453125,37.135000000000005,0.4,0.0,0.25,0.12475039246467817,-0.048506808843274365
NCLLLGTEVSEALGGAGLTGG,21,DB_HIV,0,C81 H139 N23 O29 S1,1931.18,-1.069,-0.000553547571950828,2.984375,35.2904761904762,0.0,116.19047619047618,0.42857142857142855,0.01271938775510204,-0.006958512237083622
LLQLTVWGIKQLQARIL,17,DB_JAH,0,C94 H162 N26 O21,1992.46,2.996,0.0015036688314947351,11.400390625,56.91176470588236,0.058823529411764705,183.52941176470588,0.5294117647058824,-0.09470129870129873,0.04518873483723006
YTSLIHSLIEERQNQQEKNEQELLELDKWASLWNWF,36,DB_HIV,0,C205 H306 N54 O62,4518.97,-2.898,-0.0006412965786451337,4.217041015625,57.3,0.1388888888888889,89.44444444444443,0.2777777777777778,0.009682186556491341,0.003981000875113764
TRQARRNRRRWRERQRAAAAC,21,DB_HIV,0,C106 H187 N53 O27 S1,2668.02,8.93,0.0033470513714289997,12.4012451171875,163.77142857142857,0.047619047619047616,23.809523809523807,0.2857142857142857,0.08677551020408164,-0.0393035681714337
EESQNQQEKNEQELLELDKWASLWNWFNITNWLWLI,36,DB_HIV,0,C211 H305 N53 O62,4576.01,-3.996,-0.0008732498399260491,3.6884765625,67.95833333333334,0.16666666666666666,89.44444444444443,0.2777777777777778,0.05386111552518671,0.010366015139446669
CLLLGTEVSEALGGAGLTGG,20,DB_HIV,0,C77 H133 N21 O27 S1,1817.08,-1.069,-0.0005883065137473308,2.984375,37.995000000000005,0.0,122.0,0.45,0.017670329670329672,-0.012683718948766066
EWDREINNYTSLIHSLIEESQNQQEKNEQELLELDKWASLW,41,DB_HIV,0,C223 H338 N60 O75,5059.450000000001,-5.894,-0.0011649487592524878,3.88427734375,54.941463414634136,0.0975609756097561,88.04878048780486,0.24390243902439024,-0.0024573829531812723,-0.006631550754248918
SGIVQQQNNLLRAIEAQQHLLQLTVWGIKQLQAR,34,DB_HIV,0,C172 H289 N55 O48,3895.49,3.096,0.0007947652285078386,11.2216796875,58.37941176470588,0.029411764705882353,129.11764705882354,0.4117647058823529,0.018994839315036365,-0.004814177025804002
WEEWDKKIEEYTKKIEELIKKSEEQQKKNEEELKK,35,DB_HIV,0,C201 H323 N51 O65,4494.040000000001,-0.991,-0.00022051428113679448,4.822998046875,88.36857142857141,0.08571428571428572,55.71428571428571,0.14285714285714285,-0.019319493314567202,-0.01573463653864522
YTSLIHSLIEELQNQQEKNEQELLELDKWASLWNWF,36,DB_HIV,0,C205 H305 N51 O62,4475.9400000000005,-3.898,-0.000870878519372467,3.96337890625,61.00555555555555,0.1388888888888889,100.27777777777777,0.3055555555555556,-0.0007293818528523754,-0.0021424445070670787
YTSLIHSLIEESQNQQEKNEQQLLELDKWASLWNWF,36,DB_HIV,0,C202 H300 N52 O62,4448.870000000001,-2.899,-0.0006516261432678409,4.080322265625,62.64999999999999,0.1388888888888889,89.44444444444443,0.2777777777777778,0.0028012076910853352,0.0014632109688272955
GIGDPVTCLKSGAIA,15,DB_HIV,0,C60 H105 N17 O19 S1,1400.65,0.929,0.0006632634848106236,5.90625,12.373333333333335,0.0,110.66666666666666,0.4666666666666667,-0.006500000000000008,-0.02907047374765031
SGIDQEQNNLTRLIEAQIHELQLTQWKIKQLLARILK,37,DB_HIV,0,C195 H330 N58 O56,4383.080000000001,2.099,0.0004788869927083238,9.72265625,44.54054054054054,0.02702702702702703,131.8918918918919,0.3783783783783784,0.014605414746543779,0.0021521403301034245
YTSLIHSLIEEVQNQQEKNEQELLELDKWASLWNWF,36,DB_HIV,0,C204 H303 N51 O62,4461.910000000001,-3.898,-0.0008736169039716174,3.96337890625,51.949999999999996,0.1388888888888889,97.49999999999999,0.3055555555555556,-0.0007293818528523754,-0.0021424445070670787
AEAIPMSIPPEVKFNKPFVF,20,DB_HIV,0,C109 H166 N24 O26 S1,2260.71,0.998,0.0004414542334045499,6.875,59.39999999999999,0.15,78.0,0.5,-0.04418838304552589,0.013767910040799263
YTSLIHSLIEESQNQQEKLEQELLELDKWASLWNWF,36,DB_HIV,0,C204 H304 N50 O62,4448.910000000001,-3.898,-0.0008761696685255488,3.96337890625,60.29166666666666,0.1388888888888889,100.27777777777777,0.3055555555555556,0.0033907516287939,0.0014817037510705398
KIEEIESKQKKIENEIARIKKLLQLTVWGIKQLQARIL,38,DB_JAH,0,C206 H360 N58 O55,4529.4400000000005,5.001,0.0011041100003532445,10.54736328125,86.74473684210524,0.02631578947368421,136.05263157894734,0.39473684210526316,0.025836300795978213,-8.681639525031444e-05
WMEWDREINNYTSLIHSLIEELQNQQEKNEQELL,34,DB_HIV,0,C187 H287 N51 O62 S1,4273.660000000001,-4.896,-0.0011456222535250814,3.872802734375,69.37058823529411,0.08823529411764706,91.76470588235294,0.2647058823529412,-0.01908241457502541,-0.015811605106852193
RQLLSGIVQQQNNLLRAIEAQQHLLQK,27,DB_HIV,0,C136 H236 N46 O39,3139.63,3.096,0.0009861034580507895,11.2216796875,67.35555555555555,0.0,133.7037037037037,0.4074074074074074,-0.018972170686456395,-0.004482390454597362
LEAIPMSIPPEVKANKPFVF,20,DB_HIV,0,C106 H168 N24 O26 S1,2226.69,0.998,0.00044819889611935203,6.875,59.39999999999999,0.1,97.5,0.5,-0.05507064364207222,0.006120346884411783
ELTWEEWEKKIEEYTKKIEEILK,23,DB_JAH,0,C139 H217 N31 O42,2994.4,-1.995,-0.0006662436548223351,4.373291015625,79.2086956521739,0.13043478260869565,84.78260869565217,0.21739130434782608,-0.00256652661064426,0.023009759673276037
RMKQIEDKIEEIESKQKKIENEIARIKKLLQLTVWGIKQLQARIL,45,DB_HIV,0,C243 H424 N70 O67 S1,5430.4800000000005,5.003,0.0009212813600271062,10.450927734375,92.21777777777777,0.022222222222222223,123.55555555555556,0.37777777777777777,0.01964488143435512,-0.0024328191789601632
VWGIKQLQARILAVERYLKDQQLLGIWG,28,DB_HIV,0,C154 H249 N43 O37,3294.9,2.997,0.0009095875443867795,10.224609375,21.257142857142863,0.10714285714285714,139.28571428571428,0.42857142857142855,7.259820924417222e-06,-0.005941135947490743
WQEWEKQVRYLEANISKSLEQAQIQQEKNMYELQ,34,DB_JAH,0,C189 H292 N52 O59 S1,4268.740000000001,-0.998,-0.00023379264138832532,4.45263671875,57.72058823529413,0.11764705882352941,71.76470588235294,0.2647058823529412,-0.00102940026585347,-0.014415548055941148
LEAIPMSAPPEVKFNKPFVF,20,DB_HIV,0,C109 H166 N24 O26 S1,2260.71,0.998,0.0004414542334045499,6.875,70.47,0.15,78.0,0.5,-0.03757613814756671,0.01855658811138821
SGIVQQQNNLLRAIEAQQHLLQLTVWGIKQLQARIL,36,DB_JAH,0,C184 H311 N57 O50,4121.81,3.096,0.0007511263255705624,11.2216796875,61.041666666666664,0.027777777777777776,143.61111111111111,0.4444444444444444,0.012588908310821548,-0.002854725834100856
WMEWDREIEEYTKKIEEYTKKIEEYTKKIWASLWNWF,37,DB_JAH,0,C234 H335 N53 O63 S1,4930.56,-0.996,-0.0002020054517133956,4.657958984375,66.39729729729729,0.24324324324324326,55.405405405405396,0.21621621621621623,0.02579781105990784,-0.0070112893124426034
CGTCVRDCWPETGSVRFPFH,20,DB_HIV,0,C100 H146 N30 O27 S3,2296.62,0.894,0.0003892677064555739,6.8291015625,37.03,0.15,29.0,0.35,0.02479434850863422,-0.01875683549299319
CSCRANGSRIPTGERVWDRG,20,DB_HIV,0,C89 H147 N35 O28 S2,2219.47,2.863,0.0012899476001027273,8.9443359375,10.444999999999997,0.05,39.0,0.25,-0.004781789638932489,0.048373807105333066
NCCAPEDIGFCLEGGCLV,18,DB_HIV,0,C76 H120 N20 O25 S4,1842.15,-2.271,-0.001232798632033222,2.7841796875,67.15555555555557,0.05555555555555555,86.66666666666666,0.5555555555555556,0.04831668331668333,-0.00910489452431776
LEAIPMSIPPEVKFNAPFVF,20,DB_HIV,0,C109 H165 N23 O26 S1,2245.69,-0.002,-8.90594872845317e-07,4.158203125,60.96,0.15,97.5,0.55,-0.016194662480376765,-0.011245859430985513
MTWEEWDKKIEEYTKKIEELIKKSQNQQIDL ,32,DB_JAH,0,C176 H280 N44 O55 S1,3924.45,-0.997,-0.0002540483379836665,4.53955078125,55.248387096774174,0.0967741935483871,75.48387096774192,0.22580645161290322,-0.002635164835164833,-0.006129343937233698
CYHCQ,5,DB_HIV,0,C26 H37 N9 O7 S2,651.76,0.959,0.0014714005155271879,6.91796875,17.6,0.2,0.0,0.4,0,0
DCPNGPWVWVPAFCQAVGWG,20,DB_HIV,0,C103 H138 N26 O24 S2,2188.5,-0.139,-6.351382225268449e-05,2.9296875,13.915000000000003,0.2,53.5,0.4,0.01394348508634223,0.022332427401197688
WMEWDREIEEYTKKIEEYTKKIEEYTKKIEEYTKKI,36,DB_HIV,0,C217 H334 N50 O66 S1,4731.35,-0.994,-0.00021008802984349073,4.774658203125,81.55833333333332,0.16666666666666666,54.166666666666664,0.16666666666666666,0.0003343397425711105,-0.0023448586813004852
TTWEAWDRAIAEYAARIEALIRAAQELQEKLEAALREL,38,DB_HIV,0,C196 H314 N56 O59,4398.9400000000005,-1.995,-0.00045351834760192227,4.326416015625,43.14210526315789,0.07894736842105263,108.42105263157893,0.47368421052631576,-0.005948366149979053,-0.0024967354307855873
YTSLIHSLIEEYQNQQEKNEQELLELDKWASLWNWF,36,DB_HIV,0,C208 H303 N51 O63,4525.950000000001,-3.898,-0.0008612556479855056,3.96337890625,51.949999999999996,0.16666666666666666,89.44444444444443,0.2777777777777778,0.001699984109327827,0.0001998694270431932
WMEWDREI,8,DB_HIV,0,C53 H74 N14 O14 S1,1163.31,-1.001,-0.0008604757115472229,3.7060546875,34.2125,0.25,48.75,0.25,0.0842857142857143,0.09359394979658309
WDREINNYTSLIHSLIEESQNQQEKNEQELLELDKW,36,DB_HIV,0,C195 H300 N54 O67,4472.81,-4.896,-0.0010946139004339552,3.9560546875,62.95555555555554,0.08333333333333333,86.66666666666666,0.2222222222222222,-0.01356141744795805,-0.011048058088476772
LEAIPCSIPPCVAFNKPFVF,20,DB_HIV,0,C105 H159 N23 O24 S2,2191.67,0.862,0.00039330738660473517,5.984375,22.64,0.15,97.5,0.6,-0.015312401883830457,0.0014386957521659808
GSASCTIAALGSSDRDTV,18,DB_HIV,0,C67 H116 N22 O28 S1,1709.84,-0.071,-4.152435315585084e-05,3.732421875,43.82777777777778,0.0,76.1111111111111,0.3888888888888889,-0.10343156843156844,0.01410738886244538
QKEGLHYTCSSHFPYSQYQF,20,DB_HIV,0,C112 H153 N29 O32 S1,2449.67,1.125,0.00045924553103071023,7.232421875,43.38999999999999,0.25,19.5,0.2,0.00581789638932496,-0.01967803607972732
RKVDFLEENITALLEEAQIQQEKNMYELQKLNSWD,35,DB_HIV,0,C188 H298 N50 O61 S1,4266.76,-2.996,-0.0007021721399844378,4.04638671875,54.52857142857143,0.08571428571428572,92.0,0.34285714285714286,-0.017694581280788175,0.0001697849727451002
NNYTSLIHSLIEESQNQQEKNEQELLELDKWASLWN,36,DB_HIV,0,C190 H292 N52 O65,4344.68,-3.898,-0.0008971892061095408,3.96337890625,65.53055555555555,0.08333333333333333,89.44444444444443,0.25,-0.009568727157158747,0.00046169397547599187
HWSHGQNQWPLSCPQYVYGS,20,DB_HIV,0,C108 H145 N31 O29 S1,2373.58,1.124,0.00047354628872841876,7.234375,22.880000000000006,0.2,34.0,0.15,0.04070015698587127,-0.002243038351870336
EALAKAAEALAKAAEALAKAAEALAKAAWASLWNWF,36,DB_HIV,0,C174 H269 N45 O46,3727.28,1.001,0.0002685604515893627,7.03125,12.672222222222222,0.1111111111111111,101.38888888888889,0.6388888888888888,0.009447640235181949,-0.0075123322759191825
MTWQEWEQQVRYLEANISQRL,21,DB_JAH,0,C120 H183 N35 O35 S1,2708.02,-0.001,-3.6927349133315117e-07,4.4541015625,44.266666666666666,0.14285714285714285,74.28571428571428,0.2857142857142857,0.014596938775510203,-0.0010914425722489264
INNYTSLIGSLIEESQNQQEKNEQELLE,28,DB_HIV,0,C138 H224 N38 O53,3263.49,-3.997,-0.0012247624475638045,3.47412109375,72.52499999999999,0.03571428571428571,97.5,0.25,-0.06647011373719448,-0.010379682988341854
DTVVELSEWGVPCATCIL,18,DB_HIV,0,C85 H136 N20 O27 S2,1934.25,-2.136,-0.001104303993796045,2.7841796875,14.894444444444447,0.05555555555555555,118.88888888888886,0.5,0.028771228771228768,-0.018240947388149544
EFVFLM,6,DB_HIV,0,C39 H57 N7 O8 S1,783.98,-0.003,-3.826628230311998e-06,3.150390625,8.333333333333334,0.3333333333333333,113.33333333333331,0.8333333333333334,0,0
APEDIGFCLEGGCLVALG,18,DB_HIV,0,C77 H123 N19 O24 S2,1763.05,-2.136,-0.0012115368253878224,2.7841796875,68.75555555555557,0.05555555555555555,113.88888888888889,0.5555555555555556,0.033641358641358636,-0.013039362538528533
LEAIPMSIPPEAKFNKPFVF,20,DB_HIV,0,C110 H168 N24 O26 S1,2274.73,0.998,0.0004387333881383725,6.875,60.83999999999999,0.15,83.0,0.5,-0.04931240188383045,0.01574690157266314
YTSLIHSLIEESQNQQEKNEQELLEFDKWASLWNWF,36,DB_HIV,0,C205 H297 N51 O63,4483.870000000001,-3.898,-0.0008693383171233777,3.96337890625,66.07777777777777,0.16666666666666666,78.6111111111111,0.2777777777777778,0.0033062132528205897,0.001671379130032077
GNQGRGNPVRSPLGFGSYTM,20,DB_HIV,0,C89 H140 N30 O27 S1,2094.33,2.995,0.001430051615552468,10.98046875,40.88,0.1,34.0,0.2,0.09111145996860283,-0.007201036114266505
MTWEEWDKKIEEYTKKIEELIKKSEEQQKKN,31,DB_JAH,0,C177 H283 N45 O56 S1,3969.49,0.005,1.259607657406871e-06,5.01953125,74.40967741935481,0.0967741935483871,50.32258064516129,0.16129032258064516,-0.016135164835164834,-0.007764931965973747
VSVTCVWGSVSWFASTGGRD,20,DB_HIV,0,C93 H138 N26 O28 S1,2100.32,0.929,0.00044231355222061397,5.90625,-1.7750000000000004,0.15,63.0,0.35,-0.040803767660910525,0.020055163309990135
SGIVQQQNNLLRAIEAQQHLLQLTVWGIKQCCGRISGIVQQQNNLLRA,48,DB_HIV,0,C232 H392 N76 O67 S2,5382.22,3.961,0.0007359416746249688,10.025390625,44.40624999999999,0.020833333333333332,121.875,0.4166666666666667,0.0004962552235868826,-0.0008105270454932558
LEAIPMSIPPEVAFNKPFVF,20,DB_HIV,0,C109 H165 N23 O26 S1,2245.69,-0.002,-8.90594872845317e-07,4.158203125,60.83999999999999,0.15,97.5,0.55,-0.022850863422292,0.006111641819440236
YTSLIHSLIEESQQQQEKNEQELLELDKWASLWNWF,36,DB_HIV,0,C203 H301 N51 O63,4463.89,-3.898,-0.0008732294030542867,3.96337890625,75.4444444444444,0.1388888888888889,89.44444444444443,0.2777777777777778,0.0031126648657238258,0.0012737589107836972
LGTEVSEALGGAGLTGGF,18,DB_HIV,0,C71 H115 N19 O25,1634.8,-1.001,-0.0006123073158796182,2.984375,30.40555555555556,0.05555555555555555,92.2222222222222,0.3888888888888889,0.05073426573426573,-0.03693679189073867
SWFASTGGRDSKIDVWSLVP,20,DB_HIV,0,C101 H151 N27 O29,2207.46,0.997,0.0004516503130294547,6.6875,26.439999999999998,0.15,73.0,0.3,0.02070015698587127,-0.011450478902582323
YTSLIHSLIEEHQNQQEKNEQELLELDKWASLWNWF,36,DB_HIV,0,C205 H301 N53 O62,4499.92,-3.799,-0.0008442372308841045,4.21337890625,49.855555555555554,0.1388888888888889,89.44444444444443,0.2777777777777778,0.003608771651040843,0.0019789663974072117
LIEESQNQQEKNEQELLELDKWASLWNWFNITNWLW,36,DB_HIV,0,C211 H305 N53 O62,4576.01,-3.996,-0.0008732498399260491,3.6884765625,76.73611111111111,0.16666666666666666,89.44444444444443,0.2777777777777778,0.04636866359447003,0.009633482604929468
TMWMEWDREINNYTSLIHSLIEESQNQQEKNEQELL,36,DB_JAH,0,C193 H297 N53 O66 S2,4479.88,-4.896,-0.0010928864166004446,3.872802734375,67.71666666666665,0.08333333333333333,75.83333333333333,0.25,-0.021485460034959474,-0.01508530639715114
EWERKVDFLEENITALLEEAQIQQEKNMYELQKLN,35,DB_HIV,0,C191 H302 N50 O62 S1,4322.820000000001,-3.994,-0.0009239339135101623,4.00732421875,50.23428571428572,0.08571428571428572,92.0,0.34285714285714286,-0.007971147079521465,-0.006160473941944711
WMEWDREINNYTSLIHSLIEESQNQQEKNEQELLE,35,DB_HIV,0,C189 H288 N52 O66 S1,4376.700000000001,-5.895,-0.001346905202549866,3.798828125,69.36571428571426,0.08571428571428572,78.0,0.22857142857142856,-0.01977762139338494,-0.01744245324713639
LEAIPCSIPPCVFFNKPFVF,20,DB_HIV,0,C111 H163 N23 O24 S2,2267.7599999999998,0.862,0.0003801107700991287,5.984375,22.64,0.2,92.5,0.6,-0.00893877551020408,0.0014698354630386962
GTEVSEALGGAGLTGGFY,18,DB_HIV,0,C74 H113 N19 O26,1684.81,-1.002,-0.0005947258147803017,2.984375,48.51722222222222,0.1111111111111111,70.55555555555554,0.3333333333333333,0.04569930069930069,-0.03025953499480449
WLEWDRKIEEYTKKIEELIKKSQEQQEKNEKELK ,35,DB_JAH,0,C196 H316 N52 O61,4376.93,0.007,1.5992944826625053e-06,5.07421875,67.55882352941175,0.08823529411764706,68.82352941176471,0.17647058823529413,-0.01802603800140746,-0.018925342339859437
KGACDYPEWQWLCAA,15,DB_HIV,0,C79 H110 N20 O21 S2,1739.98,-0.138,-7.931125645122358e-05,3.9443359375,58.166666666666664,0.2,46.0,0.4,0.06316666666666668,-0.018223798135094844
YTSLIHSLIEESQNQQEKNEQELLELDKWASLFNFF,36,DB_HIV,0,C198 H297 N49 O63,4371.790000000001,-3.898,-0.0008916256270314904,3.96337890625,51.34999999999999,0.1388888888888889,89.44444444444443,0.3333333333333333,0.004955665024630541,0.0022065039792370828
INNYTSLIHSLIEESQNQQEKNEQELLELDKWASL,35,DB_HIV,0,C181 H287 N49 O63,4157.52,-3.898,-0.0009375781716023013,3.96337890625,56.82571428571427,0.05714285714285714,103.14285714285715,0.2857142857142857,-0.016794510907811394,-0.0014645985554402735
LEAIPCSIPPCFLFGKPFVF,20,DB_HIV,0,C110 H162 N22 O23 S2,2224.74,0.862,0.00038746100667943226,5.984375,10.325000000000001,0.2,97.5,0.6,0.009610675039246463,-0.0008464807281485723
RQLLSQIVQQQNNLLRAIEAQQHLLQLT,28,DB_HIV,0,C143 H247 N47 O42,3296.8,2.096,0.0006357680174714875,10.58203125,75.21785714285714,0.0,142.85714285714283,0.42857142857142855,-1.209970154069361e-05,-0.0095264273161152
RPRLSHKGPMPF,12,DB_HIV,0,C64 H104 N22 O13 S1,1421.72,4.094,0.0028796106124975383,12.130859375,77.97500000000001,0.08333333333333333,32.49999999999999,0.25,0.17232653061224495,-0.03568497791729063
KKISEEQKKIQEEIKKILEESKKILEEIKKDWEEWTM,37,DB_JAH,0,C209 H348 N52 O64 S1,4645.39,0.008,1.722137430872327e-06,5.123046875,73.53513513513515,0.05405405405405406,84.32432432432432,0.24324324324324326,0.010346774193548387,0.0026613477397877264
WVWVPAFCQAVGWGDPITHW,20,DB_HIV,0,C116 H152 N28 O24 S1,2354.7,0.028,1.1891111394232812e-05,4.87890625,11.800000000000002,0.25,73.0,0.4,-0.03489167974882262,0.012522725660994603
GPWVWVPAFCQAVGWGDPIT,20,DB_HIV,0,C106 H145 N25 O24 S1,2185.52,-0.071,-3.248654782385885e-05,2.9296875,11.800000000000004,0.2,73.0,0.4,-0.029334379905808478,0.018108568961177816
TTWEAWDRAIAEYAARIEALIRALQEQQEKNEAALREL,38,DB_HIV,0,C196 H312 N58 O61,4456.9400000000005,-1.995,-0.00044761652613676644,4.326416015625,55.513157894736835,0.07894736842105263,95.52631578947367,0.42105263157894735,-0.018442867616254712,-0.01084268473523411
PLNNCLLLGTEVSEALGGAGLTGG,24,DB_HIV,0,C96 H163 N27 O33 S1,2255.56,-1.069,-0.00047393995282767916,2.984375,32.12916666666668,0.0,117.91666666666666,0.4166666666666667,0.008885448916408668,-0.003709772452464009
ELTWEEWEKKVEELEKKIEELLK,23,DB_JAH,0,C136 H217 N31 O42,2958.37,-2.993,-0.0010117057704073526,4.24853515625,47.04782608695652,0.08695652173913043,97.39130434782608,0.2608695652173913,-0.004992997198879557,0.023440757171068183
AAAQWDFGNTMC,12,DB_HIV,0,C56 H80 N16 O17 S2,1313.47,-0.071,-5.4055288662854873e-05,2.9296875,-11.266666666666667,0.16666666666666666,25.0,0.5,-0.035142857142857135,0.09449914859964342
WMEWDREINNYTSLIHSLIEESQNQQEKNEQELLELDKWASLWNWF,46,DB_HIV,0,C263 H382 N68 O81 S1,5824.34,-5.894,-0.001011960153425109,3.88427734375,55.63260869565215,0.15217391304347827,78.47826086956522,0.2608695652173913,0.005234119538997589,-0.00558793169887503
MTWQEWEQQVRYLEANISQRLEQAQIQQEKNMYELQ,36,DB_JAH,0,C199 H307 N57 O63 S2,4570.06,-1.998,-0.00043719338476956533,4.15283203125,59.57777777777778,0.1111111111111111,67.77777777777777,0.2777777777777778,-0.006561258541236296,-0.00836250327693659
MTWMEWDREINNYTSLIHSLIEESQNQQEKNEQELL,36,DB_JAH,0,C193 H297 N53 O66 S2,4479.88,-4.896,-0.0010928864166004446,3.872802734375,62.74166666666666,0.08333333333333333,75.83333333333333,0.25,-0.020893373589702842,-0.013940668596697401
TGEKVWDRGNVTLLCDCP,18,DB_HIV,0,C85 H137 N25 O27 S2,2005.29,-0.137,-6.831929546349905e-05,4.1787109375,-1.1166666666666696,0.05555555555555555,75.55555555555554,0.3333333333333333,0.07892107892107893,-0.04432474814970565
WMEWEREIDNYTSEIYTLIEESQNQQEKNEQELL,34,DB_HIV,0,C188 H282 N48 O67 S1,4318.610000000001,-6.993,-0.0016192710154424685,3.50390625,78.53235294117647,0.11764705882352941,68.82352941176471,0.20588235294117646,-0.019448745015247477,-0.019085501474783165
MTLTVQARQLLSQIVQQQNNLLRAIEAQ,28,DB_HIV,0,C137 H240 N44 O42 S1,3207.72,1.997,0.0006225605726185578,10.58203125,55.667857142857144,0.0,128.92857142857142,0.4642857142857143,-0.004865693312898284,0.014639730997947185
WTEWDREINNYTSQIHSLIEESQNQQEKNEQILNEL,36,DB_JAH,0,C192 H293 N55 O68,4459.7300000000005,-4.896,-0.0010978243077495722,3.872802734375,67.66388888888888,0.08333333333333333,75.83333333333333,0.19444444444444445,-0.007125377403464165,-0.013937248067804098
INVKQIAARLLPPLYSLV,18,DB_HIV,0,C95 H163 N25 O22,2007.48,2.995,0.0014919202183832467,10.44140625,42.37777777777778,0.05555555555555555,173.33333333333331,0.5555555555555556,0.047957042957042964,-0.007195652804952794
WEEWDKKIEEYTKKIEELIKKS,22,DB_JAH,0,C132 H207 N31 O39,2852.25,0.003,1.051801209571391e-06,4.8837890625,67.81818181818181,0.13636363636363635,70.9090909090909,0.18181818181818182,0.025483193277310925,0.013247787531629814
LEAIPMSIPPEVKFNKPFAF,20,DB_HIV,0,C110 H168 N24 O26 S1,2274.73,0.998,0.0004387333881383725,6.875,59.39999999999999,0.15,83.0,0.5,-0.0497645211930926,0.014786822677400377
NHTTWMEWDREINNYTSLIHSLIEESQNQQEKNEQELLELDKWASLWNWFNIKIL,55,DB_HIV,0,C309 H460 N82 O94 S1,6859.540000000001,-4.796,-0.0006991722477017409,4.24365234375,52.465454545454534,0.12727272727272726,86.9090909090909,0.2727272727272727,0.007468950437317785,-0.00353197105340367
YTSLIHSLIEEMQNQQEKNEQELLELDKWASLWNWF,36,DB_HIV,0,C204 H303 N51 O62 S1,4493.9800000000005,-3.898,-0.0008673825873724404,3.96337890625,49.855555555555554,0.1388888888888889,89.44444444444443,0.3055555555555556,0.0006009852216748778,-0.0008540285631415868
LEAIPCSIPPCVFFGKPFVF,20,DB_HIV,0,C109 H160 N22 O23 S2,2210.71,0.862,0.0003899199804587666,5.984375,6.5550000000000015,0.2,92.5,0.6,0.010050235478806903,-0.0006598294732736986
ESVVINCTRPNNNTRRRLSIGPGRAFYARRNIIGDIRQAHCNIS,44,DB_HIV,0,C210 H352 N78 O61 S2,5009.67,6.961,0.001389512682472099,11.6328125,100.42295454545453,0.045454545454545456,82.04545454545453,0.3409090909090909,0.007918340549919495,0.0028894954721323547
LVKCPTPAIEPPTGTFGF,18,DB_HIV,0,C88 H136 N20 O23 S1,1874.22,0.929,0.0004956728665791636,6.125,72.47777777777779,0.1111111111111111,65.0,0.3888888888888889,0.0189010989010989,-0.027784145452853383
NNCLLLGTEVSEALGGAG,18,DB_HIV,0,C71 H121 N21 O26 S1,1716.92,-1.069,-0.0006226265638468886,2.984375,37.36666666666668,0.0,113.88888888888889,0.4444444444444444,-0.011328671328671332,0.02250530539589968
YTSLIHSLIEESQNQQEKNEQELLELDKWASPWNWF,36,DB_HIV,0,C201 H295 N51 O63,4433.820000000001,-3.898,-0.0008791516119283146,3.96337890625,67.47777777777777,0.1388888888888889,78.6111111111111,0.25,-0.0009207055458445842,0.00025098579027762265
SWETWEREIENYTKQIYKILEESQEQQDRNEKDLLE,36,DB_HIV,0,C201 H308 N54 O70,4600.93,-4.993,-0.0010852153803687515,3.99365234375,72.79166666666666,0.1111111111111111,64.99999999999999,0.16666666666666666,-0.020252979501032893,-0.014129178378536746
KQKKIENEIARIKKLLQLTVWGIKQLQARIL,31,DB_JAH,0,C170 H300 N50 O41,3700.53,6.997,0.0018908102352906205,11.25537109375,55.5225806451613,0.03225806451612903,141.61290322580643,0.41935483870967744,0.02628241758241758,-0.011765165879422572
GRKKRRQRRR,10,DB_HIV,0,C55 H110 N32 O11,1395.67,8.995,0.006444933257861814,12.806640625,232.70000000000002,0.0,0.0,0.0,-0.17057142857142862,-0.030907283224028543
LLLGTEVSEALGGAGLTG,18,DB_HIV,0,C72 H125 N19 O25,1656.8899999999999,-1.001,-0.0006041439081652976,2.984375,23.55,0.0,135.55555555555554,0.4444444444444444,0.0260989010989011,-0.019473199078148123
VRRCSELMGRRNPVCPGYAW,20,DB_HIV,0,C100 H161 N35 O25 S3,2349.77,3.861,0.0016431395413168098,9.7685546875,107.99499999999999,0.1,53.5,0.35,0.05904866562009419,-0.03942327537975436
LNNCLLLGTEVSEALGGA,18,DB_HIV,0,C75 H129 N21 O26 S1,1773.03,-1.069,-0.0006029226803832986,2.984375,37.36666666666668,0.0,135.55555555555554,0.5,-0.019875124875124873,0.024519644144142996
AEGIGALFLGFLGAAGSTMGARSMTLTVQARQL,33,DB_HIV,0,C144 H240 N42 O42 S2,3295.85,1.997,0.0006059134972768786,10.58203125,17.684848484848484,0.06060606060606061,97.87878787878789,0.5151515151515151,-0.04468428396999825,0.00553277754042962
IKKEIEAIKKEQEAIKKKIEAIEKLLQLTVWGIKQLQARIL,41,DB_JAH,0,C222 H389 N59 O58,4812.84,5.002,0.0010393031972806075,10.38427734375,65.34146341463413,0.024390243902439025,140.4878048780488,0.43902439024390244,0.018174469787915166,-0.0047361256004866
WASLWNWF,8,DB_HIV,0,C58 H69 N13 O10,1108.26,0.996,0.0008987060798007687,6.0,22.025000000000006,0.5,61.25,0.375,0.055714285714285605,0.06643062954362972
CLLLGTEVSEALGGAGLT,18,DB_HIV,0,C73 H127 N19 O25 S1,1702.98,-1.069,-0.0006277231676238124,2.984375,38.966666666666676,0.0,135.55555555555554,0.5,0.016803196803196807,-0.005257629819329289
YTSLIHSLIEEQQNQQEKNEQELLELDKWASLWNWF,36,DB_HIV,0,C204 H302 N52 O63,4490.910000000001,-3.898,-0.000867975532798475,3.96337890625,62.64999999999999,0.1388888888888889,89.44444444444443,0.2777777777777778,0.004910217702208801,0.0028113913417034987
AVGIGALFLGFLGAAGSTMGARSMTLTVQARQL,33,DB_HIV,0,C144 H242 N42 O40 S2,3265.86,2.996,0.0009173693912170147,12.1015625,15.112121212121211,0.06060606060606061,106.66666666666669,0.5454545454545454,-0.04869614512471655,0.009500657003803172
YTSLIHSLIEESQNQQEKNEQELLELNKWASLWNWF,36,DB_HIV,0,C202 H300 N52 O62,4448.870000000001,-2.898,-0.0006514013670887213,4.149169921875,71.58611111111111,0.1388888888888889,89.44444444444443,0.2777777777777778,0.003426346734466867,0.0013550274489847899
LCDCPNGPWVWVPAFCQAVG,20,DB_HIV,0,C99 H141 N25 O24 S3,2161.54,-0.206,-9.53024232722966e-05,2.9296875,22.560000000000002,0.15,73.0,0.5,0.040675039246467815,0.013894414356453647
WMEWDREIEELAKKAEELAKKAEELAKKAWASLWNWF,37,DB_HIV,0,C213 H317 N53 O57 S1,4564.200000000001,-0.994,-0.00021778186757810786,4.657958984375,56.413513513513514,0.16216216216216217,71.62162162162161,0.3783783783783784,0.02195103686635945,-0.009346501204340826
NYTSLIHSLIEESQNQQEKNEQELLELDKWASLWNW,36,DB_HIV,0,C197 H296 N52 O64,4416.790000000001,-3.898,-0.0008825413931837373,3.96337890625,62.64999999999999,0.1111111111111111,89.44444444444443,0.25,-0.0035944700460829497,0.0009058477079320629
DGFIHVQGHLQEVDAGNF,18,DB_HIV,0,C88 H128 N26 O27,1982.1299999999999,-1.804,-0.0009101320296852377,4.1611328125,23.694444444444446,0.1111111111111111,81.11111111111111,0.3888888888888889,-0.03875124875124875,0.003883463625088919
PKSSWSDHEASSGV,14,DB_HIV,0,C62 H93 N19 O23,1472.53,0.096,6.519391795073785e-05,5.17578125,36.800000000000004,0.07142857142857142,27.857142857142854,0.14285714285714285,0.041751700680272105,0.009673626235993053
WEEWDKKIEEYTKKIEELIKKS ,23,DB_JAH,0,C132 H207 N31 O39,2852.25,0.003,1.051801209571391e-06,4.8837890625,67.81818181818181,0.13636363636363635,70.9090909090909,0.18181818181818182,0.025483193277310925,0.013247787531629814
GLTGGFYEPLVRRCSELMGR,20,DB_HIV,0,C97 H158 N30 O27 S2,2240.62,1.93,0.0008613687282984174,8.705078125,71.8555,0.1,73.0,0.35,-0.07608791208791207,0.03264337654620118
MTWMAWDRAIANYAALIHALIEAAQNQQEKNEAALLEL,38,DB_HIV,0,C192 H301 N53 O56 S2,4311.910000000001,-1.9,-0.0004406399948050863,4.2451171875,41.71315789473684,0.07894736842105263,108.42105263157893,0.5263157894736842,-0.018819124423963135,-0.011312185197754626
GRPDGFIHVQGHLQEVDA,18,DB_HIV,0,C86 H132 N28 O26,1974.15,-0.804,-0.0004072638857229694,5.068359375,43.272222222222226,0.05555555555555555,81.11111111111111,0.3333333333333333,-0.02157842157842157,-0.0006716832413471825
EELAKKAEELAKKAEELAKKAEELAKKAWASLWNWFLEAIPMSIPPEVKFNKPFVF,56,DB_JAH,0,C306 H474 N72 O80 S1,6473.56,1.008,0.00015571030468552078,7.1875,52.825,0.125,83.92857142857142,0.44642857142857145,0.015441536614645859,-0.007534659044823486
IWNNMTWMEWDREINNYTSLIHSLIEESQNQQEKNE,36,DB_HIV,0,C196 H293 N55 O65 S2,4523.900000000001,-3.897,-0.0008614248767656224,3.96337890625,55.46944444444444,0.1111111111111111,64.99999999999999,0.2222222222222222,-0.01799491498490386,-0.0058544122291732635
RIPTGERVWDRGNVTLLCDC,20,DB_HIV,0,C97 H160 N32 O29 S2,2302.64,0.863,0.00037478720077823715,6.109375,-6.83,0.05,87.5,0.35,0.05845211930926217,-0.03676920237979347
WNNMTWMEWDREINNYTSLIHSLIEESQNQQEKNEQ,36,DB_HIV,0,C195 H290 N56 O66 S2,4538.870000000001,-3.897,-0.0008585837444121553,3.96337890625,60.819444444444436,0.1111111111111111,54.16666666666666,0.19444444444444445,-0.019884633720006352,-0.008214269381157779
FWNWLSAWIKKTYEEIKKTYEEIKKTYEEIERDWEMV,37,DB_HIV,0,C228 H334 N52 O63 S1,4843.4800000000005,-0.996,-0.00020563726907099852,4.657958984375,54.52432432432433,0.21621621621621623,63.243243243243235,0.24324324324324326,-0.02554723502304148,0.007245114167300437
WMEWDREINNYTSLIHSLIEESQNQQEKIEQELLEL,36,DB_JAH,0,C197 H304 N52 O66 S1,4488.910000000001,-5.895,-0.001313236398145652,3.798828125,77.56388888888888,0.08333333333333333,97.5,0.2777777777777778,-0.005734943588113772,-0.009431092291851143
EEAAKKLEEAAKKLEEAAKKLEEAAKKLWASLWNWF,36,DB_HIV,0,C194 H305 N49 O54,4187.81,1.005,0.000239982234151024,7.140625,46.03888888888889,0.1111111111111111,79.16666666666666,0.4166666666666667,0.023206419831558873,-0.006591653696912481
SKIDVWSLVPVGSASCTIAA,20,DB_HIV,0,C89 H147 N23 O27 S1,2003.33,0.929,0.00046372789305805837,5.90625,52.870000000000005,0.05,117.0,0.5,-0.00014128728414442905,-0.006719772125363086
APKEWMAWAREIAAYAKLIAALI,23,DB_HIV,0,C123 H193 N31 O28 S1,2586.11,1.997,0.000772202265178202,9.5810546875,35.50869565217391,0.13043478260869565,119.56521739130434,0.6086956521739131,0.03495098039215686,0.0022616905376660673
LEQIWNNMTWMEWDREINNYTSLIHSLIEESQNQQE,36,DB_HIV,0,C197 H294 N54 O65 S2,4522.910000000001,-4.897,-0.001082710025182902,3.68701171875,60.819444444444436,0.1111111111111111,75.83333333333333,0.25,-0.00464770379787065,-0.0038145385379503194
WMEWDREINNYTSLIHSLIEESQNQQEKNEQELLELDKWASLWNWFRS,48,DB_HIV,0,C272 H399 N73 O84 S1,6067.6,-4.894,-0.000806579207594436,4.0657958984375,62.88541666666665,0.14583333333333334,75.20833333333333,0.25,0.0059808767522891194,-0.002806123506695098
IEAQQHLLQLTVWGIKQLQARILAVERYGYIPEAPRDGQAYVRKDGEWVLLSTFL,55,DB_JAH,0,C294 H462 N80 O79,6381.320000000001,1.098,0.0001720647138836479,7.609375,32.89636363636364,0.10909090909090909,115.27272727272725,0.4,-0.005331341107871721,0.0009928733274241063
NVTLLCDCPNGPWVWVPAFC,20,DB_HIV,0,C103 H149 N25 O25 S3,2233.64,-0.206,-9.222614208198277e-05,2.9296875,26.330000000000005,0.15,87.5,0.5,0.046844583987441124,-0.02267692574150305
CPTPAIEPPTGTFGFFPG,18,DB_HIV,0,C87 H123 N19 O23 S1,1835.1,-0.07,-3.8145060214702204e-05,3.150390625,84.7777777777778,0.16666666666666666,27.22222222222222,0.3333333333333333,0.04436563436563437,-0.02151003477160314
TTWEAWDRAIAEYAARIEALIRASQEQQEKNEAELREL,38,DB_HIV,0,C195 H308 N58 O64,4488.89,-2.993,-0.0006667572607036483,4.20458984375,52.00263157894736,0.07894736842105263,82.63157894736841,0.3684210526315789,-0.025361594051110183,-0.014466973549460187
QIWNNMTWMEWDREINNYTSLIHSLIEESQNQQEKN,36,DB_HIV,0,C196 H294 N56 O64 S2,4522.92,-2.899,-0.0006409576114545471,4.080322265625,55.46944444444444,0.1111111111111111,64.99999999999999,0.2222222222222222,-0.014112823772445571,-0.004997303127602243
SLEQIWNNMTWMEWDREINNYTSLIHSLIEESQNQQ,36,DB_HIV,0,C195 H292 N54 O64 S2,4480.88,-3.899,-0.0008701415793326311,3.774169921875,55.46944444444444,0.1111111111111111,75.83333333333333,0.25,-0.0011565231209280133,-0.0023410033213091515
QRPRLSHKGPMPF,13,DB_HIV,0,C69 H112 N24 O15 S1,1549.85,4.094,0.0026415459560602643,12.130859375,72.74615384615386,0.07692307692307693,30.0,0.23076923076923078,0.15831632653061226,0.003207425536768338
MTWEAWDRAIAEYAARIEALIRAAQEQQEKNEAALREL,38,DB_HIV,0,C194 H308 N58 O60 S1,4444.950000000001,-1.995,-0.00044882394627611107,4.326416015625,46.17631578947368,0.07894736842105263,87.89473684210526,0.4473684210526316,-0.01979472140762464,-0.011387940549537841
WMEWDREIEALAKAAEALAKAAEALAKAAWASLWNWF,37,DB_HIV,0,C198 H290 N50 O51 S1,4218.8,-0.997,-0.00023632312505925856,4.3916015625,29.981081081081083,0.16216216216216217,87.83783783783784,0.5405405405405406,0.023789746543778807,-0.010731028880895995
APERASSVYTRSTGEQEI,18,DB_HIV,0,C82 H134 N26 O31,1980.11,-0.001,-5.050224482478246e-07,4.4541015625,79.2,0.05555555555555555,48.888888888888886,0.2222222222222222,-0.016613386613386613,-0.008561288879213425
EMTWEEWEKKIEEYTKKIEEILKKSQNQQIDL,32,DB_JAH,0,C182 H289 N45 O58 S1,4067.59,-1.994,-0.0004902165655830602,4.411865234375,68.52499999999999,0.09375,73.125,0.21875,-0.006704273504273502,-0.003782832091898083
LLQLTVWGIKQLQARILAIKKEIEAIKKEQEAIKKKIEAI,40,DB_JAH,0,C214 H375 N57 O55,4626.63,5.001,0.0010809163473197555,10.460693359375,57.8625,0.025,146.5,0.475,-0.027236931136090797,0.009079941199166091
TWQEWERKVDFLEENITALLEEAQIQQEKNMYELQ,35,DB_HIV,0,C195 H298 N50 O63 S1,4382.830000000001,-4.994,-0.001139446430730829,3.800048828125,53.86857142857143,0.11428571428571428,80.85714285714285,0.3142857142857143,0.0019915552427867624,-0.013926788786775609
WMEWDREIEEAAKKLEEAAKKLEEAAKKLEEAAKKL,36,DB_HIV,0,C189 H310 N50 O58 S1,4242.860000000001,-0.991,-0.0002335688662835917,4.774658203125,54.37499999999999,0.05555555555555555,76.38888888888889,0.3888888888888889,0.0025078658827268397,-0.0015861352661822063
YTSLIHSLIEEDQNQQEKNEQELLELDKWASLWNWF,36,DB_HIV,0,C203 H299 N51 O64,4477.870000000001,-4.897,-0.0010936003055023928,3.814453125,57.3,0.1388888888888889,89.44444444444443,0.2777777777777778,0.005054822819005245,0.0028756767238002794
TTWEAWDRAIAEYAARIEALIRAAQEQQEKLEAVLREL,38,DB_HIV,0,C197 H315 N57 O60,4441.96,-1.995,-0.00044912606146836083,4.326416015625,44.699999999999996,0.07894736842105263,103.1578947368421,0.4473684210526316,-0.009612746124842898,-0.005470098348603064
LEAIPMSIPPEVKFNKPAVF,20,DB_HIV,0,C106 H168 N24 O26 S1,2226.69,0.998,0.00044819889611935203,6.875,59.39999999999999,0.1,97.5,0.5,-0.05215698587127159,0.007494515333646406
NKPFVFLM,8,DB_HIV,0,C49 H75 N11 O9 S1,994.26,1.996,0.0020075231830708265,10.025390625,53.00000000000001,0.25,85.0,0.625,0.2028571428571429,0.032550178498084614
IRKAHCNISRAKWND,15,DB_HIV,0,C77 H127 N29 O20 S1,1811.09,4.027,0.002223522850879857,10.65625,54.03333333333333,0.06666666666666667,65.33333333333333,0.3333333333333333,-0.019714285714285715,-0.04347969213224747
TCILDRRPASCGTCVRDCWP,20,DB_HIV,0,C92 H151 N31 O27 S4,2251.64,1.727,0.0007669965003286494,7.65234375,83.385,0.05,58.5,0.4,0.04080690737833595,0.014226937731183694
QAGLAVRPGKSAAQLVGE,18,DB_HIV,0,C75 H131 N25 O23,1751.01,1.997,0.0011404846345823268,10.013671875,6.522222222222224,0.0,97.77777777777777,0.4444444444444444,0.017712287712287708,0.0018979824815905026
SQNQQEKNEQELLELDKWASLWNWFNITNWLWLIKI,36,DB_HIV,0,C213 H314 N54 O58,4559.120000000001,-0.999,-0.00021912123392233584,4.2509765625,48.836111111111116,0.16666666666666666,100.27777777777776,0.3055555555555556,0.05259558239313523,0.006931699005604976
CRANGSRIPTGERVWDRGNV,20,DB_HIV,0,C92 H152 N36 O28 S1,2242.49,2.93,0.0013065833069489721,10.4375,-10.1,0.05,53.5,0.25,-0.0033406593406593342,0.03198635656506565
APKEWMAWAREIAAYAKLIAALIKQGI,27,DB_HIV,0,C142 H227 N37 O33 S1,3012.63,2.997,0.0009948118421445713,10.10693359375,34.196296296296296,0.1111111111111111,116.29629629629628,0.5555555555555556,0.026228200371057515,0.0033223534131441306
GAPASVLGSRPFDYGLKWQS,20,DB_HIV,0,C98 H147 N27 O27,2135.39,1.995,0.0009342555692402794,9.6474609375,73.055,0.15,63.5,0.3,-0.03773626373626374,0.022616593418096576
APKEWMEWDREINNYTSLIHSLIKQGI,27,DB_HIV,0,C148 H228 N40 O42 S1,3271.72,0.098,2.995366351643784e-05,5.3916015625,22.63333333333333,0.1111111111111111,90.37037037037037,0.2962962962962963,0.038461966604823754,0.0016739623438225767
ASTTTNYT,8,DB_HIV,0,C35 H56 N10 O15,856.88,0.995,0.0011611894314256372,6.0,-20.65,0.125,12.5,0.125,-0.0957142857142857,-0.06360716225944096
LGSSDRDTVVELSEWGVPCV,20,DB_HIV,0,C92 H147 N25 O32 S1,2147.38,-2.068,-0.000963034022855759,3.453125,6.865000000000004,0.05,97.0,0.35,0.08412244897959183,-0.0031939121917897175
LEAIPMSIPPEVKFNKPFVF,20,DB_JAH,0,C112 H172 N24 O26 S1,2302.79,0.998,0.0004333873258091272,6.875,59.39999999999999,0.15,92.5,0.5,-0.04614756671899528,0.012859379165093048
LKARTVTFGVVTSVI,15,DB_HIV,0,C73 H128 N20 O19,1589.93,2.996,0.0018843596887913303,11.400390625,0.5799999999999994,0.06666666666666667,136.0,0.5333333333333333,0.12359523809523809,-0.006456144745976596
NKSLEQIWNNMTWMEWDREINNYTSLIHSLIEESQN,36,DB_HIV,0,C195 H294 N54 O63 S2,4466.89,-2.899,-0.0006489974008762248,4.080322265625,58.791666666666664,0.1111111111111111,75.83333333333333,0.25,0.007452407436834581,-0.0019992151274751792
KCPTPAIEPPTGTFGFFPGV,20,DB_HIV,0,C98 H144 N22 O25 S1,2062.4,0.929,0.00045044608223429014,6.125,77.30000000000001,0.15,39.0,0.35,0.04739717425431711,-0.01860353014500544
PFDYGLKWQSCSCRANGSRI,20,DB_HIV,0,C99 H151 N31 O28 S2,2287.59,2.86,0.001250224034901359,8.875,73.49499999999999,0.15,44.0,0.3,-0.053117739403453684,-0.012164037397817126
WMEWDREINNYTSLIHSLIEESQNIQEKNEQELLEL,36,DB_JAH,0,C196 H302 N52 O66 S1,4474.88,-5.895,-0.0013173537614416474,3.798828125,76.66666666666666,0.08333333333333333,97.5,0.2777777777777778,-0.00941236294295249,-0.011941528581639545
QAVGWGDPITHWSHGQNQWP,20,DB_HIV,0,C105 H142 N32 O28,2300.46,0.194,8.433095989497752e-05,6.0439453125,-4.154999999999999,0.15,39.0,0.15,-0.05435478806907379,-0.004466223122801556
FCQAVGWGDPITHWSHGQNQ,20,DB_HIV,0,C101 H139 N31 O28 S1,2267.45,0.126,5.556903129065691e-05,6.037109375,-7.924999999999999,0.15,39.0,0.25,-0.05058084772370486,0.0008460228454621169
LEAIPCSIPPEFLFGKPFVF,20,DB_HIV,0,C112 H164 N22 O25 S1,2250.71,-0.069,-3.065699268230914e-05,4.158203125,22.785000000000004,0.2,97.5,0.55,0.0073469387755102,-0.002000197200900653
VPPLNNCLLLGTEVSEALGG,20,DB_HIV,0,C87 H147 N23 O28 S1,1995.31,-1.069,-0.0005357563486375551,2.984375,58.135000000000005,0.0,131.5,0.45,-0.0027880690737833625,0.009739752568697461
TLLCDCPNGPWVWVPAFCQA,20,DB_HIV,0,C102 H147 N25 O25 S3,2219.62,-0.206,-9.280867896306575e-05,2.9296875,26.805000000000003,0.15,78.0,0.5,0.04814442700156986,-0.004879421428951195
LFFLLTVPFWAHYA,14,DB_HIV,0,C91 H122 N18 O16,1724.06,1.094,0.0006345486816004084,7.671875,68.30000000000001,0.35714285714285715,118.57142857142857,0.6428571428571429,-0.07232993197278913,0.018710693815859696
WQQWERQVRFLDANITKLLEEAQIQQEKNMYELQ,34,DB_JAH,0,C192 H298 N54 O57 S1,4306.830000000001,-0.998,-0.00023172495779958806,4.3916015625,64.49705882352941,0.11764705882352941,83.23529411764704,0.3235294117647059,0.0015310032058800526,-0.018634836171456077
MTWEEWDKKIEEYTKKIEELIKKS,24,DB_JAH,0,C141 H223 N33 O42 S1,3084.55,0.003,9.725891945340488e-07,4.8837890625,55.53749999999999,0.125,64.99999999999999,0.20833333333333334,0.011581895916261244,0.017323242335202306
MTWQQWERQVRFLDANITKLLEEAQIQQEKNMYELQ,36,DB_JAH,0,C201 H314 N56 O60 S2,4539.13,-0.998,-0.00021986592144309592,4.3916015625,56.494444444444454,0.1111111111111111,78.6111111111111,0.3333333333333333,0.0016354679802955661,-0.015167982063341573
VGSASCTIAALGSSDRDTVV,20,DB_HIV,0,C77 H134 N24 O30 S1,1908.11,-0.071,-3.720959483467934e-05,3.732421875,36.2,0.0,97.5,0.45,-0.08301412872841445,0.006749898496121552
TTWEAWDRAIAEYAARIEALIRALQELQEKNEAALREL,38,DB_HIV,0,C197 H315 N57 O60,4441.96,-1.995,-0.00044912606146836083,4.326416015625,53.955263157894734,0.07894736842105263,105.78947368421052,0.4473684210526316,-0.013081797235023045,-0.008345284495414735
YEPLVRRRSELMGRRNPV,18,DB_HIV,0,C95 H163 N35 O25 S1,2227.6,3.998,0.0017947566888130726,11.521484375,162.48888888888888,0.05555555555555555,75.55555555555554,0.2777777777777778,0.02487512487512488,-0.016893956339705928
NNCLLLGTEVSEALGGAGL,19,DB_HIV,0,C77 H132 N22 O27 S1,1830.08,-1.069,-0.0005841274698373842,2.984375,35.92631578947369,0.0,128.42105263157893,0.47368421052631576,0.002927786499215073,0.009989268105433198
MTWEEWDKKIEEYTKKIEELI,21,DB_JAH,0,C126 H194 N28 O38 S1,2741.13,-1.997,-0.0007285316639488095,4.220947265625,66.08571428571427,0.14285714285714285,74.28571428571428,0.23809523809523808,0.003474489795918368,0.017603374573330867
LEAIPCSIPPEFLFGKPFVFLEAIPCSIPPEFLFGKPFVF,40,DB_JAH,0,C224 H325 N43 O50 S2,4484.38,-1.134,-0.0002528777668261833,4.154296875,23.035,0.2,97.5,0.55,0.0012330022918258204,-6.243863164007393e-05
IKKEIEAIKKEQEAIKKKIEAIEKEIEAQQHLLQLTVWGIKQLQARILAVERY,53,DB_HIV,0,C285 H484 N78 O79,6267.39,3.105,0.0004954215391095814,9.75537109375,68.5490566037736,0.03773584905660377,125.28301886792453,0.41509433962264153,0.013161259415884759,-0.004507854419025025
FLEENITALLEEAQIQQEKNMYELQKLNSWDVFGN,35,DB_HIV,0,C187 H287 N47 O60 S1,4185.64,-3.996,-0.000954692711269961,3.6884765625,60.977142857142844,0.11428571428571428,92.0,0.37142857142857144,-0.010026741731175228,0.0014088888016332026
GLLASLGKVFGGYLAEKLKPK,21,DB_HIV,0,C104 H174 N26 O25,2188.67,3.996,0.0018257663329784755,10.408447265625,-8.404761904761905,0.09523809523809523,116.19047619047618,0.42857142857142855,-0.0529591836734694,-0.00297294146492203
EQIWNNMTWMEWDREINNYTSLIHSLIEESQNQQEK,36,DB_HIV,0,C197 H295 N55 O65 S2,4537.93,-3.897,-0.0008587615939426125,3.96337890625,60.819444444444436,0.1111111111111111,64.99999999999999,0.2222222222222222,-0.00906499284919752,-0.004197033580326359
EWDREINNYTSLIHSLIEESQNQQEKNEQELLELDK,36,DB_HIV,0,C189 H297 N53 O69,4415.71,-5.894,-0.0013347796843542715,3.88427734375,58.780555555555544,0.05555555555555555,86.66666666666666,0.2222222222222222,-0.014242809470840617,-0.013604746335328741
YTSLIHSLIEQSQNQQEKNEQELLELDKWASLWNWF,36,DB_HIV,0,C202 H300 N52 O62,4448.870000000001,-2.899,-0.0006516261432678409,4.080322265625,65.8,0.1388888888888889,89.44444444444443,0.2777777777777778,0.0033395836643890036,0.0012461630639829377
YTSLIHSLIEETQNQQEKNEQELLELDKWASLWNWF,36,DB_HIV,0,C203 H301 N51 O63,4463.88,-3.898,-0.0008732313592659301,3.96337890625,49.855555555555554,0.1388888888888889,89.44444444444443,0.2777777777777778,0.002596535833465754,0.0010486611010719496
TYICEVEDQKEE,12,DB_HIV,0,C62 H97 N15 O25 S1,1484.59,-3.067,-0.0020658902457917675,3.46435546875,52.38333333333333,0.08333333333333333,56.66666666666666,0.25,-0.19375510204081633,-0.051863847130140986
EINCTRPNNNTRKSIRIQRGPGRAFVTIGKIGNMRQAHCNIS,42,DB_HIV,0,C196 H335 N73 O57 S3,4722.42,7.96,0.0016855764629152001,11.8408203125,25.111904761904768,0.023809523809523808,67.38095238095238,0.30952380952380953,0.02277459091744806,-0.0020741626855291435
YTSLIHSLIEESQNQQEKNEQELLELDKWASLANWF,36,DB_HIV,0,C194 H294 N50 O63,4334.7300000000005,-3.898,-0.0008992486267887503,3.96337890625,52.64444444444443,0.1111111111111111,92.22222222222221,0.3055555555555556,0.002344509772763387,0.000995115417934183
QIWNNMTWMEWDREINNYTSLIHSLIEESQNQ,32,DB_JAH,0,C176 H261 N49 O56 S2,4023.4,-2.9,-0.0007207834170104887,3.88623046875,49.115624999999994,0.125,73.125,0.25,0.006336507936507939,0.004624902921865167
WQQWERQVRFLDANITKLLEEAQIQQEKNMYELQELDKWASLWNWF,46,DB_JAH,0,C271 H399 N71 O75 S1,5883.580000000001,-1.996,-0.0003392492326100775,4.276611328125,54.930434782608685,0.17391304347826086,80.65217391304347,0.32608695652173914,0.00980930045564192,-0.006119894604927439
MTWQQWERQVRFLDANITKLL,21,DB_JAH,0,C122 H191 N35 O31 S1,2676.11,1.998,0.0007466060812148977,10.001953125,32.62857142857143,0.14285714285714285,92.85714285714285,0.38095238095238093,0.05468877551020407,-0.017914932469500402
YTSLIHSLIEEWQNQQEKNEQELLELDKWASLWNWF,36,DB_HIV,0,C210 H304 N52 O62,4548.990000000001,-3.898,-0.0008568935082292991,3.96337890625,47.775,0.16666666666666666,89.44444444444443,0.2777777777777778,0.00010932782456698409,-0.0013288466773428169
TTWEAWDRAIAEYAARIEALIRALQEQQEKNEAILREL,38,DB_HIV,0,C199 H318 N58 O61,4499.02,-1.995,-0.0004434299025121026,4.326416015625,60.58157894736841,0.07894736842105263,103.1578947368421,0.42105263157894735,-0.015685745705907,-0.008709425963589368
QPSVQIQVYQGEREIAAHNK,20,DB_HIV,0,C99 H160 N32 O31,2294.54,1.096,0.00047765565211327766,7.6640625,46.515,0.05,78.0,0.3,-0.03851177394034537,0.024916053523934084
LEAIPMSIPPEVAFAKPFVF,20,DB_HIV,0,C108 H164 N22 O25 S1,2202.67,-0.002,-9.079889406947024e-07,4.158203125,48.99999999999999,0.15,102.5,0.6,-0.0017519623233908967,0.004977268987891458
LEAIPCSIPPCVGFGKPFVF,20,DB_HIV,0,C102 H154 N22 O23 S2,2120.59,0.862,0.00040649064647102923,5.984375,2.3100000000000023,0.15,92.5,0.55,0.0021381475667189933,0.004049228058537299
WEEWDKKIEEYTKKIEELIKKSQNQQLDL,29,DB_JAH,0,C167 H264 N42 O52,3692.15,-0.997,-0.0002700323659656298,4.53955078125,64.54482758620689,0.10344827586206896,80.6896551724138,0.20689655172413793,0.00048136645962733283,-0.012504273528531552
NNLLRAIEAQQHLLQLTVWGIKQLQARILAVERYLKDQ,38,DB_HIV,0,C202 H337 N61 O54,4484.2300000000005,3.097,0.000690642540636854,10.21728515625,48.46842105263158,0.05263157894736842,138.68421052631578,0.4473684210526316,-0.008762044407205698,0.0012738642116598303
SPLGFGSYTMTKIRDSLHLV,20,DB_HIV,0,C100 H161 N27 O28 S1,2221.59,2.094,0.0009425681606417025,9.6474609375,31.169999999999995,0.1,92.5,0.35,-0.0696828885400314,0.04712733090532255
TTWEEWDREINEYTSRIESLIRESQEQQEKNEQELREL,38,DB_HIV,0,C205 H320 N60 O75,4825.1,-5.989,-0.0012412177985948476,3.968994140625,78.57105263157892,0.07894736842105263,61.57894736842105,0.15789473684210525,-0.01588971512358609,-0.012812256190806795
VEWNEMT WMEWEREI ENYTKLIYKILEESQEQ,34,DB_HIV,0,,,-4.993,,3.853271484375,,0.14705882352941177,65.88235294117648,0.23529411764705882,,
LQEVDAGNFIPPPRWLLL,18,DB_HIV,0,C99 H153 N25 O24,2077.44,-0.002,-9.627233518176216e-07,3.9443359375,71.12777777777778,0.1111111111111111,130.0,0.4444444444444444,0.0065434565434565484,0.011771201580231372
LKKELEALKKEQEALKKKLEALEKLLQLTVWGIKOLQARIL,41,DB_JAH,0,,,5.002,,10.38427734375,,0.024390243902439025,140.4878048780488,0.43902439024390244,,
WEEWDKKIEEYTKKIEELIKKSEEQQKKNEEELKK ,36,DB_JAH,0,C201 H323 N51 O65,4494.040000000001,-0.991,-0.00022051428113679448,4.822998046875,88.36857142857141,0.08571428571428572,55.71428571428571,0.14285714285714285,-0.019319493314567202,-0.01573463653864522
TEVSEALGGAGLTGGFYE,18,DB_HIV,0,C77 H117 N19 O28,1756.87,-2.001,-0.0011389573502877275,2.88671875,49.044999999999995,0.1111111111111111,70.55555555555554,0.3333333333333333,0.027867132867132865,-0.021536150745091007
PTGERVWDRGNVTLLCDCPN,20,DB_HIV,0,C94 H150 N30 O30 S2,2244.52,-0.137,-6.103754923101599e-05,4.1787109375,4.239999999999998,0.05,68.0,0.3,0.06781789638932496,-0.04229744608950838
KKKMVLGVFALLSLISGSLKK,21,DB_HIV,0,C106 H191 N27 O24 S1,2259.9,5.995,0.002652772246559582,11.27880859375,21.004761904761903,0.047619047619047616,143.8095238095238,0.5238095238095238,-0.00586734693877551,0.012778191944915744
SGIVQQLNNQLRAEEANQHLEQLSVWGSKQNQARRLK,37,DB_HIV,0,C181 H301 N63 O57,4271.7300000000005,3.098,0.0007252331022794043,10.630859375,40.22702702702702,0.02702702702702703,87.02702702702703,0.2972972972972973,-0.013472350230414746,-0.006258932357267602
KVINPEPIVEPFMSKPFALF,20,DB_HIV,0,C112 H172 N24 O26 S1,2302.79,0.998,0.0004333873258091272,6.875,64.97999999999999,0.15,92.5,0.5,0.005934065934065932,0.008462230182542775
WQQWERQVRFLDANITKLLEEAQIQQEKNMYELQELDKNASLWNWF,46,DB_JAH,0,C264 H395 N71 O76 S1,5811.4800000000005,-1.996,-0.0003434581208229229,4.276611328125,58.1978260869565,0.15217391304347827,80.65217391304347,0.32608695652173914,0.005185473063521843,-0.009069663226037422
AAWMEWDREINNYTSLIHSLIEESQNQQEKNEQELL,36,DB_JAH,0,C190 H291 N53 O65 S1,4389.740000000001,-4.896,-0.00111532801487104,3.872802734375,67.71666666666665,0.08333333333333333,81.38888888888889,0.2777777777777778,-0.02206737645002383,-0.014542971986068805
LIHSLIEESQNQQEKNEQELLELDKWASLWNWFNIT,36,DB_HIV,0,C200 H302 N52 O62,4426.870000000001,-3.897,-0.0008803059498020044,3.96337890625,77.21388888888889,0.1111111111111111,100.27777777777776,0.3055555555555556,0.02499602733195614,0.004199973083072884
MTWEEWDKKIEEYTKKIEELIKK,23,DB_JAH,0,C138 H218 N32 O40 S1,2997.47,0.003,1.0008440451447389e-06,4.8837890625,57.51739130434781,0.13043478260869565,67.82608695652173,0.21739130434782608,0.013098739495798319,0.020396764014819244
REINNYTSLIHSLIEESQNQQEKNEQELLELDKWAS,36,DB_HIV,0,C186 H295 N53 O66,4329.67,-3.896,-0.0008998376319673323,4.097900390625,60.874999999999986,0.05555555555555555,89.44444444444443,0.25,-0.01569871285555379,-0.004941701682654975
WEEWDKKIEEYTKKIEELIKKSEEQQKKN,29,DB_JAH,0,C168 H267 N43 O53,3737.19,0.005,1.337903612072172e-06,5.01953125,85.02758620689654,0.10344827586206896,53.79310344827586,0.13793103448275862,-0.01406973461321287,-0.013485272201200958
IRKAHCNISRADWND,15,DB_HIV,0,C75 H120 N28 O22 S1,1798.0,2.028,0.001127919911012236,8.7451171875,48.37333333333332,0.06666666666666667,65.33333333333333,0.3333333333333333,-0.0054285714285714215,-0.030428173094237912
WMEWDREINNYTSLIHSLIEEAQNQQEKNEQELL,34,DB_HIV,0,C184 H281 N51 O62 S1,4231.580000000001,-4.896,-0.0011570146375585477,3.872802734375,59.78235294117646,0.08823529411764706,83.23529411764704,0.2647058823529412,-0.02026468058487763,-0.01695576714703748
TRQARRNRRRWRERQR,16,DB_HIV,0,C91 H162 N48 O22,2280.57,8.997,0.0039450663649877,12.644287109375,184.3625,0.0625,6.25,0.0625,-0.016987012987012967,-0.04646829165018258
NNCLLLGTEVSEALGGAGLTGG,22,DB_HIV,0,C85 H145 N25 O31 S1,2045.29,-1.069,-0.000522664267658865,2.984375,34.1409090909091,0.0,110.9090909090909,0.4090909090909091,0.011426470588235297,-0.003627311876940307
PPINNCMPLGTEVSEALGGA,20,DB_HIV,0,C83 H137 N23 O28 S2,1969.25,-1.069,-0.0005428462612669798,2.984375,72.9,0.0,83.0,0.4,0.007946624803767665,0.00258076654223528
HSLIEESQNQQEKNEQELLELDKWASLWNWFNITNW,36,DB_HIV,0,C203 H296 N54 O63,4500.860000000001,-3.897,-0.0008658345294010476,3.96337890625,66.73055555555555,0.1388888888888889,78.6111111111111,0.25,0.03759510567296996,0.007940979997448954
LEAIPCSIPPCFAFNKPFVF,20,DB_HIV,0,C109 H159 N23 O24 S2,2239.71,0.862,0.00038487125565363374,5.984375,26.410000000000004,0.2,83.0,0.6,-0.0146530612244898,0.000654047073372928
WTEWDREINNYTSQIHSLIEESQNQQEKNEQELNEL,36,DB_JAH,0,C191 H289 N55 O70,4475.68,-5.895,-0.0013171182926393307,3.798828125,67.66388888888888,0.08333333333333333,64.99999999999999,0.16666666666666666,-0.01562688701732083,-0.01657840748136977
SLEQIWNNMTWMQWDK,16,DB_HIV,0,C95 H137 N25 O26 S2,2109.4,-0.002,-9.48136910969944e-07,3.9443359375,22.7125,0.1875,48.75,0.25,-0.00438095238095238,-0.056100597959163036
ETGSVRFPFHRCGTGPRLTK,20,DB_HIV,0,C98 H157 N33 O26 S1,2245.57,4.028,0.0017937539243933608,11.11669921875,12.254999999999999,0.1,34.0,0.25,-0.02064050235478807,0.015650110402501364
LEAIPMSIPAEVKFNKPFVF,20,DB_HIV,0,C110 H170 N24 O26 S1,2276.75,0.998,0.00043834413088832765,6.875,50.709999999999994,0.15,97.5,0.55,-0.04724646781789639,0.015096643175214178
YTSLIHSLIEESQNQQEKNEQELLELDKWASLWNSF,36,DB_HIV,0,C194 H294 N50 O64,4350.7300000000005,-3.898,-0.0008959416006049559,3.96337890625,65.53055555555555,0.1111111111111111,89.44444444444443,0.2777777777777778,0.0012105514063244912,0.0018332996047081068
SLIEESQNQQEKNEQELLELDKWASLWNWFNITNWL,36,DB_HIV,0,C203 H300 N52 O63,4476.88,-3.996,-0.0008925859080431014,3.6884765625,70.15833333333333,0.1388888888888889,89.44444444444443,0.2777777777777778,0.04246718576195772,0.008635459267979435
EMTWQEWEQKVEELEKKIEELLK,23,DB_JAH,0,C134 H212 N32 O42 S1,2975.38,-2.994,-0.0010062580241851462,4.152099609375,48.36956521739131,0.08695652173913043,80.43478260869564,0.2608695652173913,-0.0062009803921568634,0.025371873743862457
EMTWEEWEKKIEEYIKKIEEILKKSQNQQIDL,32,DB_JAH,0,C184 H293 N45 O57 S1,4079.64,-1.994,-0.0004887686168387407,4.411865234375,68.52499999999999,0.09375,85.3125,0.25,-0.008191452991452991,-0.005046284454965762
SGIVQQQNNLLRAIEAQQHLLQLTVWGIKQCCGR,34,DB_HIV,0,C166 H278 N54 O47 S2,3846.46,2.961,0.0007697987240215679,8.9296875,46.5735294117647,0.029411764705882353,114.70588235294117,0.4117647058823529,0.019012823520212684,-0.0057637867004469556
TEVSEALGGAGLTGGFYEPL,20,DB_HIV,0,C88 H135 N21 O30,1967.15,-2.001,-0.001017207635411636,2.88671875,54.7705,0.1,83.0,0.35,0.01135321821036106,-0.011855945764490578
LEAIPMSIPPAVKFNKPFVF,20,DB_HIV,0,C110 H170 N24 O24 S1,2244.75,1.997,0.0008896313620670454,9.83984375,60.34,0.15,97.5,0.55,-0.0431585557299843,0.01944546308356752
TTWEAWDRAIAEYAARIEALIRALQELQEKNEAILREL,38,DB_HIV,0,C200 H321 N57 O60,4484.040000000001,-1.995,-0.00044491128535873895,4.326416015625,59.02368421052631,0.07894736842105263,113.42105263157895,0.4473684210526316,-0.010324675324675325,-0.0062120257237699905
PRLSHKGPMPF,11,DB_HIV,0,C58 H92 N18 O12 S1,1265.54,3.094,0.0024448061696983104,11.400390625,66.64545454545454,0.09090909090909091,35.45454545454546,0.2727272727272727,0.132,-0.10136108015097334
WMEWDREINNYTSLIHSLIEESQNQQEKNEQELLEL,36,DB_JAH,0,C195 H299 N53 O67 S1,4489.860000000001,-5.895,-0.0013129585332282074,3.798828125,67.71666666666665,0.08333333333333333,86.66666666666666,0.25,-0.015919593198792308,-0.015793273753682543
RCGTGPRLTKDLEAVPFVNR,20,DB_HIV,0,C96 H162 N32 O27 S1,2228.59,2.93,0.0013147326336383095,10.009765625,16.5,0.05,73.0,0.35,0.060423861852433286,-0.013528897037755339
DFLEENITALLEEAQIQQEKNMYELQKLNSWDVFG,35,DB_HIV,0,C187 H286 N46 O61 S1,4186.63,-4.996,-0.0011933225529841426,3.5546875,61.24857142857142,0.11428571428571428,92.0,0.37142857142857144,-0.013173821252638987,-5.631528969065417e-05
WVNQLAVLGLPAVDAAVA,18,DB_HIV,0,C84 H136 N22 O22,1806.12,-0.004,-2.214692268509291e-06,2.9296875,13.58888888888889,0.05555555555555555,157.22222222222223,0.6666666666666666,-0.0015034965034965027,0.0008324210057815458
YTSLIHSLIEESQNQQEKNEQELLELDKWASLWNWF,36,DB_JAH,0,C202 H299 N51 O63,4449.860000000001,-3.898,-0.000875982615183399,3.96337890625,62.64999999999999,0.1388888888888889,89.44444444444443,0.2777777777777778,0.0029725091371364983,0.001399848335412386
YTSLIHSLIEESQNQQEKNEQELLELDKWASLANAA,36,DB_HIV,0,C180 H285 N49 O63,4143.5,-3.898,-0.0009407505731869193,3.96337890625,55.52499999999999,0.05555555555555555,97.77777777777777,0.3333333333333333,0.0014717940568886102,0.000481115571905014
QARQLLSGIVQQQNNLLRAIEAQQHLLQLTVWGIKQLQARILAVERYLKQQ,51,DB_HIV,0,C265 H447 N83 O72,5947.92,5.096,0.0008567700977820818,11.25048828125,55.07450980392156,0.0392156862745098,133.921568627451,0.43137254901960786,-0.0019563335215509125,-0.0006072438617445795
NNCLLLGTEVSEALGGAGLT,20,DB_HIV,0,C81 H139 N23 O29 S1,1931.18,-1.069,-0.000553547571950828,2.984375,34.63000000000001,0.0,122.0,0.45,0.009070643642072213,0.004249383541053233
TTPFTIRGPLGNQGRGNPVR,20,DB_HIV,0,C92 H153 N33 O26,2137.41,3.996,0.0018695524022064088,12.4013671875,6.570000000000002,0.05,53.5,0.2,-0.053554160125588696,-0.008017002385680663
EMTWEEWEKKIEEYTKKIEEILK,23,DB_JAH,0,C138 H215 N31 O42 S1,3012.44,-1.995,-0.0006622538540186693,4.373291015625,77.95652173913042,0.13043478260869565,67.82608695652173,0.21739130434782608,-0.00015056022408963522,0.021203211615000328
PPLNNCLLLGTEVSEALGGAGLTGG,25,DB_HIV,0,C101 H170 N28 O34 S1,2352.68,-1.069,-0.0004543754356733598,2.984375,38.94800000000001,0.0,113.19999999999999,0.4,0.011175438596491229,-0.005752896090657528
PFVFLR,6,DB_HIV,0,C40 H60 N10 O6,776.97,1.996,0.0025689537562582853,10.7421875,72.53333333333335,0.3333333333333333,113.33333333333331,0.6666666666666666,0,0
TKIRDSLHLVKCPTPAIEPP,20,DB_HIV,0,C99 H168 N28 O27 S1,2214.64,2.029,0.0009161759924863635,8.73046875,73.935,0.0,97.5,0.35,0.04267189952904238,-0.023435332410103177
YTSLIQSLIEESQNQQEKNEQQLLELDKWASLWNWF,36,DB_HIV,0,C201 H301 N51 O63,4439.860000000001,-2.998,-0.0006752465167820606,3.77587890625,71.42777777777776,0.1388888888888889,89.44444444444443,0.2777777777777778,0.004860638805021453,0.00018077604740529955
TLTVQARQLLSGIVQQQNNLLRAIEAQQHLLQLTVWGIKQLQARIL,46,DB_HIV,0,C234 H400 N72 O64,5246.14,4.096,0.0007807645240119402,11.841796875,54.132608695652166,0.021739130434782608,146.30434782608697,0.45652173913043476,0.00543232377378719,-0.003140476455599955
LRCRNEKKRHRAVRLIFTI,19,DB_HIV,0,C105 H186 N40 O23 S1,2408.92,7.028,0.0029174899955166627,11.9599609375,53.4,0.05263157894736842,102.63157894736841,0.42105263157894735,0.1550392464678179,0.055871766052678865
EELAKKAEELAKKAEELAKKAEELAKKAWASLWNWF,36,DB_JAH,0,C194 H305 N49 O54,4187.81,1.005,0.000239982234151024,7.140625,48.89444444444445,0.1111111111111111,79.16666666666666,0.4166666666666667,0.02186397584617829,-0.0063445657777125904
RNPVCPGYAWLSSGRPDGFI,20,DB_HIV,0,C99 H147 N29 O26 S1,2191.48,1.928,0.0008797707485352364,8.705078125,62.745,0.15,58.5,0.3,-0.041908948194662475,-0.0002660853253548292
WEEWDKKIEEYTKKIEELIKKSQNQQIDI,29,DB_JAH,0,C167 H264 N42 O52,3692.15,-0.997,-0.0002700323659656298,4.53955078125,64.54482758620689,0.10344827586206896,80.6896551724138,0.20689655172413793,0.002217673630717112,-0.011574441618850722
WMEWDREINNYTSLIHSLIEEWQNQQEKNEQELL,34,DB_HIV,0,C192 H286 N52 O62 S1,4346.72,-4.896,-0.001126366547649722,3.872802734375,55.361764705882344,0.11764705882352941,80.29411764705881,0.23529411764705882,-0.01979670028931112,-0.01650432560487896
NCLLLGTEVSEALGGAGL,18,DB_HIV,0,C73 H126 N20 O25 S1,1715.98,-1.069,-0.0006229676336554039,2.984375,37.36666666666668,0.0,135.55555555555554,0.5,0.0033916083916083954,0.007333450458765314
MTWEEWDKKIEEYTKKIEELIKKSQNQQ,28,DB_JAH,0,C160 H253 N41 O50 S1,3583.05,0.003,8.372755055050864e-07,4.8837890625,60.096428571428554,0.10714285714285714,55.71428571428571,0.17857142857142858,-0.0033822699040090337,0.003587945127007908
INNYTSLIHSLIEESQNQQEKNEQELLE,28,DB_HIV,0,C142 H228 N40 O53,3343.58,-3.898,-0.0011658162807529654,3.85302734375,76.93214285714285,0.03571428571428571,97.5,0.25,-0.06100427522787773,-0.01330744607831282
MTWMEWDREINNYTSLIHSLIEESQNQQEKNEQELLEL,38,DB_HIV,0,C204 H315 N55 O70 S2,4722.160000000001,-5.895,-0.0012483693902790246,3.798828125,59.965789473684204,0.07894736842105263,82.10526315789473,0.2631578947368421,-0.015474183074989526,-0.011850723650373146
WEEWDKKIEEYTKKIEELIKKSQNQQ,26,DB_JAH,0,C151 H237 N39 O47,3350.75,0.003,8.95321942848616e-07,4.8837890625,70.83846153846153,0.11538461538461539,60.0,0.15384615384615385,0.002319011815252416,-0.0015455257993969398
PKDGPSPGGTLMDLSERQEVSSVRSLSST,29,DB_HIV,0,C124 H210 N38 O47 S1,3017.3,-0.001,-3.3142213236999965e-07,4.4384765625,81.13448275862069,0.0,60.34482758620689,0.20689655172413793,-0.020303500846979104,0.011110053959686271
YTSLIHSLIEEAQNQQEKNEQELLELDKWASLWNWF,36,DB_HIV,0,C202 H299 N51 O62,4433.860000000001,-3.898,-0.0008791436806755287,3.96337890625,51.949999999999996,0.1388888888888889,92.22222222222221,0.3055555555555556,0.0006588272683934524,-0.0007982865694078061
GFSSIFRGVAKFASKGLGKDLARLGVNLVACKISKQC,37,DB_HIV,0,C173 H291 N51 O45 S2,3869.62,6.86,0.0017727838909246904,10.82373046875,21.98378378378378,0.08108108108108109,97.56756756756758,0.4864864864864865,-0.0003018433179723493,-0.012047852330469457
LEAIPMSIPPEVKFNKPFVA,20,DB_HIV,0,C106 H168 N24 O26 S1,2226.69,0.998,0.00044819889611935203,6.875,59.39999999999999,0.1,97.5,0.5,-0.04851491365777081,0.014303155214873096
GKKYRRFRWKFKFGKWFWFG,20,DB_HIV,0,C141 H192 N38 O21,2755.28,8.994,0.0032642780407072963,11.9599609375,42.32,0.45,0.0,0.25,0.13820722135007849,-0.018950666714986568
RSQKEGLHYTCSSHFPYSQYQFWK,24,DB_HIV,0,C138 H192 N38 O37 S1,3007.31,3.125,0.0010391346419225155,9.36669921875,64.15833333333333,0.25,16.249999999999996,0.16666666666666666,0.01651039363113667,-0.014905936278479057
PAIEPPTGTFGFFPGVPP,18,DB_HIV,0,C90 H127 N19 O22,1827.1,-0.003,-1.6419462536259648e-06,3.150390625,95.47777777777779,0.16666666666666666,43.33333333333333,0.3333333333333333,0.05610389610389611,0.004073547201980793
LEAAPMSIPPEVKFNKPFVF,20,DB_HIV,0,C109 H166 N24 O26 S1,2260.71,0.998,0.0004414542334045499,6.875,70.47,0.15,78.0,0.5,-0.03635164835164834,0.022124673173187767
NNYTSLIHSLIEESQNQQEKNEQELLELDK,30,DB_HIV,0,C152 H245 N43 O57,3586.84,-3.898,-0.0010867504544390047,3.96337890625,69.63999999999999,0.03333333333333333,91.0,0.23333333333333334,-0.037284472049689446,-0.008079034780683902
TTWEAWDRAIAEYAARIEALLRALQEQQEKNEAALRELDKWASLWNWF,48,DB_JAH,0,C264 H395 N73 O75,5791.42,-1.995,-0.0003444751028245232,4.369384765625,50.48749999999999,0.14583333333333334,85.83333333333331,0.3958333333333333,-0.002832139095002719,-0.0026530481630529317
KFRRQRPRLSHKGPMPF,17,DB_HIV,0,C96 H157 N35 O19 S1,2137.57,7.094,0.0033187217260721284,12.59130859375,103.00588235294117,0.11764705882352941,22.941176470588232,0.23529411764705882,0.15850649350649348,-0.0032725479418939545
PNGPWVWVPAFCQAVGWGDP,20,DB_HIV,0,C105 H140 N26 O24 S1,2182.47,-0.071,-3.253194774727717e-05,2.9296875,4.285000000000002,0.2,53.5,0.35,-0.018857142857142857,0.01811136130659742
NNMTWMEWDREINNYTSLIHSLIEESQNQQEKNEQE,36,DB_HIV,0,C189 H287 N55 O68 S2,4481.780000000001,-4.896,-0.0010924230997505454,3.872802734375,62.74166666666666,0.08333333333333333,54.16666666666666,0.19444444444444445,-0.021890354361989512,-0.011030431519182109
GERVWDRGNVTLLCDCPNGP,20,DB_HIV,0,C92 H146 N30 O29 S2,2200.47,-0.137,-6.225942639527011e-05,4.1787109375,0.9699999999999998,0.05,68.0,0.3,0.06549450549450549,-0.04112116340434092
MTWQEWEKQVRYLEANISKSL,21,DB_JAH,0,C119 H184 N32 O34 S1,2639.0,0.999,0.0003785524820007579,6.9375,28.00952380952381,0.14285714285714285,74.28571428571428,0.2857142857142857,0.030979591836734693,-0.009227000901136337
INNYTSLIHSLIEESQNQQEKNEQELLELDKWASLW,36,DB_HIV,0,C192 H297 N51 O64,4343.740000000001,-3.898,-0.0008973833608825573,3.96337890625,62.10277777777777,0.08333333333333333,100.27777777777776,0.2777777777777778,-0.013408231368186873,-0.00037868220896909423
FCLEGGCLVALGCTICTD,18,DB_HIV,0,C76 H125 N19 O24 S4,1817.19,-1.272,-0.0006999818400937712,2.845703125,73.92222222222223,0.05555555555555555,108.33333333333331,0.6111111111111112,-0.0026923076923076905,0.012244790786329923
GLMDTVKNVAKNLAGHMLDKLKCKITGC,28,DB_HIV,0,C128 H226 N38 O36 S4,3001.67,3.96,0.001319265608811095,9.63330078125,-11.914285714285716,0.0,97.49999999999997,0.4642857142857143,-0.006758893280632409,-0.019425876937807215
QGHLQEVDAGNFIPPPRW,18,DB_HIV,0,C94 H138 N28 O25,2060.29,0.097,4.708075076809575e-05,5.17578125,64.27222222222223,0.1111111111111111,65.0,0.2777777777777778,0.02865634365634366,0.01169599450847375
TGTFGFFPGVPPINNCMPLG,20,DB_HIV,0,C96 H141 N23 O24 S2,2065.43,0.928,0.0004493011140537322,5.125,72.9,0.15,53.5,0.4,-0.05188383045525901,0.021665408209412828
QEFFGLNNCSSSNRLD,16,DB_HIV,0,C76 H116 N24 O27 S1,1829.95,-0.07,-3.825241126806744e-05,3.9443359375,43.6875,0.125,48.75,0.3125,-0.10680519480519482,0.02392453179132259
PFVFLE,6,DB_HIV,0,C39 H55 N7 O8,749.9,-0.003,-4.000533404453927e-06,3.150390625,40.43333333333334,0.3333333333333333,113.33333333333331,0.6666666666666666,0,0
WEEWDKKIEEYTKKIEELIKKSQNQQLDI,29,DB_JAH,0,C167 H264 N42 O52,3692.15,-0.997,-0.0002700323659656298,4.53955078125,64.54482758620689,0.10344827586206896,80.6896551724138,0.20689655172413793,0.0009472049689441025,-0.012340550101028807
ELSEWGVPCVTCILDRRPAS,20,DB_HIV,0,C96 H156 N28 O29 S2,2230.57,-0.136,-6.0970962579071715e-05,4.3271484375,58.03500000000001,0.05,92.5,0.4,-0.07635164835164833,0.01727960226895191
LEAIPMSIPPEFLFGKPFVF,20,DB_HIV,0,C114 H168 N22 O25 S1,2278.7599999999998,-0.002,-8.776703119240289e-07,4.158203125,44.754999999999995,0.2,97.5,0.55,0.0020722135007849246,0.002440018160772277
DLEAVPFVNRTTPFTIRGPL,20,DB_HIV,0,C103 H164 N28 O28,2242.58,0.998,0.0004450231429870952,6.8125,34.145,0.1,92.5,0.4,-0.024659340659340657,-0.004429037418671378
LSCPQYVYGSVSVTCVWGSV,20,DB_HIV,0,C96 H145 N23 O28 S2,2133.46,0.859,0.0004026323437045925,5.0,20.075,0.15,92.0,0.4,0.02863736263736264,-0.006592139071035745
YCKKCCYHCQ,10,DB_HIV,0,C53 H80 N16 O13 S4,1277.57,2.822,0.0022088809223760734,8.1103515625,13.8,0.2,0.0,0.4,-0.0004285714285714337,-0.01967546418299586
LAAIPMSIPPEVKFNKPFVF,20,DB_HIV,0,C110 H170 N24 O24 S1,2244.75,1.997,0.0008896313620670454,9.83984375,59.39999999999999,0.15,97.5,0.55,-0.0563956043956044,0.020940011474351258
WMEWDREINNYTSLIHSLIEESQNQQEKNEQELL,34,DB_JAH,0,C184 H281 N51 O63 S1,4247.580000000001,-4.896,-0.0011526563360784257,3.872802734375,71.11176470588234,0.08823529411764706,80.29411764705881,0.23529411764705882,-0.022235123934631323,-0.018816875234950053
ANGSRIPTGERVWDRGNVTL,20,DB_HIV,0,C93 H153 N33 O29,2197.42,1.998,0.0009092481182477632,10.490234375,-14.344999999999999,0.05,73.0,0.25,-0.01634536891679748,0.0015248186588169954
VPVGSASCTIAALGSSDR,18,DB_HIV,0,C69 H120 N22 O25 S1,1689.9,0.929,0.0005497366708089236,5.90625,68.8611111111111,0.0,92.22222222222221,0.4444444444444444,-0.015094905094905098,0.01493274609968444
ERKVDFLEENITALLEEAQIQQEKNMYELQKLNSW,35,DB_HIV,0,C189 H300 N50 O61 S1,4280.780000000001,-2.995,-0.0006996388508636275,4.100341796875,54.52857142857143,0.08571428571428572,92.0,0.34285714285714286,-0.014369458128078818,-0.0010231173785141866
NCLLLGTEVSEALGGAGLT,19,DB_HIV,0,C77 H133 N21 O27 S1,1817.08,-1.069,-0.0005883065137473308,2.984375,35.92631578947369,0.0,128.42105263157893,0.47368421052631576,0.010408163265306124,0.0011190940608911879
AQLVGELGSLYGPLSVSA,18,DB_HIV,0,C79 H130 N20 O25,1760.01,-0.004,-2.2727143595775024e-06,3.150390625,-4.177777777777779,0.05555555555555555,130.0,0.4444444444444444,0.0038661338661338603,-0.04000028952073391
MTWETWEREIENYTRQIYRILEESQEQQDRNERDLLE ,38,DB_JAH,0,C207 H319 N61 O71 S1,4830.1900000000005,-4.992,-0.001033499717402421,3.99365234375,62.7945945945946,0.10810810810810811,63.24324324324325,0.1891891891891892,-0.023941244239631336,-0.009844573988462465
RINNIPWSEAMM,12,DB_HIV,0,C63 H101 N19 O17 S2,1460.73,0.997,0.0006825354446064639,6.75,54.63333333333334,0.08333333333333333,73.33333333333331,0.4166666666666667,0.05975510204081632,-0.0476620216283583
AVGIGAMFLGFLGAAGSTMGAAS,23,DB_HIV,0,C91 H146 N24 O26 S2,2056.42,0.996,0.00048433685725678604,6.0,-8.891304347826088,0.08695652173913043,89.56521739130434,0.6086956521739131,-0.03988445378151261,-0.0009418625010032962
TTWMEWDREINNYTSLIHSLIEESQNQQEKNEQELLEL,38,DB_HIV,0,C203 H313 N55 O71 S1,4692.06,-5.895,-0.001256377795680362,3.798828125,60.72368421052631,0.07894736842105263,82.10526315789473,0.23684210526315788,-0.01491411813992459,-0.012409430422505753
WMEWDREINNYTSLIHSLIEEPQNQQEKNEQELL,34,DB_HIV,0,C186 H283 N51 O62 S1,4257.620000000001,-4.896,-0.001149938228399904,3.872802734375,71.11176470588234,0.08823529411764706,80.29411764705881,0.23529411764705882,-0.021496207678473687,-0.01812998640496216
VFASLPGIIFTRSQKEGL,18,DB_HIV,0,C91 H148 N24 O24,1962.31,1.997,0.001017678144635659,10.013671875,50.5388888888889,0.1111111111111111,108.33333333333331,0.4444444444444444,-0.1541258741258741,0.036972376203762855
WEEWDRKIEEYTKKIKKLIEESQEQQEKNEKELK,34,DB_HIV,0,C195 H312 N52 O63,4392.89,-0.992,-0.00022581944915533964,4.774658203125,76.68529411764705,0.08823529411764706,57.352941176470594,0.14705882352941177,-0.010957463445148174,-0.022504667324658535
LVQPRGPRSGPGPWQGGRRKFRRQRPRLSHKGPMPF,36,DB_HIV,0,C185 H299 N69 O41 S1,4177.870000000001,11.094,0.002655420106417863,12.9501953125,83.46666666666667,0.08333333333333333,29.72222222222222,0.16666666666666666,-0.013430796122675993,-0.004128080439306929
YTSLIHSLIEESQNQQEKNEQELLELDKWASLWNAF,36,DB_HIV,0,C194 H294 N50 O63,4334.7300000000005,-3.898,-0.0008992486267887503,3.96337890625,65.53055555555555,0.1111111111111111,92.22222222222221,0.3055555555555556,0.0026343556332432913,0.0014360320053271583
YTSLIHSLIEEIQNQQEKNEQELLELDKWASLWNWF,36,DB_HIV,0,C205 H305 N51 O62,4475.9400000000005,-3.898,-0.000870878519372467,3.96337890625,57.3,0.1388888888888889,100.27777777777776,0.3055555555555556,-0.0015970125536310222,-0.0029879670386073094
ALWKTMLKKLGTMALHAGKAALGAAADTISQGTQ,34,DB_HIV,0,C152 H258 N44 O43 S2,3454.09,4.094,0.0011852615305333676,10.6904296875,1.8470588235294103,0.029411764705882353,92.3529411764706,0.47058823529411764,0.006951677222613182,-0.007042075264764605
QNQQEKNEQELLELDKWASLWNWFNITNWLWLIKIF,36,DB_HIV,0,C219 H318 N54 O57,4619.21,-0.999,-0.00021627074759536803,4.2509765625,43.486111111111114,0.19444444444444445,100.27777777777776,0.3333333333333333,0.05168345781026538,0.005906885061646117
TSLIHSLIEESQNQQEKNEQELLELDKWASLWNWFN,36,DB_HIV,0,C197 H296 N52 O63,4400.790000000001,-3.897,-0.0008855228265834086,3.96337890625,65.00833333333333,0.1111111111111111,89.44444444444443,0.2777777777777778,0.008698553948832035,0.002558204954655752
EEYTKKIEEYTKKIEEYTKKIEEYTKKIWASLWNWF,36,DB_HIV,0,C222 H329 N49 O62,4676.3,1.002,0.0002142719671535188,7.046875,66.64444444444443,0.2222222222222222,56.94444444444444,0.19444444444444445,0.02698172572699825,-0.005036912428198281
QARQLLSQIVQQQNNLLRAIEAQQHLLQ,28,DB_HIV,0,C141 H242 N48 O42,3281.74,2.096,0.0006386855753350357,10.58203125,75.21785714285714,0.0,132.5,0.42857142857142855,-0.000325078648060014,-0.009157615442684086
MTWQEWEKQVRYLEANISKSLEQAQIQQEKNMYELQ,36,DB_JAH,0,C198 H308 N54 O62 S2,4501.040000000001,-0.998,-0.00022172653431207006,4.45263671875,50.09444444444445,0.1111111111111111,67.77777777777777,0.2777777777777778,-0.002120769108533292,-0.011361503719991206
WMEWDRKIEEYTKKIKKLIEESQEQQEKNEKELK,34,DB_JAH,0,C195 H314 N52 O61 S1,4394.97,0.007,1.5927298707385943e-06,5.07421875,74.06176470588234,0.08823529411764706,57.352941176470594,0.17647058823529413,-0.013762999452654627,-0.021065258343763615
WQEWEQKITALLEQAQIQQEKNEYELQKLDKWASL WEWF,40,DB_HIV,0,,,-2.995,,4.100341796875,,0.175,75.75,0.275,,
LEAIAMSIPPEVKFNKPFVF,20,DB_HIV,0,C110 H170 N24 O26 S1,2276.75,0.998,0.00043834413088832765,6.875,64.61,0.15,97.5,0.55,-0.05321193092621664,0.01122827311921044
GSRIPTGERVWDRGNVTLLC,20,DB_HIV,0,C95 H158 N32 O28 S1,2228.54,1.93,0.0008660378543799977,8.7578125,-6.829999999999998,0.05,87.5,0.3,0.021375196232339095,-0.019725577845625307
WTEWDREINNYTSQIHSLIEELQNQQEKNEQELNEL,36,DB_JAH,0,C194 H295 N55 O69,4501.76,-5.895,-0.0013094878447540517,3.798828125,66.01944444444443,0.08333333333333333,75.83333333333333,0.19444444444444445,-0.013633561099634515,-0.014679530665640164
WMEWDREINNYTSLIGSLIEESQNQQEKNEQELLE,35,DB_HIV,0,C185 H284 N50 O66 S1,4296.610000000001,-5.993,-0.0013948205678430204,3.556396484375,65.83999999999997,0.08571428571428572,78.0,0.22857142857142856,-0.020644616467276566,-0.016868788611961245
LEAIPMSIAPEVKFNKPFVF,20,DB_HIV,0,C110 H170 N24 O26 S1,2276.75,0.998,0.00043834413088832765,6.875,60.84,0.15,97.5,0.55,-0.04944427001569859,0.01242572422187384
WTEWDREINNYTSQIHSLIEESQNIQEKNEQELNEL,36,DB_JAH,0,C192 H292 N54 O69,4460.71,-5.895,-0.0013215384994765406,3.798828125,76.61388888888888,0.08333333333333333,75.83333333333333,0.19444444444444445,-0.009119656761481009,-0.012726662309326765
CTRPNNNTRKSIRIQRGPGRAFVTIGKIGNMRQAHC,36,DB_HIV,0,C168 H289 N65 O46 S3,4051.71,8.959,0.002211165162363545,12.120361328125,10.874999999999996,0.027777777777777776,56.94444444444444,0.3055555555555556,0.03518099475607818,-0.006351544668330685
YTSLIHSLIEEPQNQQEKNEQELLELDKWASLWNWF,36,DB_HIV,0,C204 H301 N51 O62,4459.900000000001,-3.898,-0.0008740106280409874,3.96337890625,62.64999999999999,0.1388888888888889,89.44444444444443,0.2777777777777778,0.002104878436357858,0.0005847534774143111
SWETWEREIENYTRQIYRILEESQEQQDRNERDLLE,36,DB_JAH,0,C201 H308 N60 O70,4684.97,-4.992,-0.0010655351048139048,3.99365234375,69.2361111111111,0.1111111111111111,64.99999999999999,0.16666666666666666,-0.02200095344033053,-0.013235210721392133
KSLEQIWNNMTWMEWDREINNYTSLIHSLIEESQNQ,36,DB_HIV,0,C196 H296 N54 O63 S2,4480.92,-2.899,-0.0006469653553288164,4.080322265625,50.11944444444444,0.1111111111111111,75.83333333333333,0.25,0.0033637374860956614,-0.0014457507232564174
TWMEWDREINNYTSLIHSLIEESQNQQEKNEQELLE,36,DB_HIV,0,C193 H295 N53 O68 S1,4477.8,-5.895,-0.0013164947072222964,3.798828125,63.541666666666664,0.08333333333333333,75.83333333333333,0.2222222222222222,-0.017816939456539012,-0.01653686571307804
CLLLGTEVSEALGGAGLTG,19,DB_HIV,0,C75 H130 N20 O26 S1,1760.03,-1.069,-0.0006073760106361823,2.984375,32.97368421052632,0.0,128.42105263157893,0.47368421052631576,0.01764521193092622,-0.009906034459051041
WMEWDREINNYTSLIHSLIEESQNQQEKNEQILLEL,36,DB_JAH,0,C196 H303 N53 O65 S1,4473.900000000001,-4.896,-0.0010943472138402735,3.872802734375,67.71666666666665,0.08333333333333333,97.5,0.2777777777777778,-0.007418083584935641,-0.016778082061943537
WQEWEQQVRYLEANISQRLEQAQIQQEKNMYELQ,34,DB_JAH,0,C190 H291 N55 O60 S1,4337.76,-1.998,-0.00046060639592785215,4.15283203125,67.76176470588236,0.11764705882352941,71.76470588235294,0.2647058823529412,-0.005196653373993279,-0.011109058686788072
MEWDREINNYTSLIHSLIEESQNQQEKNEQELLELD,36,DB_HIV,0,C188 H294 N52 O69 S1,4418.7300000000005,-6.894,-0.0015601767928794018,3.687255859375,61.13888888888888,0.05555555555555555,86.66666666666666,0.25,-0.014986810742094394,-0.015232800200550697
KPFVFLM,7,DB_HIV,0,C45 H69 N9 O7 S1,880.16,1.996,0.00226776949645519,10.025390625,25.314285714285717,0.2857142857142857,97.14285714285714,0.7142857142857143,0,0
IEESQNQQEKNEQELLELDKWASLWNWFNITNWLWL,36,DB_HIV,0,C211 H305 N53 O62,4576.01,-3.996,-0.0008732498399260491,3.6884765625,80.16388888888889,0.16666666666666666,89.44444444444443,0.2777777777777778,0.051240108056570796,0.010217526985885185
PLNNCLLLGTEVSEALGG,18,DB_HIV,0,C77 H131 N21 O26 S1,1799.06,-1.069,-0.0005941991929118539,2.984375,42.08333333333334,0.0,130.0,0.4444444444444444,-0.018661338661338664,0.023874697666192882
IEAQQHLLQLTVWGIKQLQARIL,23,DB_JAH,0,C124 H208 N36 O31,2699.21,2.096,0.0007765235013207568,10.013671875,72.15217391304348,0.043478260869565216,156.95652173913044,0.4782608695652174,-0.015602240896358546,0.010410268808680848
LEAIPMCIPPECAFNKPFVF,20,DB_HIV,0,C107 H161 N23 O25 S3,2265.77,-0.137,-6.0465095751113315e-05,4.158203125,60.84,0.15,83.0,0.6,-0.03542229199372057,0.010951770703276206
PAFCQAVGWGDPITHWSHGQ,20,DB_HIV,0,C100 H137 N29 O26 S1,2193.41,0.126,5.74448005616825e-05,6.037109375,5.475000000000002,0.15,44.0,0.3,-0.03457770800627944,0.0009411888168281715
WEEWDKKIEEYTKKIEELIKKSQNQQIDL,29,DB_JAH,0,C167 H264 N42 O52,3692.15,-0.997,-0.0002700323659656298,4.53955078125,64.54482758620689,0.10344827586206896,80.6896551724138,0.20689655172413793,0.0017518351214003405,-0.011592567316281664
VEWNEMTWMEWEREIENYTKLIYKILEESQEQ,32,DB_JAH,0,C188 H279 N45 O59 S2,4177.63,-4.993,-0.0011951752548693877,3.853271484375,58.02499999999999,0.15625,70.0,0.25,0.0011550671550671562,0.015820852201166098
FHRCGAGPKLTKDLEAVP,18,DB_HIV,0,C86 H140 N26 O23 S1,1938.27,2.029,0.0010468097839826237,8.73046875,10.711111111111112,0.05555555555555555,70.55555555555554,0.3888888888888889,-0.009135864135864135,0.017039078574681916
LEAIPCSIPPCVLFNKPFVF,20,DB_HIV,0,C108 H165 N23 O24 S2,2233.75,0.862,0.0003858981533296027,5.984375,22.64,0.15,112.0,0.6,-0.010037676609105178,0.0013596007525594847
EWDREINNYTSLIHSLIEESQNQQEKNEQE,30,DB_HIV,0,C156 H240 N46 O59,3703.86,-4.896,-0.0013218642173300286,3.872802734375,71.36666666666665,0.06666666666666667,65.0,0.16666666666666666,-0.03222981366459628,-0.026370130668456206
MDYQVSSPIYDINYYTSEPCQKINVK,26,DB_HIV,0,C138 H209 N33 O44 S2,3098.48,-0.073,-2.3559939066897315e-05,4.1787109375,46.25384615384616,0.15384615384615385,67.3076923076923,0.2692307692307692,-0.024650912996777657,0.0007345367503784491
