sequence,length,provide,status_filter,formula,molecular_weigth,charge,charge_density,isoelectric,inestability,aromaticity,aliphatic_index,hydrophobic_ratio,hydrophobicity_profile,hydrophobic_profile,inhibition_IC50,inhibition_unit,name_peptide,source,host,assay,PMID/DOI
EMTWEEWEKKVEELEKKIEELLK,23,DB_JAH,0,C135 H215 N31 O42 S1,2976.41,-2.9930000000000003,-0.0010055738000000001,4.2485351563,45.7956521739,0.0869565217,80.4347826087,0.2608695652,-0.0025770308,0.021634209100000003,0.69,nM,2P23,,TZM-bl,,
YTSLIHSLIEEKQNQQEKNEQELLELDKWASLWNWF,36,DB_HIV,0,C205 H306 N52 O62,4490.95,-2.898,-0.0006452978,4.2170410156,58.5166666667,0.1388888889,89.4444444444,0.2777777778,0.0067900842,0.0034995696000000003,708.0,nM,T-20S138K,Enfuvirtide,HeLa,MAGI assay,19073606
DREINNYTSLIHSLIEESQNQQEKNEQELLELDKWA,36,DB_HIV,0,C187 H295 N53 O67,4357.68,-4.896,-0.0011235336,3.9560546875,58.7805555556,0.055555555599999994,89.4444444444,0.25,-0.0136427777,-0.0083242858,19.505792072846106,nM,T645,gp41,CEM,RT production,US6861059
IKKEIEAIKKEQEAIKKKIEAIEKEIEAQQHLLQLTVWGIKQLQARIL,48,DB_JAH,0,C257 H442 N70 O71,5648.71,3.1039999999999996,0.000549506,9.8725585938,76.21875,0.0208333333,130.2083333333,0.4166666667,0.0148874252,-0.005478450500000001,15.0,nM,IQN23,,HOS-CD4/fusion,,
YTSLIHSLIEESQNQQEKNEQELLELDKPASLWNWF,36,DB_HIV,0,C196 H296 N50 O63,4360.76,-3.898,-0.0008938809,3.9633789063,70.0805555556,0.11111111109999999,89.4444444444,0.2777777778,-0.00025107259999999996,-0.0007411086,116.95209091993138,nM,T704,gp41,CEM,RT production,US6861059
WMEWDREINNYTSLIHSLIEELQNIQEKNEQELLEL,36,DB_JAH,0,C199 H308 N52 O65 S1,4500.96,-5.895,-0.0013097205999999999,3.798828125,75.0222222222,0.0833333333,108.3333333333,0.3055555556,-0.007419037,-0.0102427251,18.5,nM,C36M1A,,MT-2,,
LEAIPMSIPPEVFFNKPFVF,20,DB_HIV,0,C115 H169 N23 O26 S1,2321.79,-0.002,-8.614043475077422e-07,4.158203125,60.84,0.2,92.5,0.55,-0.016477237,0.0073426424,660.0,nM,F13,alpha1-antitrypsin,P4-CCR5,ELISA,17448989
YTSLIHSLIEEEQNQQEKNEQELLELDKWASLWNWF,36,DB_HIV,0,C204 H301 N51 O64,4491.89,-4.896,-0.0010899644,3.8728027344,66.3555555556,0.1388888889,89.4444444444,0.2777777778,0.004592086400000001,0.0026619313,283.0,nM,T-20S138E,Enfuvirtide,HeLa,MAGI assay,19073606
YTSLIHSLIEEFQNQQEKNEQELLELDKWASLWNWF,36,DB_HIV,0,C208 H303 N51 O62,4509.95,-3.898,-0.0008643111,3.9633789063,51.95,0.1666666667,89.4444444444,0.3055555556,-0.0010185921,-0.0024238932,9.4,nM,T-20S138F,Enfuvirtide,HeLa,MAGI assay,19073606
YTSLIHSLIEESQNQQEKNQQELLQLDKWASLWNWF,36,DB_HIV,0,C202 H301 N53 O61,4447.89,-1.9,-0.00042716879999999996,4.2451171875,69.6111111111,0.1388888889,89.4444444444,0.2777777778,0.002580963,0.0015341951000000002,12.590239416892054,nM,T99,gp41,CEM,RT production,US6861059
TTWEAWDRAIAEYAARIEALIRAAQEQQEKNEAILREL,38,DB_HIV,0,C196 H312 N58 O61,4456.94,-1.995,-0.0004476165,4.3264160156,52.0026315789,0.0789473684,95.5263157895,0.42105263159999995,-0.0164775346,-0.0093937257,4.711752906702807,nM,267209,Synthetic,CEM4,MAGI/cMAGI infectivity assay,17640899
YTSLIHSLIEESQNQQEKNEQELLQLDKWASLWNWF,36,DB_HIV,0,C202 H300 N52 O62,4448.87,-2.8989999999999996,-0.0006516261,4.0803222656,71.7055555556,0.1388888889,89.4444444444,0.2777777778,0.0026543778999999997,0.0015883794,2.247761791196416,nM,T98,gp41,CEM,RT production,US6861059
YTSLIHSLIEESQNLQEKNEQELLELDKWASLWNWF,36,DB_HIV,0,C203 H302 N50 O62,4434.89,-3.898,-0.0008789395,3.9633789063,68.45,0.1388888889,100.27777777780001,0.3055555556,-6.41983155887448e-05,-0.00031036700000000003,0.6764542074324278,nM,T701,gp41,CEM,RT production,US6861059
WMEWDREINNYTSLIHSLIEESQNQQEKNEQELLELDKWASLWNWFNITNWLWYIK,56,DB_HIV,0,C330 H475 N83 O95 S1,7156.89,-4.895,-0.0006839563000000001,4.0657958983999976,55.7107142857,0.1785714286,85.3571428571,0.2678571429,0.013143131499999999,-0.0030415535,60.0,nM,P5,gp41,HeLa,Cell-to-cell fusion assay,18925934
WQTWERQVDNITQTISKALEEAQIQNEKNMYELQKLNQWDIFSNWF,46,DB_JAH,0,C259 H385 N69 O78 S1,5745.33,-1.9980000000000002,-0.0003477607,4.1611328125,25.652173913000002,0.152173913,70.0,0.2826086957,0.007420396700000002,-0.0090414299,0.42,nM,V2o,,PM1 human T cell,,
YGGIKKEIEAIKKEQEAIKKKIEAIEKEIEA,31,DB_HIV,0,C160 H275 N41 O49,3557.16,1.005,0.0002825288,7.125,78.7741935484,0.0322580645,100.96774193549999,0.3548387097,0.0024956044,0.0022598423000000003,26.000000000000004,nM,Izm,gp41,293T,Luciferase assay,11572974
IHSLIEESQNQQEKNEQELLELDKWASLWNWFNITN,36,DB_HIV,0,C198 H297 N53 O63,4427.81,-3.897,-0.0008801191,3.9633789063,73.0388888889,0.11111111109999999,89.4444444444,0.2777777778,0.0313847132,0.0061556767,24.84298106738997,nM,T636,gp41,CEM,RT production,US6861059
NMTWMEWDREINNYTSLIHSLIEESQNQQEKNEQEL,36,DB_HIV,0,C191 H292 N54 O67 S2,4480.83,-4.896,-0.0010926547,3.8728027344,62.7416666667,0.0833333333,65.0,0.22222222219999999,-0.023149849,-0.0125635721,0.8926917557684626,nM,T652,gp41,CEM,RT production,US6861059
EINNYTSLIHSLIEESQNQQEKNEQELLELDKWASL,36,DB_HIV,0,C186 H294 N50 O66,4286.64,-4.896,-0.0011421533,3.8728027344,60.875,0.055555555599999994,100.27777777780001,0.2777777778,-0.0154279358,-0.0015123845,394.2481757273762,nM,T643,gp41,CEM,RT production,US6861059
MTWCDWRDEIERYTKKIEELIRAAQEWQEKNEAALKEL,38,DB_JAH,0,C210 H328 N58 O64 S2,4753.34,-2.061,-0.0004335899,4.4465332031,44.3605263158,0.10526315789999999,72.1052631579,0.3157894737,0.008110860899999999,-0.0089178022,2.88,nM,CT105,,TZM-bl,,
KKISEEQKKIQEEIKKILEESKKILEEIERDWEMW,35,DB_JAH,0,C199 H329 N51 O61 S1,4444.13,-0.991,-0.0002229908,4.7746582031,91.42,0.0571428571,89.14285714290001,0.2571428571,0.0116565799,0.0096033096,86.25,nM,AP1,,MT-2,,
RMKQIEDKIEEIESKIKKIENEIARIKKLLQLTVWGIKQLQARIL,45,DB_JAH,0,C244 H427 N69 O66 S1,5415.51,5.003,0.000923828,10.4509277344,83.1911111111,0.022222222200000002,132.2222222222,0.4,0.0164566223,-0.0052927083,140.0,nM,IIN17,,HOS-CD4/fusion,,
VQQQNNLLRAIEAQQHLLQLTVWGIKQL,28,DB_HIV,0,C147 H245 N45 O40,3282.81,2.096,0.0006384774,10.013671875,63.1678571429,0.0357142857,139.2857142857,0.42857142859999997,0.0397604259,-0.0183395121,30.461708109820552,nM,T33,gp41,CEM,RT production,US6861059
YTSLIHSLIQQSQNQQQKNQQQLLQLDKWASLWNWF,36,DB_HIV,0,C202 H305 N57 O57,4443.95,2.094,0.00047120239999999997,9.583984375,60.5555555556,0.1388888889,89.4444444444,0.2777777778,0.0032661688,0.0010811952000000001,225.02503403503638,nM,T216,gp41,CEM,RT production,US6861059
ESQNQQEKNEQELLELDKWASLWNWFNITNWLWLIK,36,DB_HIV,0,C212 H310 N54 O60,4575.07,-1.9969999999999999,-0.0004364961,4.0834960938,56.54444444439999,0.1666666667,89.4444444444,0.2777777778,0.0524757667,0.0089750401,218.5758906421104,nM,T630,gp41,CEM,RT production,US6861059
MTWEEWDKKIEEYTKKIEELIK,22,DB_JAH,0,C132 H206 N30 O39 S1,2869.3,-0.997,-0.00034747150000000003,4.4990234375,59.67727272729999,0.13636363640000002,70.9090909091,0.2272727273,0.009289916,0.0186583322,3.0,nM,MT-SC20EK,,TZM-bl,,
KIEEIESKIKKIENEIARIKKLLQLTVWGIKQLQARIL,38,DB_JAH,0,C207 H363 N57 O54,4514.46,5.001,0.0011077736999999999,10.5473632813,76.0552631579,0.026315789500000002,146.31578947370002,0.42105263159999995,0.0171761102,-0.0078089519,160.0,nM,II_22N17,,HOS-CD4/fusion,,
TTWEAWDRAIAEYAARIEALIRAAQELQEKNEAALREL,38,DB_HIV,0,C194 H309 N57 O60,4399.88,-1.995,-0.00045342150000000003,4.3264160156,45.3763157895,0.0789473684,98.1578947368,0.44736842109999997,-0.013873586100000002,-0.008990878,4.772857441566588,nM,267226,Synthetic,CEM4,MAGI/cMAGI infectivity assay,17640899
YTSLIHSLIQESQNQQEKNEQELLELDKWASLWNWF,36,DB_HIV,0,C202 H300 N52 O62,4448.87,-2.8989999999999996,-0.0006516261,4.0803222656,46.7388888889,0.1388888889,89.4444444444,0.2777777778,0.0033885269,0.0010549225,5.1698521197517575,nM,T215,gp41,CEM,RT production,US6861059
KKISEEQKKIQEEIKKILEESKKILEEIKKDWEEW,35,DB_JAH,0,C200 H332 N50 O61,4413.09,0.008,1.81278877158635e-06,5.123046875,81.46,0.0571428571,89.14285714290001,0.2285714286,0.0097719916,0.0063732331,23.05,nM,AP2,,MT-2,,
YTSLIHSLIEEGQNQQEKNEQELLELDKWASLWNWF,36,DB_HIV,0,C201 H297 N51 O62,4419.83,-3.898,-0.0008819344,3.9633789063,51.95,0.1388888889,89.4444444444,0.2777777778,0.0010637216,-0.000408875,1.3,nM,T-20S138G,Enfuvirtide,HeLa,MAGI assay,19073606
YTSLIHSLIEENQNQQEKNEQELLELDKWASLWNWF,36,DB_HIV,0,C203 H300 N52 O63,4476.88,-3.898,-0.0008706957,3.9633789063,49.855555555600006,0.1388888889,89.4444444444,0.2777777778,0.0047077705,0.0027178178000000002,19.0,nM,T-20S138N,Enfuvirtide,HeLa,MAGI assay,19073606
WEEMDREINNYTKLIHELIEESQNQQEKNEQELL,34,DB_JAH,0,C183 H287 N51 O65 S1,4273.62,-5.893,-0.0013789247,3.9301757813,75.6588235294,0.05882352940000001,80.2941176471,0.23529411760000002,-0.015387051399999999,-0.023186500000000002,1.4,nM,FB006,,H9,,
QHLLQLTVWGIKQLQARILAVERYLKDQ,28,DB_HIV,0,C154 H255 N45 O39,3360.96,3.095,0.0009208678,10.224609375,32.7571428571,0.0714285714,139.2857142857,0.42857142859999997,-0.0391425345,0.0212477326,29.753403789393506,nM,T35,gp41,CEM,RT production,US6861059
WMEWDREINNYTSLIHSLIEETQNQQEKNEQELL,34,DB_HIV,0,C185 H283 N51 O63 S1,4261.61,-4.896,-0.0011488616000000001,3.8728027344,57.5647058824,0.0882352941,80.2941176471,0.23529411760000002,-0.0219149269,-0.018521886499999998,2.6,nM,C34S138T,C34,HeLa,MAGI assay,19073606
WTEWDREINNYTSQIHSLIEESQNQQEKLEQELNEL,36,DB_JAH,0,C193 H294 N54 O69,4474.74,-5.895,-0.001317395,3.798828125,65.30555555560001,0.0833333333,75.8333333333,0.19444444440000005,-0.0068437947,-0.0098283119,30.5,nM,C36M3,,MT-2,,
NQQEKNEQELLELDKWASLWNWFNITNWLWLIKIFI,36,DB_HIV,0,C220 H321 N53 O56,4604.24,-0.9990000000000001,-0.0002169739,4.2509765625,43.486111111099994,0.19444444440000005,111.1111111111,0.3611111111,0.049740982,0.0047118037,217.1911108022171,nM,T627,gp41,CEM,RT production,US6861059
SLIHSLIEESQNQQEKNEQELLELDKWASLWNWFNI,36,DB_HIV,0,C199 H300 N52 O62,4412.84,-3.897,-0.0008831048,3.9633789063,77.2138888889,0.11111111109999999,100.27777777780001,0.3055555556,0.016693786699999998,0.0037310894,1.133057169532546,nM,T638,gp41,CEM,RT production,US6861059
YTSLIHSLIEERQNQQEKNEQELLELDKWASLWNWF,36,DB_HIV,0,C205 H306 N54 O62,4518.97,-2.898,-0.0006412966000000001,4.2170410156,57.3,0.1388888889,89.4444444444,0.2777777778,0.0096821866,0.0039810009,362.0,nM,T-20S138Q,Enfuvirtide,HeLa,MAGI assay,19073606
TRQARRNRRRWRERQRAAAAC,21,DB_HIV,0,C106 H187 N53 O27 S1,2668.02,8.93,0.0033470514000000003,12.4012451172,163.77142857139998,0.0476190476,23.809523809499996,0.2857142857,0.08677551019999999,-0.0393035682,350.0,nM,Rev 34-50 A4C,rev,MT-2,MAGI assay,20580677
EESQNQQEKNEQELLELDKWASLWNWFNITNWLWLI,36,DB_HIV,0,C211 H305 N53 O62,4576.01,-3.9960000000000004,-0.0008732497999999999,3.6884765625,67.9583333333,0.1666666667,89.4444444444,0.2777777778,0.0538611155,0.0103660151,218.53099097248474,nM,T631,gp41,CEM,RT production,US6861059
EWDREINNYTSLIHSLIEESQNQQEKNEQELLELDKWASLW,41,DB_HIV,0,C223 H338 N60 O75,5059.45,-5.894,-0.0011649488000000001,3.8842773438,54.9414634146,0.0975609756,88.0487804878,0.243902439,-0.002457383,-0.006631550799999999,1.5,nM,WT,gp41,CHO-WT,Syncytia assay,22770564
YTSLIHSLIEELQNQQEKNEQELLELDKWASLWNWF,36,DB_HIV,0,C205 H305 N51 O62,4475.94,-3.898,-0.0008708785,3.9633789063,61.005555555600004,0.1388888889,100.27777777780001,0.3055555556,-0.0007293819000000001,-0.0021424445,0.7,nM,T-20S138L,Enfuvirtide,HeLa,MAGI assay,19073606
YTSLIHSLIEESQNQQEKNEQQLLELDKWASLWNWF,36,DB_HIV,0,C202 H300 N52 O62,4448.87,-2.8989999999999996,-0.0006516261,4.0803222656,62.65,0.1388888889,89.4444444444,0.2777777778,0.0028012077000000002,0.001463211,0.4495523582392833,nM,T97,gp41,CEM,RT production,US6861059
SGIDQEQNNLTRLIEAQIHELQLTQWKIKQLLARILK,37,DB_HIV,0,C195 H330 N58 O56,4383.08,2.099,0.000478887,9.72265625,44.540540540500004,0.027027027000000002,131.8918918919,0.3783783784000001,0.0146054147,0.0021521403,488.0,nM,N36,gp41,TZM-bl,Flow Cytometry,19593361
YTSLIHSLIEEVQNQQEKNEQELLELDKWASLWNWF,36,DB_HIV,0,C204 H303 N51 O62,4461.91,-3.898,-0.0008736169,3.9633789063,51.95,0.1388888889,97.5,0.3055555556,-0.0007293819000000001,-0.0021424445,0.4,nM,T-20S138V,Enfuvirtide,HeLa,MAGI assay,19073606
YTSLIHSLIEESQNQQEKLEQELLELDKWASLWNWF,36,DB_HIV,0,C204 H304 N50 O62,4448.91,-3.898,-0.0008761697,3.9633789063,60.2916666667,0.1388888889,100.27777777780001,0.3055555556,0.0033907515999999998,0.0014817038,8.091869693925029,nM,T702,gp41,CEM,RT production,US6861059
WMEWDREINNYTSLIHSLIEELQNQQEKNEQELL,34,DB_HIV,0,C187 H287 N51 O62 S1,4273.66,-4.896,-0.0011456222999999999,3.8728027344,69.37058823529999,0.0882352941,91.7647058824,0.2647058824,-0.0190824146,-0.0158116051,1.5,nM,C34S138L,C34,HeLa,MAGI assay,19073606
RQLLSGIVQQQNNLLRAIEAQQHLLQK,27,DB_HIV,0,C136 H236 N46 O39,3139.63,3.096,0.0009861035,11.2216796875,67.3555555556,0.0,133.7037037037,0.40740740740000003,-0.0189721707,-0.0044823905,338.0,nM,N27,gp41,TZM-bl,Luciferase assay,20605950
ELTWEEWEKKIEEYTKKIEEILK,23,DB_JAH,0,C139 H217 N31 O42,2994.4,-1.995,-0.0006662437,4.3732910156,79.2086956522,0.1304347826,84.78260869569999,0.2173913043,-0.0025665266,0.023009759700000004,0.39,nM,HP23L,,TZM-bl,,
VWGIKQLQARILAVERYLKDQQLLGIWG,28,DB_HIV,0,C154 H249 N43 O37,3294.9,2.997,0.0009095875,10.224609375,21.2571428571,0.1071428571,139.2857142857,0.42857142859999997,7.259820924417218e-06,-0.0059411359,16.69246411120216,nM,T5,gp41,CEM,RT production,US6861059
WQEWEKQVRYLEANISKSLEQAQIQQEKNMYELQ,34,DB_JAH,0,C189 H292 N52 O59 S1,4268.74,-0.998,-0.0002337926,4.4526367188,57.7205882353,0.11764705880000001,71.7647058824,0.2647058824,-0.0010294003,-0.0144155481,5.51,nM,C34_ROD,,TZM-bl,,
MTWEEWDKKIEEYTKKIEELIKKSQNQQIDL ,32,DB_JAH,0,C176 H280 N44 O55 S1,3924.45,-0.997,-0.00025404830000000004,4.5395507813,55.2483870968,0.0967741935,75.4838709677,0.2258064516,-0.0026351648,-0.0061293439000000005,0.6,nM,MT-WQ-IDL,,MT-2 ,,
TTWEAWDRAIAEYAARIEALIRAAQELQEKLEAALREL,38,DB_HIV,0,C196 H314 N56 O59,4398.94,-1.995,-0.0004535183,4.3264160156,43.142105263199994,0.0789473684,108.42105263159999,0.4736842105,-0.0059483661,-0.0024967354,136.39649551937512,nM,267228,Synthetic,CEM4,MAGI/cMAGI infectivity assay,17640899
YTSLIHSLIEEYQNQQEKNEQELLELDKWASLWNWF,36,DB_HIV,0,C208 H303 N51 O63,4525.95,-3.898,-0.0008612556,3.9633789063,51.95,0.1666666667,89.4444444444,0.2777777778,0.0016999841000000001,0.00019986939999999998,25.0,nM,T-20S138T,Enfuvirtide,HeLa,MAGI assay,19073606
WDREINNYTSLIHSLIEESQNQQEKNEQELLELDKW,36,DB_HIV,0,C195 H300 N54 O67,4472.81,-4.896,-0.0010946139,3.9560546875,62.95555555560001,0.0833333333,86.6666666667,0.22222222219999999,-0.0135614174,-0.0110480581,18.556567348042947,nM,T646,gp41,CEM,RT production,US6861059
LEAIPCSIPPCVAFNKPFVF,20,DB_HIV,0,C105 H159 N23 O24 S2,2191.67,0.862,0.0003933074,5.984375,22.64,0.15,97.5,0.6,-0.0153124019,0.0014386957999999999,180.0,nM,"A13,C6,11",alpha1-antitrypsin,P4-CCR5,ELISA,17448989
NNYTSLIHSLIEESQNQQEKNEQELLELDKWASLWN,36,DB_HIV,0,C190 H292 N52 O65,4344.68,-3.898,-0.0008971892,3.9633789063,65.5305555556,0.0833333333,89.4444444444,0.25,-0.0095687272,0.000461694,22.556321754421496,nM,T641,gp41,CEM,RT production,US6861059
MTWQEWEQQVRYLEANISQRL,21,DB_JAH,0,C120 H183 N35 O35 S1,2708.02,-0.001,-3.69273491333151e-07,4.4541015625,44.2666666667,0.14285714289999998,74.2857142857,0.2857142857,0.014596938799999999,-0.0010914426,534.45,nM,P21_P3,,TZM-bl,,
YTSLIHSLIEESQNQQEKNEQELLEFDKWASLWNWF,36,DB_HIV,0,C205 H297 N51 O63,4483.87,-3.898,-0.0008693383,3.9633789063,66.0777777778,0.1666666667,78.6111111111,0.2777777778,0.0033062133000000002,0.0016713791,0.11151081543398894,nM,T703,gp41,CEM,RT production,US6861059
MTWEEWDKKIEEYTKKIEELIKKSEEQQKKN,31,DB_JAH,0,C177 H283 N45 O56 S1,3969.49,0.005,1.25960765740687e-06,5.01953125,74.4096774194,0.0967741935,50.322580645200006,0.1612903226,-0.0161351648,-0.007764931999999999,0.43,nM,MT-SC29,,TZM-bl,,
YTSLIHSLIEESQQQQEKNEQELLELDKWASLWNWF,36,DB_HIV,0,C203 H301 N51 O63,4463.89,-3.898,-0.0008732294,3.9633789063,75.44444444439999,0.1388888889,89.4444444444,0.2777777778,0.0031126649,0.0012737589,0.6720595713604053,nM,T212,gp41,CEM,RT production,US6861059
YTSLIHSLIEEHQNQQEKNEQELLELDKWASLWNWF,36,DB_HIV,0,C205 H301 N53 O62,4499.92,-3.799,-0.0008442372,4.2133789063,49.855555555600006,0.1388888889,89.4444444444,0.2777777778,0.0036087717,0.0019789664,210.0,nM,T-20S138H,Enfuvirtide,HeLa,MAGI assay,19073606
LIEESQNQQEKNEQELLELDKWASLWNWFNITNWLW,36,DB_HIV,0,C211 H305 N53 O62,4576.01,-3.9960000000000004,-0.0008732497999999999,3.6884765625,76.7361111111,0.1666666667,89.4444444444,0.2777777778,0.046368663600000005,0.0096334826,40.646764320882156,nM,T633,gp41,CEM,RT production,US6861059
TMWMEWDREINNYTSLIHSLIEESQNQQEKNEQELL,36,DB_JAH,0,C193 H297 N53 O66 S2,4479.88,-4.896,-0.0010928864,3.8728027344,67.71666666670001,0.0833333333,75.8333333333,0.25,-0.02148546,-0.015085306399999996,1.4,nM,TM-C34,,TZM-bl,,
WMEWDREINNYTSLIHSLIEESQNQQEKNEQELLE,35,DB_HIV,0,C189 H288 N52 O66 S1,4376.7,-5.895,-0.0013469051999999999,3.798828125,69.3657142857,0.0857142857,78.0,0.2285714286,-0.0197776214,-0.0174424532,0.4569652934859598,nM,T624,gp41,CEM,RT production,US6861059
LEAIPCSIPPCVFFNKPFVF,20,DB_HIV,0,C111 H163 N23 O24 S2,2267.76,0.862,0.0003801108,5.984375,22.64,0.2,92.5,0.6,-0.008938775500000001,0.0014698354999999998,930.0,nM,"C6,11,F13",alpha1-antitrypsin,P4-CCR5,ELISA,17448989
WLEWDRKIEEYTKKIEELIKKSQEQQEKNEKELK ,35,DB_JAH,0,C196 H316 N52 O61,4376.93,0.006999999999999999,1.59929448266251e-06,5.07421875,67.5588235294,0.0882352941,68.82352941180001,0.1764705882,-0.018026038,-0.0189253423,1.6,nM,SC34EK,,HeLa CD4/LTR-B-galactosidase,,
YTSLIHSLIEESQNQQEKNEQELLELDKWASLFNFF,36,DB_HIV,0,C198 H297 N49 O63,4371.79,-3.898,-0.0008916255999999998,3.9633789063,51.35,0.1388888889,89.4444444444,0.3333333333,0.004955665,0.0022065039999999998,0.06862177734978121,nM,T379,gp41,CEM,RT production,US6861059
INNYTSLIHSLIEESQNQQEKNEQELLELDKWASL,35,DB_HIV,0,C181 H287 N49 O63,4157.52,-3.898,-0.0009375782000000001,3.9633789063,56.825714285699995,0.0571428571,103.14285714290001,0.2857142857,-0.0167945109,-0.0014645985999999999,55.32144162866325,nM,T622,gp41,CEM,RT production,US6861059
LEAIPCSIPPCFLFGKPFVF,20,DB_HIV,0,C110 H162 N22 O23 S2,2224.74,0.862,0.00038746099999999997,5.984375,10.325,0.2,97.5,0.6,0.009610675,-0.0008464807000000001,390.0,nM,"C6,11,F12,L13,G15",alpha1-antitrypsin,P4-CCR5,ELISA,17448989
RQLLSQIVQQQNNLLRAIEAQQHLLQLT,28,DB_HIV,0,C143 H247 N47 O42,3296.8,2.096,0.000635768,10.58203125,75.2178571429,0.0,142.8571428571,0.42857142859999997,-1.2099701540693595e-05,-0.0095264273,13.649599611744721,nM,T36,gp41,CEM,RT production,US6861059
KKISEEQKKIQEEIKKILEESKKILEEIKKDWEEWTM,37,DB_JAH,0,C209 H348 N52 O64 S1,4645.39,0.008,1.72213743087233e-06,5.123046875,73.5351351351,0.0540540541,84.32432432430001,0.24324324320000001,0.0103467742,0.0026613477000000003,3.06,nM,AP3,,MT-2,,
TTWEAWDRAIAEYAARIEALIRALQEQQEKNEAALREL,38,DB_HIV,0,C196 H312 N58 O61,4456.94,-1.995,-0.0004476165,4.3264160156,55.5131578947,0.0789473684,95.5263157895,0.42105263159999995,-0.0184428676,-0.010842684699999999,7.852921511171344,nM,267221,Synthetic,CEM4,MAGI/cMAGI infectivity assay,17640899
ELTWEEWEKKVEELEKKIEELLK,23,DB_JAH,0,C136 H217 N31 O42,2958.37,-2.9930000000000003,-0.0010117058,4.2485351563,47.047826087,0.0869565217,97.3913043478,0.2608695652,-0.0049929972,0.023440757200000002,0.59,nM,2P23L,,TZM-bl,,
MTWQEWEQQVRYLEANISQRLEQAQIQQEKNMYELQ,36,DB_JAH,0,C199 H307 N57 O63 S2,4570.06,-1.9980000000000002,-0.0004371934,4.1528320313,59.577777777799994,0.11111111109999999,67.7777777778,0.2777777778,-0.0065612585,-0.008362503299999999,1.38,nM,MT-P3,,TZM-bl,,
MTWMEWDREINNYTSLIHSLIEESQNQQEKNEQELL,36,DB_JAH,0,C193 H297 N53 O66 S2,4479.88,-4.896,-0.0010928864,3.8728027344,62.7416666667,0.0833333333,75.8333333333,0.25,-0.0208933736,-0.013940668600000001,75.4484495120405,nM,MT-C34,,TZM-bl,,
MTLTVQARQLLSQIVQQQNNLLRAIEAQ,28,DB_HIV,0,C137 H240 N44 O42 S1,3207.72,1.9969999999999999,0.0006225606,10.58203125,55.6678571429,0.0,128.9285714286,0.4642857143,-0.0048656933000000005,0.014639731000000001,23.381093112865216,nM,T37,gp41,CEM,RT production,US6861059
WTEWDREINNYTSQIHSLIEESQNQQEKNEQILNEL,36,DB_JAH,0,C192 H293 N55 O68,4459.73,-4.896,-0.0010978243,3.8728027344,67.6638888889,0.0833333333,75.8333333333,0.19444444440000005,-0.0071253774,-0.0139372481,15.9,nM,C36M4,,MT-2,,
WEEWDKKIEEYTKKIEELIKKS,22,DB_JAH,0,C132 H207 N31 O39,2852.25,0.003,1.0518012095713899e-06,4.8837890625,67.8181818182,0.13636363640000002,70.9090909091,0.1818181818,0.025483193300000002,0.0132477875,54.58,nM,SC22,,TZM-bl,,
YTSLIHSLIEEMQNQQEKNEQELLELDKWASLWNWF,36,DB_HIV,0,C204 H303 N51 O62 S1,4493.98,-3.898,-0.0008673826,3.9633789063,49.855555555600006,0.1388888889,89.4444444444,0.3055555556,0.0006009852,-0.0008540286,0.7,nM,T-20S138M,Enfuvirtide,HeLa,MAGI assay,19073606
LEAIPCSIPPCVFFGKPFVF,20,DB_HIV,0,C109 H160 N22 O23 S2,2210.71,0.862,0.00038992,5.984375,6.555,0.2,92.5,0.6,0.0100502355,-0.0006598295,280.0,nM,"C6,11,F13,G15",alpha1-antitrypsin,P4-CCR5,ELISA,17448989
YTSLIHSLIEESQNQQEKNEQELLELDKWASPWNWF,36,DB_HIV,0,C201 H295 N51 O63,4433.82,-3.898,-0.0008791516,3.9633789063,67.4777777778,0.1388888889,78.6111111111,0.25,-0.0009207055,0.0002509858,3.1575481187779397,nM,T705,gp41,CEM,RT production,US6861059
IKKEIEAIKKEQEAIKKKIEAIEKLLQLTVWGIKQLQARIL,41,DB_JAH,0,C222 H389 N59 O58,4812.84,5.002,0.0010393032000000002,10.3842773438,65.3414634146,0.0243902439,140.487804878,0.4390243902000001,0.0181744698,-0.0047361256,22.0,nM,IZN17,,HOS-CD4/fusion,,
YTSLIHSLIEEQQNQQEKNEQELLELDKWASLWNWF,36,DB_HIV,0,C204 H302 N52 O63,4490.91,-3.898,-0.0008679755000000001,3.9633789063,62.65,0.1388888889,89.4444444444,0.2777777778,0.0049102177,0.0028113913,34.0,nM,T-20S138,Enfuvirtide,HeLa,MAGI assay,19073606
YTSLIHSLIEESQNQQEKNEQELLELNKWASLWNWF,36,DB_HIV,0,C202 H300 N52 O62,4448.87,-2.898,-0.0006514014,4.1491699219,71.5861111111,0.1388888889,89.4444444444,0.2777777778,0.0034263466999999996,0.0013550273999999999,5.619404477991041,nM,T213,gp41,CEM,RT production,US6861059
NYTSLIHSLIEESQNQQEKNEQELLELDKWASLWNW,36,DB_HIV,0,C197 H296 N52 O64,4416.79,-3.898,-0.0008825414,3.9633789063,62.65,0.11111111109999999,89.4444444444,0.25,-0.00359447,0.0009058477,3.3961315797219247,nM,T640,gp41,CEM,RT production,US6861059
WEEWDKKIEEYTKKIEELIKKS ,23,DB_JAH,0,C132 H207 N31 O39,2852.25,0.003,1.0518012095713899e-06,4.8837890625,67.8181818182,0.13636363640000002,70.9090909091,0.1818181818,0.025483193300000002,0.0132477875,51.3,nM,SC22EK,,TZM-bl,,
MTWMAWDRAIANYAALIHALIEAAQNQQEKNEAALLEL,38,DB_HIV,0,C192 H301 N53 O56 S2,4311.91,-1.9,-0.00044064,4.2451171875,41.7131578947,0.0789473684,108.42105263159999,0.5263157895,-0.018819124399999998,-0.0113121852,18.32134715242201,nM,2638,Synthetic,CEM4,MAGI/cMAGI infectivity assay,17640899
EELAKKAEELAKKAEELAKKAEELAKKAWASLWNWFLEAIPMSIPPEVKFNKPFVF,56,DB_JAH,0,C306 H474 N72 O80 S1,6473.56,1.008,0.0001557103,7.1875,52.825,0.125,83.9285714286,0.44642857140000003,0.0154415366,-0.007534659,91.0,nM,4HR-LBD-VIRIP,,MT-2,,
IWNNMTWMEWDREINNYTSLIHSLIEESQNQQEKNE,36,DB_HIV,0,C196 H293 N55 O65 S2,4523.9,-3.897,-0.0008614249,3.9633789063,55.4694444444,0.11111111109999999,65.0,0.22222222219999999,-0.017994915,-0.0058544122,508.4108844138907,nM,T655,gp41,CEM,RT production,US6861059
WNNMTWMEWDREINNYTSLIHSLIEESQNQQEKNEQ,36,DB_HIV,0,C195 H290 N56 O66 S2,4538.87,-3.897,-0.0008585836999999999,3.9633789063,60.8194444444,0.11111111109999999,54.1666666667,0.19444444440000005,-0.0198846337,-0.0082142694,0.2203191543269581,nM,T654,gp41,CEM,RT production,US6861059
FWNWLSAWIKKTYEEIKKTYEEIKKTYEEIERDWEMV,37,DB_HIV,0,C228 H334 N52 O63 S1,4843.48,-0.996,-0.0002056373,4.6579589844,54.524324324300004,0.2162162162,63.2432432432,0.24324324320000001,-0.025547235,0.0072451142000000005,580.0,nM,PBD-3HR-LBD,Synthetic,H9/HIV-1I,ELISA,18662985
WMEWDREINNYTSLIHSLIEESQNQQEKIEQELLEL,36,DB_JAH,0,C197 H304 N52 O66 S1,4488.91,-5.895,-0.0013132364,3.798828125,77.56388888890001,0.0833333333,97.5,0.2777777778,-0.0057349435999999995,-0.009431092299999999,8.62,nM,C36M3A,,MT-2 ,,
LEQIWNNMTWMEWDREINNYTSLIHSLIEESQNQQE,36,DB_HIV,0,C197 H294 N54 O65 S2,4522.91,-4.897,-0.00108271,3.6870117188,60.8194444444,0.11111111109999999,75.8333333333,0.25,-0.0046477038,-0.0038145385,42.229449624246335,nM,T658,gp41,CEM,RT production,US6861059
IEAQQHLLQLTVWGIKQLQARILAVERYGYIPEAPRDGQAYVRKDGEWVLLSTFL,55,DB_JAH,0,C294 H462 N80 O79,6381.32,1.0979999999999999,0.0001720647,7.609375,32.8963636364,0.10909090910000001,115.27272727270001,0.4,-0.0053313410999999995,0.0009928733000000001,39.0,nM,N28Fd,,MT-2,,
TTWEAWDRAIAEYAARIEALIRASQEQQEKNEAELREL,38,DB_HIV,0,C195 H308 N58 O64,4488.89,-2.9930000000000003,-0.0006667572999999999,4.2045898438,52.0026315789,0.0789473684,82.6315789474,0.36842105259999997,-0.025361594100000003,-0.0144669735,2.8960388871190874,nM,290676,Synthetic,CEM4,MAGI/cMAGI infectivity assay,17640899
QIWNNMTWMEWDREINNYTSLIHSLIEESQNQQEKN,36,DB_HIV,0,C196 H294 N56 O64 S2,4522.92,-2.8989999999999996,-0.0006409576,4.0803222656,55.4694444444,0.11111111109999999,65.0,0.22222222219999999,-0.014112823799999999,-0.0049973031,1.1054805302769009,nM,T656,gp41,CEM,RT production,US6861059
SLEQIWNNMTWMEWDREINNYTSLIHSLIEESQNQQ,36,DB_HIV,0,C195 H292 N54 O64 S2,4480.88,-3.8989999999999996,-0.0008701416,3.7741699219,55.4694444444,0.11111111109999999,75.8333333333,0.25,-0.0011565231,-0.0023410033,511.0603274356823,nM,T659,gp41,CEM,RT production,US6861059
MTWEAWDRAIAEYAARIEALIRAAQEQQEKNEAALREL,38,DB_HIV,0,C194 H308 N58 O60 S1,4444.95,-1.995,-0.0004488239,4.3264160156,46.176315789499995,0.0789473684,87.89473684209999,0.44736842109999997,-0.0197947214,-0.0113879405,5.849334638184907,nM,2544,Synthetic,CEM4,MAGI/cMAGI infectivity assay,17640899
EMTWEEWEKKIEEYTKKIEEILKKSQNQQIDL,32,DB_JAH,0,C182 H289 N45 O58 S1,4067.59,-1.994,-0.0004902166,4.4118652344,68.525,0.09375,73.125,0.21875,-0.0067042735,-0.0037828321000000003,0.33799999999999997,nM,HP23-E6-IDL,,MT-2,,
LLQLTVWGIKQLQARILAIKKEIEAIKKEQEAIKKKIEAI,40,DB_JAH,0,C214 H375 N57 O55,4626.63,5.001,0.0010809163,10.4606933594,57.8625,0.025,146.5,0.475,-0.0272369311,0.0090799412,799.94,nM,N17IZ,,P4â€“2/R5,,
YTSLIHSLIEEDQNQQEKNEQELLELDKWASLWNWF,36,DB_HIV,0,C203 H299 N51 O64,4477.87,-4.897,-0.0010936003,3.814453125,57.3,0.1388888889,89.4444444444,0.2777777778,0.0050548228,0.0028756767,210.0,nM,T-20S138D,Enfuvirtide,HeLa,MAGI assay,19073606
TTWEAWDRAIAEYAARIEALIRAAQEQQEKLEAVLREL,38,DB_HIV,0,C197 H315 N57 O60,4441.96,-1.995,-0.00044912610000000003,4.3264160156,44.7,0.0789473684,103.1578947368,0.44736842109999997,-0.0096127461,-0.005470098299999999,11.031166422029916,nM,291022,Synthetic,CEM4,MAGI/cMAGI infectivity assay,17640899
IRKAHCNISRAKWND,15,DB_HIV,0,C77 H127 N29 O20 S1,1811.09,4.027,0.0022235229000000002,10.65625,54.0333333333,0.0666666667,65.3333333333,0.3333333333,-0.0197142857,-0.0434796921,50.0,nM,15K,gp120,CEMx174,QPCR,21264298
SQNQQEKNEQELLELDKWASLWNWFNITNWLWLIKI,36,DB_HIV,0,C213 H314 N54 O58,4559.12,-0.9990000000000001,-0.00021912119999999998,4.2509765625,48.836111111099996,0.1666666667,100.27777777780001,0.3055555556,0.0525955824,0.006931699,219.34057449683274,nM,T629,gp41,CEM,RT production,US6861059
NKSLEQIWNNMTWMEWDREINNYTSLIHSLIEESQN,36,DB_HIV,0,C195 H294 N54 O63 S2,4466.89,-2.8989999999999996,-0.0006489973999999999,4.0803222656,58.7916666667,0.11111111109999999,75.8333333333,0.25,0.0074524074,-0.0019992151,66.48921285279019,nM,T661,gp41,CEM,RT production,US6861059
WMEWDREINNYTSLIHSLIEESQNIQEKNEQELLEL,36,DB_JAH,0,C196 H302 N52 O66 S1,4474.88,-5.895,-0.0013173538000000001,3.798828125,76.6666666667,0.0833333333,97.5,0.2777777778,-0.0094123629,-0.011941528600000001,18.2,nM,C36M2A,,MT-2,,
WQQWERQVRFLDANITKLLEEAQIQQEKNMYELQ,34,DB_JAH,0,C192 H298 N54 O57 S1,4306.83,-0.998,-0.000231725,4.3916015625,64.4970588235,0.11764705880000001,83.2352941176,0.3235294118,0.0015310032,-0.0186348362,1.88,nM,C34_EHO,,TZM-bl,,
MTWEEWDKKIEEYTKKIEELIKKS,24,DB_JAH,0,C141 H223 N33 O42 S1,3084.55,0.003,9.72589194534049e-07,4.8837890625,55.5375,0.125,65.0,0.20833333329999998,0.011581895900000002,0.0173232423,1.32,nM,MT-SC22,,TZM-bl,,
MTWQQWERQVRFLDANITKLLEEAQIQQEKNMYELQ,36,DB_JAH,0,C201 H314 N56 O60 S2,4539.13,-0.998,-0.0002198659,4.3916015625,56.494444444399996,0.11111111109999999,78.6111111111,0.3333333333,0.001635468,-0.0151679821,1.17,nM,MT-SC34_EHO,,TZM-bl,,
TTWEAWDRAIAEYAARIEALIRALQELQEKNEAALREL,38,DB_HIV,0,C197 H315 N57 O60,4441.96,-1.995,-0.00044912610000000003,4.3264160156,53.9552631579,0.0789473684,105.7894736842,0.44736842109999997,-0.0130817972,-0.0083452845,12.156795648767662,nM,290822,Synthetic,CEM4,MAGI/cMAGI infectivity assay,17640899
MTWEEWDKKIEEYTKKIEELI,21,DB_JAH,0,C126 H194 N28 O38 S1,2741.13,-1.9969999999999999,-0.0007285317,4.2209472656,66.08571428569999,0.14285714289999998,74.2857142857,0.2380952381,0.0034744897999999997,0.0176033746,4.8,nM,MT-SC19EK,,TZM-bl,,
EQIWNNMTWMEWDREINNYTSLIHSLIEESQNQQEK,36,DB_HIV,0,C197 H295 N55 O65 S2,4537.93,-3.897,-0.0008587616000000001,3.9633789063,60.8194444444,0.11111111109999999,65.0,0.22222222219999999,-0.0090649928,-0.0041970335999999995,28.20669336018845,nM,T657,gp41,CEM,RT production,US6861059
EWDREINNYTSLIHSLIEESQNQQEKNEQELLELDK,36,DB_HIV,0,C189 H297 N53 O69,4415.71,-5.894,-0.0013347797,3.8842773438,58.7805555556,0.055555555599999994,86.6666666667,0.22222222219999999,-0.0142428095,-0.0136047463,9.96442248245469,nM,T647,gp41,CEM,RT production,US6861059
YTSLIHSLIEQSQNQQEKNEQELLELDKWASLWNWF,36,DB_HIV,0,C202 H300 N52 O62,4448.87,-2.8989999999999996,-0.0006516261,4.0803222656,65.8,0.1388888889,89.4444444444,0.2777777778,0.0033395837,0.0012461631,4.270747403273192,nM,T214,gp41,CEM,RT production,US6861059
YTSLIHSLIEETQNQQEKNEQELLELDKWASLWNWF,36,DB_HIV,0,C203 H301 N51 O63,4463.88,-3.898,-0.0008732314,3.9633789063,49.855555555600006,0.1388888889,89.4444444444,0.2777777778,0.0025965358,0.0010486611,0.9,nM,T-20S138T,Enfuvirtide,HeLa,MAGI assay,19073606
YTSLIHSLIEESQNQQEKNEQELLELDKWASLANWF,36,DB_HIV,0,C194 H294 N50 O63,4334.73,-3.898,-0.0008992486,3.9633789063,52.644444444399994,0.11111111109999999,92.22222222219999,0.3055555556,0.0023445098,0.0009951154,0.2306948760361084,nM,T96,gp41,CEM,RT production,US6861059
WQQWERQVRFLDANITKLLEEAQIQQEKNMYELQELDKWASLWNWF,46,DB_JAH,0,C271 H399 N71 O75 S1,5883.58,-1.996,-0.0003392492,4.2766113281,54.9304347826,0.1739130435,80.652173913,0.32608695649999997,0.0098093005,-0.0061198946,4.9,nM,C46,,PM1 human T cell,,
MTWQQWERQVRFLDANITKLL,21,DB_JAH,0,C122 H191 N35 O31 S1,2676.11,1.9980000000000002,0.0007466061,10.001953125,32.628571428600004,0.14285714289999998,92.85714285709999,0.380952381,0.054688775499999995,-0.0179149325,402.35,nM,P21_EHO,,TZM-bl,,
YTSLIHSLIEEWQNQQEKNEQELLELDKWASLWNWF,36,DB_HIV,0,C210 H304 N52 O62,4548.99,-3.898,-0.0008568935,3.9633789063,47.775,0.1666666667,89.4444444444,0.2777777778,0.00010932780000000001,-0.0013288467,29.0,nM,T-20S138W,Enfuvirtide,HeLa,MAGI assay,19073606
TTWEAWDRAIAEYAARIEALIRALQEQQEKNEAILREL,38,DB_HIV,0,C199 H318 N58 O61,4499.02,-1.995,-0.0004434299,4.3264160156,60.5815789474,0.0789473684,103.1578947368,0.42105263159999995,-0.0156857457,-0.008709426,9.557636996501461,nM,267225,Synthetic,CEM4,MAGI/cMAGI infectivity assay,17640899
LEAIPCSIPPCVGFGKPFVF,20,DB_HIV,0,C102 H154 N22 O23 S2,2120.59,0.862,0.00040649059999999995,5.984375,2.31,0.15,92.5,0.55,0.0021381476,0.0040492281,730.0,nM,"C6,11,G13,15",alpha1-antitrypsin,P4-CCR5,ELISA,17448989
WEEWDKKIEEYTKKIEELIKKSQNQQLDL,29,DB_JAH,0,C167 H264 N42 O52,3692.15,-0.997,-0.0002700324,4.5395507813,64.5448275862,0.1034482759,80.6896551724,0.20689655170000001,0.0004813665,-0.012504273500000001,3.7,nM,WQ-LDL,,MT-2,,
TTWEEWDREINEYTSRIESLIRESQEQQEKNEQELREL,38,DB_HIV,0,C205 H320 N60 O75,4825.1,-5.989,-0.0012412178,3.9689941406,78.5710526316,0.0789473684,61.5789473684,0.1578947368,-0.0158897151,-0.012812256200000002,4.352241404323226,nM,2429,Synthetic,CEM4,MAGI/cMAGI infectivity assay,17640899
WEEWDKKIEEYTKKIEELIKKSEEQQKKNEEELKK ,36,DB_JAH,0,C201 H323 N51 O65,4494.04,-0.991,-0.0002205143,4.8229980469,88.3685714286,0.0857142857,55.714285714300004,0.14285714289999998,-0.0193194933,-0.0157346365,0.39,nM,SC35EK,,MAGI,,
SGIVQQLNNQLRAEEANQHLEQLSVWGSKQNQARRLK,37,DB_HIV,0,C181 H301 N63 O57,4271.73,3.0980000000000003,0.0007252331,10.630859375,40.227027027,0.027027027000000002,87.027027027,0.2972972973,-0.0134723502,-0.0062589324,531.0,nM,N36M,gp41,TZM-bl,Flow Cytometry,19593361
WQQWERQVRFLDANITKLLEEAQIQQEKNMYELQELDKNASLWNWF,46,DB_JAH,0,C264 H395 N71 O76 S1,5811.48,-1.996,-0.00034345809999999997,4.2766113281,58.197826086999996,0.152173913,80.652173913,0.32608695649999997,0.0051854731,-0.0090696632,1.9,nM,C46-EHO,,PM1 human T cell,,
AAWMEWDREINNYTSLIHSLIEESQNQQEKNEQELL,36,DB_JAH,0,C190 H291 N53 O65 S1,4389.74,-4.896,-0.001115328,3.8728027344,67.71666666670001,0.0833333333,81.3888888889,0.2777777778,-0.0220673765,-0.014542972,1.3,nM,AA-C34,,TZM-bl,,
LIHSLIEESQNQQEKNEQELLELDKWASLWNWFNIT,36,DB_HIV,0,C200 H302 N52 O62,4426.87,-3.897,-0.0008803058999999998,3.9633789063,77.2138888889,0.11111111109999999,100.27777777780001,0.3055555556,0.0249960273,0.0041999731,2.710718860052362,nM,T637,gp41,CEM,RT production,US6861059
MTWEEWDKKIEEYTKKIEELIKK,23,DB_JAH,0,C138 H218 N32 O40 S1,2997.47,0.003,1.00084404514474e-06,4.8837890625,57.517391304300006,0.1304347826,67.82608695649999,0.2173913043,0.0130987395,0.020396763999999998,2.7,nM,MT-SC21EK,,TZM-bl,,
WEEWDKKIEEYTKKIEELIKKSEEQQKKN,29,DB_JAH,0,C168 H267 N43 O53,3737.19,0.005,1.33790361207217e-06,5.01953125,85.0275862069,0.1034482759,53.7931034483,0.1379310345,-0.0140697346,-0.0134852722,0.7,nM,SC29EK,,TZM-bl,,
IRKAHCNISRADWND,15,DB_HIV,0,C75 H120 N28 O22 S1,1798.0,2.028,0.0011279199,8.7451171875,48.373333333299996,0.0666666667,65.3333333333,0.3333333333,-0.0054285714,-0.0304281731,50.0,nM,15D,gp120,CEMx174,QPCR,21264298
WMEWDREINNYTSLIHSLIEEAQNQQEKNEQELL,34,DB_HIV,0,C184 H281 N51 O62 S1,4231.58,-4.896,-0.0011570146,3.8728027344,59.782352941199996,0.0882352941,83.2352941176,0.2647058824,-0.0202646806,-0.016955767099999998,2.0,nM,C34S138A,C34,HeLa,MAGI assay,19073606
LEAIPCSIPPCFAFNKPFVF,20,DB_HIV,0,C109 H159 N23 O24 S2,2239.71,0.862,0.00038487129999999995,5.984375,26.41,0.2,83.0,0.6,-0.014653061200000001,0.0006540471,270.0,nM,"A13,C6,11F12",alpha1-antitrypsin,P4-CCR5,ELISA,17448989
WTEWDREINNYTSQIHSLIEESQNQQEKNEQELNEL,36,DB_JAH,0,C191 H289 N55 O70,4475.68,-5.895,-0.0013171182999999998,3.798828125,67.6638888889,0.0833333333,65.0,0.1666666667,-0.015626887,-0.0165784075,39.8,nM,C36M0,,MT-2,,
YTSLIHSLIEESQNQQEKNEQELLELDKWASLWNSF,36,DB_HIV,0,C194 H294 N50 O64,4350.73,-3.898,-0.0008959416,3.9633789063,65.5305555556,0.11111111109999999,89.4444444444,0.2777777778,0.0012105514,0.0018332995999999998,15.629561016197286,nM,T706,gp41,CEM,RT production,US6861059
SLIEESQNQQEKNEQELLELDKWASLWNWFNITNWL,36,DB_HIV,0,C203 H300 N52 O63,4476.88,-3.9960000000000004,-0.0008925859,3.6884765625,70.15833333329999,0.1388888889,89.4444444444,0.2777777778,0.0424671858,0.0086354593,123.74689515912868,nM,T634,gp41,CEM,RT production,US6861059
EMTWQEWEQKVEELEKKIEELLK,23,DB_JAH,0,C134 H212 N32 O42 S1,2975.38,-2.9939999999999998,-0.0010062580000000001,4.1520996094,48.369565217399995,0.0869565217,80.4347826087,0.2608695652,-0.0062009804,0.025371873700000002,1.39,nM,2P23Q,,TZM-bl,,
EMTWEEWEKKIEEYIKKIEEILKKSQNQQIDL,32,DB_JAH,0,C184 H293 N45 O57 S1,4079.64,-1.994,-0.0004887686,4.4118652344,68.525,0.09375,85.3125,0.25,-0.008191453000000001,-0.0050462845000000004,0.275,nM,YIK,,MT-2,,
TTWEAWDRAIAEYAARIEALIRALQELQEKNEAILREL,38,DB_HIV,0,C200 H321 N57 O60,4484.04,-1.995,-0.0004449113,4.3264160156,59.0236842105,0.0789473684,113.42105263159999,0.44736842109999997,-0.0103246753,-0.006212025699999999,26.315554722973037,nM,290821,Synthetic,CEM4,MAGI/cMAGI infectivity assay,17640899
YTSLIHSLIEESQNQQEKNEQELLELDKWASLWNWF,36,DB_JAH,0,C202 H299 N51 O63,4449.86,-3.898,-0.0008759826,3.9633789063,62.65,0.1388888889,89.4444444444,0.2777777778,0.0029725091,0.0013998482999999999,222.0,nM,DP178/T20/Enfuvirtide/ENF,,MT-2,,
EMTWEEWEKKIEEYTKKIEEILK,23,DB_JAH,0,C138 H215 N31 O42 S1,3012.44,-1.995,-0.0006622539,4.3732910156,77.9565217391,0.1304347826,67.82608695649999,0.2173913043,-0.0001505602,0.0212032116,0.19,nM,HP23,,TZM-bl,,
YTSLIQSLIEESQNQQEKNEQQLLELDKWASLWNWF,36,DB_HIV,0,C201 H301 N51 O63,4439.86,-2.998,-0.0006752465,3.7758789063,71.4277777778,0.1388888889,89.4444444444,0.2777777778,0.0048606388,0.00018077599999999998,0.9009293085818022,nM,T231,gp41,CEM,RT production,US6861059
WEEWDKKIEEYTKKIEELIKKSQNQQIDI,29,DB_JAH,0,C167 H264 N42 O52,3692.15,-0.997,-0.0002700324,4.5395507813,64.5448275862,0.1034482759,80.6896551724,0.20689655170000001,0.0022176736,-0.011574441599999999,3.7,nM,WQ-IDI,,MT-2,,
MTWEEWDKKIEEYTKKIEELIKKSQNQQ,28,DB_JAH,0,C160 H253 N41 O50 S1,3583.05,0.003,8.37275505505086e-07,4.8837890625,60.096428571400004,0.1071428571,55.714285714300004,0.1785714286,-0.0033822699,0.0035879451,8.8,nM,MT-WQ,,MT-2,,
MTWMEWDREINNYTSLIHSLIEESQNQQEKNEQELLEL,38,DB_HIV,0,C204 H315 N55 O70 S2,4722.16,-5.895,-0.0012483694,3.798828125,59.9657894737,0.0789473684,82.1052631579,0.2631578947,-0.0154741831,-0.011850723700000001,6.776559879377234,nM,2410,Synthetic,CEM4,MAGI/cMAGI infectivity assay,17640899
WEEWDKKIEEYTKKIEELIKKSQNQQ,26,DB_JAH,0,C151 H237 N39 O47,3350.75,0.003,8.953219428486161e-07,4.8837890625,70.8384615385,0.11538461539999999,60.0,0.1538461538,0.0023190118,-0.0015455258,123.4,nM,WQ,,MT-2,,
YTSLIHSLIEEAQNQQEKNEQELLELDKWASLWNWF,36,DB_HIV,0,C202 H299 N51 O62,4433.86,-3.898,-0.0008791437,3.9633789063,51.95,0.1388888889,92.22222222219999,0.3055555556,0.0006588273,-0.0007982866,0.6,nM,T-20S138A,Enfuvirtide,HeLa,MAGI assay,19073606
NNMTWMEWDREINNYTSLIHSLIEESQNQQEKNEQE,36,DB_HIV,0,C189 H287 N55 O68 S2,4481.78,-4.896,-0.0010924231,3.8728027344,62.7416666667,0.0833333333,54.1666666667,0.19444444440000005,-0.0218903544,-0.011030431499999998,14.056914886495994,nM,T653,gp41,CEM,RT production,US6861059
MTWQEWEKQVRYLEANISKSL,21,DB_JAH,0,C119 H184 N32 O34 S1,2639.0,0.9990000000000001,0.0003785525,6.9375,28.0095238095,0.14285714289999998,74.2857142857,0.2857142857,0.0309795918,-0.009227000899999999,571.8,nM,P21_ROD,,TZM-bl,,
INNYTSLIHSLIEESQNQQEKNEQELLELDKWASLW,36,DB_HIV,0,C192 H297 N51 O64,4343.74,-3.898,-0.0008973834,3.9633789063,62.1027777778,0.0833333333,100.27777777780001,0.2777777778,-0.0134082314,-0.0003786822,333.8137181323008,nM,T642,gp41,CEM,RT production,US6861059
WEEWDKKIEEYTKKIEELIKKSQNQQLDI,29,DB_JAH,0,C167 H264 N42 O52,3692.15,-0.997,-0.0002700324,4.5395507813,64.5448275862,0.1034482759,80.6896551724,0.20689655170000001,0.000947205,-0.0123405501,3.6,nM,WQ-LDI,,MT-2,,
WMEWDREINNYTSLIHSLIEESQNQQEKNEQELL,34,DB_JAH,0,C184 H281 N51 O63 S1,4247.58,-4.896,-0.0011526563,3.8728027344,71.1117647059,0.0882352941,80.2941176471,0.23529411760000002,-0.0222351239,-0.0188168752,16.83,nM,C34,,TZM-bl,,
MTWETWEREIENYTRQIYRILEESQEQQDRNERDLLE ,38,DB_JAH,0,C207 H319 N61 O71 S1,4830.19,-4.992,-0.0010334997,3.9936523438,62.7945945946,0.1081081081,63.2432432432,0.18918918920000002,-0.0239412442,-0.009844574,0.8,nM,MT-SFT,,TZM-bl,,
AVGIGAMFLGFLGAAGSTMGAAS,23,DB_HIV,0,C91 H146 N24 O26 S2,2056.42,0.996,0.0004843369,6.0,-8.8913043478,0.0869565217,89.5652173913,0.6086956522,-0.0398844538,-0.0009418625,23.0,nM,-,gp41,TZM-bl,Luciferase assay,22520838
WMEWDREINNYTSLIHSLIEEPQNQQEKNEQELL,34,DB_HIV,0,C186 H283 N51 O62 S1,4257.62,-4.896,-0.0011499382000000002,3.8728027344,71.1117647059,0.0882352941,80.2941176471,0.23529411760000002,-0.0214962077,-0.0181299864,46.0,nM,C34S138P,C34,HeLa,MAGI assay,19073606
WEEWDRKIEEYTKKIKKLIEESQEQQEKNEKELK,34,DB_HIV,0,C195 H312 N52 O63,4392.89,-0.992,-0.0002258194,4.7746582031,76.68529411760001,0.0882352941,57.352941176499996,0.1470588235,-0.0109574634,-0.0225046673,0.39,nM,SC34,gp41,,MAGI Assay,12203417
LVQPRGPRSGPGPWQGGRRKFRRQRPRLSHKGPMPF,36,DB_HIV,0,C185 H299 N69 O41 S1,4177.87,11.094000000000001,0.0026554201,12.9501953125,83.46666666670002,0.0833333333,29.7222222222,0.1666666667,-0.013430796100000001,-0.004128080399999999,71.80692553861178,nM,Apelin-36,Apelin,NP-2/CD4,Immunofluorescence,10802050
YTSLIHSLIEESQNQQEKNEQELLELDKWASLWNAF,36,DB_HIV,0,C194 H294 N50 O63,4334.73,-3.898,-0.0008992486,3.9633789063,65.5305555556,0.11111111109999999,92.22222222219999,0.3055555556,0.0026343556,0.001436032,9.91987966955266,nM,T95,gp41,CEM,RT production,US6861059
YTSLIHSLIEEIQNQQEKNEQELLELDKWASLWNWF,36,DB_HIV,0,C205 H305 N51 O62,4475.94,-3.898,-0.0008708785,3.9633789063,57.3,0.1388888889,100.27777777780001,0.3055555556,-0.0015970126,-0.0029879670000000002,0.5,nM,T-20S138I,Enfuvirtide,HeLa,MAGI assay,19073606
QNQQEKNEQELLELDKWASLWNWFNITNWLWLIKIF,36,DB_HIV,0,C219 H318 N54 O57,4619.21,-0.9990000000000001,-0.0002162707,4.2509765625,43.486111111099994,0.19444444440000005,100.27777777780001,0.3333333333,0.051683457800000006,0.0059068851,216.48723483019825,nM,T628,gp41,CEM,RT production,US6861059
TSLIHSLIEESQNQQEKNEQELLELDKWASLWNWFN,36,DB_HIV,0,C197 H296 N52 O63,4400.79,-3.897,-0.0008855228,3.9633789063,65.0083333333,0.11111111109999999,89.4444444444,0.2777777778,0.0086985539,0.002558205,4.771870505068408,nM,T639,gp41,CEM,RT production,US6861059
QARQLLSQIVQQQNNLLRAIEAQQHLLQ,28,DB_HIV,0,C141 H242 N48 O42,3281.74,2.096,0.0006386855999999999,10.58203125,75.2178571429,0.0,132.5,0.42857142859999997,-0.0003250786,-0.009157615400000001,25.291461237026702,nM,T48,gp41,CEM,RT production,US6861059
MTWQEWEKQVRYLEANISKSLEQAQIQQEKNMYELQ,36,DB_JAH,0,C198 H308 N54 O62 S2,4501.04,-0.998,-0.0002217265,4.4526367188,50.0944444444,0.11111111109999999,67.7777777778,0.2777777778,-0.0021207691000000002,-0.011361503700000001,0.84,nM,MT-SC34_ROD,,TZM-bl,,
WMEWDRKIEEYTKKIKKLIEESQEQQEKNEKELK,34,DB_JAH,0,C195 H314 N52 O61 S1,4394.97,0.006999999999999999,1.59272987073859e-06,5.07421875,74.0617647059,0.0882352941,57.352941176499996,0.1764705882,-0.0137629995,-0.0210652583,1.4,nM,SC34,,PBMC,,
WTEWDREINNYTSQIHSLIEELQNQQEKNEQELNEL,36,DB_JAH,0,C194 H295 N55 O69,4501.76,-5.895,-0.0013094878,3.798828125,66.0194444444,0.0833333333,75.8333333333,0.19444444440000005,-0.0136335611,-0.0146795307,28.5,nM,C36M1,,MT-2,,
WMEWDREINNYTSLIGSLIEESQNQQEKNEQELLE,35,DB_HIV,0,C185 H284 N50 O66 S1,4296.61,-5.992999999999999,-0.0013948206,3.5563964844,65.84,0.0857142857,78.0,0.2285714286,-0.0206446165,-0.0168687886,1.3964497592287874,nM,T624,gp41,CEM,RT production,US6861059
WTEWDREINNYTSQIHSLIEESQNIQEKNEQELNEL,36,DB_JAH,0,C192 H292 N54 O69,4460.71,-5.895,-0.0013215385,3.798828125,76.61388888890001,0.0833333333,75.8333333333,0.19444444440000005,-0.0091196568,-0.0127266623,42.0,nM,C36M2,,MT-2,,
YTSLIHSLIEEPQNQQEKNEQELLELDKWASLWNWF,36,DB_HIV,0,C204 H301 N51 O62,4459.9,-3.898,-0.0008740106,3.9633789063,62.65,0.1388888889,89.4444444444,0.2777777778,0.0021048784,0.0005847535,446.0,nM,T-20S138P,Enfuvirtide,HeLa,MAGI assay,19073606
SWETWEREIENYTRQIYRILEESQEQQDRNERDLLE,36,DB_JAH,0,C201 H308 N60 O70,4684.97,-4.992,-0.0010655350999999999,3.9936523438,69.2361111111,0.11111111109999999,65.0,0.1666666667,-0.0220009534,-0.013235210700000001,2.87,nM,Sifuvirtide/SFT,,TZM-bl,,
KSLEQIWNNMTWMEWDREINNYTSLIHSLIEESQNQ,36,DB_HIV,0,C196 H296 N54 O63 S2,4480.92,-2.8989999999999996,-0.0006469654,4.0803222656,50.119444444399996,0.11111111109999999,75.8333333333,0.25,0.0033637375,-0.0014457507,57.577461771243414,nM,T660,gp41,CEM,RT production,US6861059
TWMEWDREINNYTSLIHSLIEESQNQQEKNEQELLE,36,DB_HIV,0,C193 H295 N53 O68 S1,4477.8,-5.895,-0.0013164947,3.798828125,63.5416666667,0.0833333333,75.8333333333,0.22222222219999999,-0.0178169395,-0.0165368657,9.82625396400018,nM,T650,gp41,CEM,RT production,US6861059
WMEWDREINNYTSLIHSLIEESQNQQEKNEQILLEL,36,DB_JAH,0,C196 H303 N53 O65 S1,4473.9,-4.896,-0.0010943472,3.8728027344,67.71666666670001,0.0833333333,97.5,0.2777777778,-0.0074180836,-0.0167780821,6.84,nM,C36M4A,,MT-2,,
WQEWEQQVRYLEANISQRLEQAQIQQEKNMYELQ,34,DB_JAH,0,C190 H291 N55 O60 S1,4337.76,-1.9980000000000002,-0.0004606064,4.1528320313,67.7617647059,0.11764705880000001,71.7647058824,0.2647058824,-0.0051966534,-0.0111090587,6.34,nM,P3,,TZM-bl,,
MEWDREINNYTSLIHSLIEESQNQQEKNEQELLELD,36,DB_HIV,0,C188 H294 N52 O69 S1,4418.73,-6.894,-0.0015601768,3.6872558594,61.138888888900006,0.055555555599999994,86.6666666667,0.25,-0.0149868107,-0.0152328002,8.147137299631343,nM,T648,gp41,CEM,RT production,US6861059
WEEWDKKIEEYTKKIEELIKKSQNQQIDL,29,DB_JAH,0,C167 H264 N42 O52,3692.15,-0.997,-0.0002700324,4.5395507813,64.5448275862,0.1034482759,80.6896551724,0.20689655170000001,0.0017518351,-0.0115925673,1.6,nM,WQ-IDL,,MT-2,,
VEWNEMTWMEWEREIENYTKLIYKILEESQEQ,32,DB_JAH,0,C188 H279 N45 O59 S2,4177.63,-4.993,-0.0011951753,3.8532714844,58.025,0.15625,70.0,0.25,0.0011550672,0.0158208522,1.8,nM,CP32M,,TZM-bl,,
LEAIPCSIPPCVLFNKPFVF,20,DB_HIV,0,C108 H165 N23 O24 S2,2233.75,0.862,0.0003858982,5.984375,22.64,0.15,112.0,0.6,-0.0100376766,0.0013596008,840.0,nM,"C6,11,L13",alpha1-antitrypsin,P4-CCR5,ELISA,17448989
