sequence,length,provide,formula,molecular_weigth,charge,charge_density,isoelectric,inestability,aromaticity,aliphatic_index,hydrophobic_ratio,hydrophobicity_profile,hydrophobic_profile,inhibition_IC50,inhibition_unit,name_peptide,source,host,assay,PMID/DOI,categorized_IC50,id_sequence
YTSLIHSLIEESQNQQEKNEQELLELDKWASLWNSF,36,DB_HIV,C194 H294 N50 O64,4350.73,-3.898,-0.0008959416,3.9633789063,65.5305555556,0.1111111111,89.4444444444,0.2777777778,0.0012105514,0.0018332996,15.629561016197286,nM,T706,gp41,CEM,RT production,US6861059,Class I,sequence_1
WEEMDREINNYTKLIHELIEESQNQQEKNEQELL,34,DB_JAH,C183 H287 N51 O65 S1,4273.62,-5.893,-0.0013789247,3.9301757813,75.6588235294,0.05882352940000001,80.2941176471,0.2352941176,-0.0153870514,-0.0231865,1.0,nM,FB006,,H9,,,Class II,sequence_2
YTSLIHSLIEEPQNQQEKNEQELLELDKWASLWNWF,36,DB_HIV,C204 H301 N51 O62,4459.9,-3.898,-0.0008740106,3.9633789063,62.65,0.1388888889,89.4444444444,0.2777777778,0.0021048784,0.0005847535,446.0,nM,T-20S138P,Enfuvirtide,HeLa,MAGI assay,19073606,Class III,sequence_4
EWDREINNYTSLIHSLIEESQNQQEKNEQELLELDK,36,DB_HIV,C189 H297 N53 O69,4415.71,-5.894,-0.0013347797,3.8842773438,58.7805555556,0.0555555556,86.6666666667,0.2222222222,-0.0142428095,-0.0136047463,9.96442248245469,nM,T647,gp41,CEM,RT production,US6861059,Class II,sequence_5
KSLEQIWNNMTWMEWDREINNYTSLIHSLIEESQNQ,36,DB_HIV,C196 H296 N54 O63 S2,4480.92,-2.899,-0.0006469654,4.0803222656,50.119444444399996,0.1111111111,75.8333333333,0.25,0.0033637375,-0.0014457507,57.577461771243414,nM,T660,gp41,CEM,RT production,US6861059,Class I,sequence_6
WEEWDRKIEEYTKKIKKLIEESQEQQEKNEKELK,34,DB_HIV,C195 H312 N52 O63,4392.89,-0.992,-0.0002258194,4.7746582031,76.68529411760001,0.0882352941,57.352941176499996,0.1470588235,-0.0109574634,-0.0225046673,0.39,nM,SC34,gp41,,MAGI Assay,12203417,Class II,sequence_7
YTSLIHSLIEESQNQQEKNEQELLELDKWASLANWF,36,DB_HIV,C194 H294 N50 O63,4334.73,-3.898,-0.0008992486,3.9633789063,52.644444444399994,0.1111111111,92.22222222219999,0.3055555556,0.0023445098,0.0009951154,0.2306948760361084,nM,T96,gp41,CEM,RT production,US6861059,Class II,sequence_9
WMEWDRKIEEYTKKIKKLIEESQEQQEKNEKELK,34,DB_JAH,C195 H314 N52 O61 S1,4394.97,0.006999999999999999,1.59272987073859e-06,5.07421875,74.0617647059,0.0882352941,57.352941176499996,0.1764705882,-0.0137629995,-0.0210652583,1.4,nM,SC34,,PBMC,,,Class II,sequence_10
ESQNQQEKNEQELLELDKWASLWNWFNITNWLWLIK,36,DB_HIV,C212 H310 N54 O60,4575.07,-1.997,-0.0004364961,4.0834960938,56.54444444439999,0.1666666667,89.4444444444,0.2777777778,0.0524757667,0.0089750401,218.5758906421104,nM,T630,gp41,CEM,RT production,US6861059,Class III,sequence_12
EINNYTSLIHSLIEESQNQQEKNEQELLELDKWASL,36,DB_HIV,C186 H294 N50 O66,4286.64,-4.896,-0.0011421533,3.8728027344,60.875,0.0555555556,100.27777777780001,0.2777777778,-0.0154279358,-0.0015123845,394.2481757273762,nM,T643,gp41,CEM,RT production,US6861059,Class III,sequence_16
YTSLIHSLIEERQNQQEKNEQELLELDKWASLWNWF,36,DB_HIV,C205 H306 N54 O62,4518.97,-2.898,-0.0006412966000000001,4.2170410156,57.3,0.1388888889,89.4444444444,0.2777777778,0.0096821866,0.0039810009,362.0,nM,T-20S138Q,Enfuvirtide,HeLa,MAGI assay,19073606,Class III,sequence_17
NKSLEQIWNNMTWMEWDREINNYTSLIHSLIEESQN,36,DB_HIV,C195 H294 N54 O63 S2,4466.89,-2.899,-0.0006489973999999999,4.0803222656,58.7916666667,0.1111111111,75.8333333333,0.25,0.0074524074,-0.0019992151,66.48921285279019,nM,T661,gp41,CEM,RT production,US6861059,Class I,sequence_18
WQTWERQVDNITQTISKALEEAQIQNEKNMYELQKLNQWDIFSNWF,46,DB_JAH,C259 H385 N69 O78 S1,5745.33,-1.998,-0.0003477607,4.1611328125,25.652173913000002,0.152173913,70.0,0.2826086957,0.007420396700000002,-0.0090414299,0.42,nM,V2o,,PM1 human T cell,,,Class II,sequence_19
YTSLIHSLIEESQNQQEKNEQELLELNKWASLWNWF,36,DB_HIV,C202 H300 N52 O62,4448.87,-2.898,-0.0006514014,4.1491699219,71.5861111111,0.1388888889,89.4444444444,0.2777777778,0.0034263467,0.0013550274,5.619404477991041,nM,T213,gp41,CEM,RT production,US6861059,Class II,sequence_20
TTWEAWDRAIAEYAARIEALIRAAQEQQEKNEAILREL,38,DB_HIV,C196 H312 N58 O61,4456.94,-1.995,-0.0004476165,4.3264160156,52.0026315789,0.0789473684,95.5263157895,0.4210526316,-0.0164775346,-0.0093937257,4.711752906702807,nM,267209,Synthetic,CEM4,MAGI/cMAGI infectivity assay,17640899,Class II,sequence_21
MEWDREINNYTSLIHSLIEESQNQQEKNEQELLELD,36,DB_HIV,C188 H294 N52 O69 S1,4418.73,-6.894,-0.0015601768,3.6872558594,61.138888888900006,0.0555555556,86.6666666667,0.25,-0.0149868107,-0.0152328002,8.147137299631343,nM,T648,gp41,CEM,RT production,US6861059,Class II,sequence_22
YTSLIHSLIEESQNQQEKNEQELLEFDKWASLWNWF,36,DB_HIV,C205 H297 N51 O63,4483.87,-3.898,-0.0008693383,3.9633789063,66.0777777778,0.1666666667,78.6111111111,0.2777777778,0.0033062133,0.0016713791,0.11151081543398894,nM,T703,gp41,CEM,RT production,US6861059,Class II,sequence_24
WMEWDREINNYTSLIHSLIEESQNIQEKNEQELLEL,36,DB_JAH,C196 H302 N52 O66 S1,4474.88,-5.895,-0.0013173538,3.798828125,76.6666666667,0.0833333333,97.5,0.2777777778,-0.0094123629,-0.0119415286,18.2,nM,C36M2A,,MT-2,,,Class I,sequence_25
WMEWDREINNYTSLIHSLIEEAQNQQEKNEQELL,34,DB_HIV,C184 H281 N51 O62 S1,4231.58,-4.896,-0.0011570146,3.8728027344,59.782352941199996,0.0882352941,83.2352941176,0.2647058824,-0.0202646806,-0.016955767099999998,2.0,nM,C34S138A,C34,HeLa,MAGI assay,19073606,Class II,sequence_28
MTWQEWEQQVRYLEANISQRLEQAQIQQEKNMYELQ,36,DB_JAH,C199 H307 N57 O63 S2,4570.06,-1.998,-0.0004371934,4.1528320313,59.577777777799994,0.1111111111,67.7777777778,0.2777777778,-0.0065612585,-0.008362503299999999,1.38,nM,MT-P3,,TZM-bl,,,Class II,sequence_29
WTEWDREINNYTSQIHSLIEESQNIQEKNEQELNEL,36,DB_JAH,C192 H292 N54 O69,4460.71,-5.895,-0.0013215385,3.798828125,76.61388888890001,0.0833333333,75.8333333333,0.19444444440000005,-0.0091196568,-0.0127266623,42.0,nM,C36M2,,MT-2,,,Class I,sequence_30
YTSLIHSLIEEHQNQQEKNEQELLELDKWASLWNWF,36,DB_HIV,C205 H301 N53 O62,4499.92,-3.799,-0.0008442372,4.2133789063,49.855555555600006,0.1388888889,89.4444444444,0.2777777778,0.0036087717,0.0019789664,210.0,nM,T-20S138H,Enfuvirtide,HeLa,MAGI assay,19073606,Class III,sequence_31
EQIWNNMTWMEWDREINNYTSLIHSLIEESQNQQEK,36,DB_HIV,C197 H295 N55 O65 S2,4537.93,-3.897,-0.0008587616000000001,3.9633789063,60.8194444444,0.1111111111,65.0,0.2222222222,-0.0090649928,-0.0041970336,28.20669336018845,nM,T657,gp41,CEM,RT production,US6861059,Class I,sequence_32
MTWQQWERQVRFLDANITKLLEEAQIQQEKNMYELQ,36,DB_JAH,C201 H314 N56 O60 S2,4539.13,-0.998,-0.0002198659,4.3916015625,56.494444444399996,0.1111111111,78.6111111111,0.3333333333,0.001635468,-0.0151679821,1.17,nM,MT-SC34_EHO,,TZM-bl,,,Class II,sequence_33
YTSLIHSLIEESQNQQEKNEQELLELDKWASLWNAF,36,DB_HIV,C194 H294 N50 O63,4334.73,-3.898,-0.0008992486,3.9633789063,65.5305555556,0.1111111111,92.22222222219999,0.3055555556,0.0026343556,0.001436032,9.91987966955266,nM,T95,gp41,CEM,RT production,US6861059,Class II,sequence_34
WEEWDKKIEEYTKKIEELIKKS,22,DB_JAH,C132 H207 N31 O39,2852.25,0.003,1.0518012095713899e-06,4.8837890625,67.8181818182,0.13636363640000002,70.9090909091,0.1818181818,0.0254831933,0.0132477875,54.58,nM,SC22,,TZM-bl,,,Class I,sequence_35
YGGIKKEIEAIKKEQEAIKKKIEAIEKEIEA,31,DB_HIV,C160 H275 N41 O49,3557.16,1.005,0.0002825288,7.125,78.7741935484,0.0322580645,100.96774193549999,0.3548387097,0.0024956044,0.0022598423000000003,26.000000000000004,nM,Izm,gp41,293T,Luciferase assay,11572974,Class I,sequence_36
INNYTSLIHSLIEESQNQQEKNEQELLELDKWASL,35,DB_HIV,C181 H287 N49 O63,4157.52,-3.898,-0.0009375782,3.9633789063,56.825714285699995,0.0571428571,103.14285714290001,0.2857142857,-0.0167945109,-0.0014645986,55.32144162866325,nM,T622,gp41,CEM,RT production,US6861059,Class I,sequence_37
YTSLIHSLIEEIQNQQEKNEQELLELDKWASLWNWF,36,DB_HIV,C205 H305 N51 O62,4475.94,-3.898,-0.0008708785,3.9633789063,57.3,0.1388888889,100.27777777780001,0.3055555556,-0.0015970126,-0.002987967,0.5,nM,T-20S138I,Enfuvirtide,HeLa,MAGI assay,19073606,Class II,sequence_38
WEEWDKKIEEYTKKIEELIKKSQNQQIDL,29,DB_JAH,C167 H264 N42 O52,3692.15,-0.997,-0.0002700324,4.5395507813,64.5448275862,0.1034482759,80.6896551724,0.2068965517,0.0017518351,-0.0115925673,1.6,nM,WQ-IDL,,MT-2,,,Class II,sequence_39
WQQWERQVRFLDANITKLLEEAQIQQEKNMYELQELDKWASLWNWF,46,DB_JAH,C271 H399 N71 O75 S1,5883.58,-1.996,-0.0003392492,4.2766113281,54.9304347826,0.1739130435,80.652173913,0.3260869565,0.0098093005,-0.0061198946,4.9,nM,C46,,PM1 human T cell,,,Class II,sequence_40
TTWEAWDRAIAEYAARIEALIRALQELQEKNEAILREL,38,DB_HIV,C200 H321 N57 O60,4484.04,-1.995,-0.0004449113,4.3264160156,59.0236842105,0.0789473684,113.42105263159999,0.4473684211,-0.0103246753,-0.006212025699999999,26.315554722973037,nM,290821,Synthetic,CEM4,MAGI/cMAGI infectivity assay,17640899,Class I,sequence_41
IHSLIEESQNQQEKNEQELLELDKWASLWNWFNITN,36,DB_HIV,C198 H297 N53 O63,4427.81,-3.897,-0.0008801191,3.9633789063,73.0388888889,0.1111111111,89.4444444444,0.2777777778,0.0313847132,0.0061556767,24.84298106738997,nM,T636,gp41,CEM,RT production,US6861059,Class I,sequence_42
YTSLIHSLIQQSQNQQQKNQQQLLQLDKWASLWNWF,36,DB_HIV,C202 H305 N57 O57,4443.95,2.094,0.0004712024,9.583984375,60.5555555556,0.1388888889,89.4444444444,0.2777777778,0.0032661688,0.0010811952,225.02503403503638,nM,T216,gp41,CEM,RT production,US6861059,Class III,sequence_43
TTWEEWDREINEYTSRIESLIRESQEQQEKNEQELREL,38,DB_HIV,C205 H320 N60 O75,4825.1,-5.989,-0.0012412178,3.9689941406,78.5710526316,0.0789473684,61.5789473684,0.1578947368,-0.0158897151,-0.012812256200000002,4.352241404323226,nM,2429,Synthetic,CEM4,MAGI/cMAGI infectivity assay,17640899,Class II,sequence_46
MTWEEWDKKIEEYTKKIEELIKKSEEQQKKN,31,DB_JAH,C177 H283 N45 O56 S1,3969.49,0.005,1.25960765740687e-06,5.01953125,74.4096774194,0.0967741935,50.322580645200006,0.1612903226,-0.0161351648,-0.007764931999999999,0.43,nM,MT-SC29,,TZM-bl,,,Class II,sequence_48
YTSLIHSLIEESQNQQEKNEQELLQLDKWASLWNWF,36,DB_HIV,C202 H300 N52 O62,4448.87,-2.899,-0.0006516261,4.0803222656,71.7055555556,0.1388888889,89.4444444444,0.2777777778,0.0026543779,0.0015883794,2.247761791196416,nM,T98,gp41,CEM,RT production,US6861059,Class II,sequence_49
WEEWDKKIEEYTKKIEELIKKSQNQQLDI,29,DB_JAH,C167 H264 N42 O52,3692.15,-0.997,-0.0002700324,4.5395507813,64.5448275862,0.1034482759,80.6896551724,0.2068965517,0.000947205,-0.0123405501,3.6,nM,WQ-LDI,,MT-2,,,Class II,sequence_50
WEEWDKKIEEYTKKIEELIKKS ,23,DB_JAH,C132 H207 N31 O39,2852.25,0.003,1.0518012095713899e-06,4.8837890625,67.8181818182,0.13636363640000002,70.9090909091,0.1818181818,0.0254831933,0.0132477875,51.3,nM,SC22EK,,TZM-bl,,,Class I,sequence_51
YTSLIHSLIEESQNQQEKNEQELLELDKPASLWNWF,36,DB_HIV,C196 H296 N50 O63,4360.76,-3.898,-0.0008938809,3.9633789063,70.0805555556,0.1111111111,89.4444444444,0.2777777778,-0.0002510726,-0.0007411086,116.95209091993138,nM,T704,gp41,CEM,RT production,US6861059,Class III,sequence_52
MTWCDWRDEIERYTKKIEELIRAAQEWQEKNEAALKEL,38,DB_JAH,C210 H328 N58 O64 S2,4753.34,-2.061,-0.0004335899,4.4465332031,44.3605263158,0.1052631579,72.1052631579,0.3157894737,0.008110860899999999,-0.0089178022,2.88,nM,CT105,,TZM-bl,,,Class II,sequence_53
MTWMEWDREINNYTSLIHSLIEESQNQQEKNEQELL,36,DB_JAH,C193 H297 N53 O66 S2,4479.88,-4.896,-0.0010928864,3.8728027344,62.7416666667,0.0833333333,75.8333333333,0.25,-0.0208933736,-0.0139406686,75.4484495120405,nM,MT-C34,,TZM-bl,,,Class I,sequence_54
WMEWDREINNYTSLIHSLIEELQNIQEKNEQELLEL,36,DB_JAH,C199 H308 N52 O65 S1,4500.96,-5.895,-0.0013097206,3.798828125,75.0222222222,0.0833333333,108.3333333333,0.3055555556,-0.007419037,-0.0102427251,18.5,nM,C36M1A,,MT-2,,,Class I,sequence_55
MTWEAWDRAIAEYAARIEALIRAAQEQQEKNEAALREL,38,DB_HIV,C194 H308 N58 O60 S1,4444.95,-1.995,-0.0004488239,4.3264160156,46.176315789499995,0.0789473684,87.89473684209999,0.4473684211,-0.0197947214,-0.0113879405,5.849334638184907,nM,2544,Synthetic,CEM4,MAGI/cMAGI infectivity assay,17640899,Class II,sequence_56
YTSLIHSLIEEVQNQQEKNEQELLELDKWASLWNWF,36,DB_HIV,C204 H303 N51 O62,4461.91,-3.898,-0.0008736169,3.9633789063,51.95,0.1388888889,97.5,0.3055555556,-0.0007293819000000001,-0.0021424445,0.4,nM,T-20S138V,Enfuvirtide,HeLa,MAGI assay,19073606,Class II,sequence_57
WMEWDREINNYTSLIHSLIEESQNQQEKNEQILLEL,36,DB_JAH,C196 H303 N53 O65 S1,4473.9,-4.896,-0.0010943472,3.8728027344,67.71666666670001,0.0833333333,97.5,0.2777777778,-0.0074180836,-0.0167780821,6.84,nM,C36M4A,,MT-2,,,Class II,sequence_58
YTSLIHSLIEESQNLQEKNEQELLELDKWASLWNWF,36,DB_HIV,C203 H302 N50 O62,4434.89,-3.898,-0.0008789395,3.9633789063,68.45,0.1388888889,100.27777777780001,0.3055555556,-6.41983155887448e-05,-0.00031036700000000003,0.6764542074324278,nM,T701,gp41,CEM,RT production,US6861059,Class II,sequence_59
YTSLIHSLIEESQQQQEKNEQELLELDKWASLWNWF,36,DB_HIV,C203 H301 N51 O63,4463.89,-3.898,-0.0008732294,3.9633789063,75.44444444439999,0.1388888889,89.4444444444,0.2777777778,0.0031126649,0.0012737589,0.6720595713604053,nM,T212,gp41,CEM,RT production,US6861059,Class II,sequence_61
YTSLIHSLIEESQNQQEKNEQQLLELDKWASLWNWF,36,DB_HIV,C202 H300 N52 O62,4448.87,-2.899,-0.0006516261,4.0803222656,62.65,0.1388888889,89.4444444444,0.2777777778,0.0028012077,0.001463211,0.4495523582392833,nM,T97,gp41,CEM,RT production,US6861059,Class II,sequence_62
YTSLIHSLIEEMQNQQEKNEQELLELDKWASLWNWF,36,DB_HIV,C204 H303 N51 O62 S1,4493.98,-3.898,-0.0008673826,3.9633789063,49.855555555600006,0.1388888889,89.4444444444,0.3055555556,0.0006009852,-0.0008540286,0.7,nM,T-20S138M,Enfuvirtide,HeLa,MAGI assay,19073606,Class II,sequence_65
MTWEEWDKKIEEYTKKIEELIK,22,DB_JAH,C132 H206 N30 O39 S1,2869.3,-0.997,-0.00034747150000000003,4.4990234375,59.67727272729999,0.13636363640000002,70.9090909091,0.2272727273,0.009289916,0.0186583322,3.0,nM,MT-SC20EK,,TZM-bl,,,Class II,sequence_67
SLIEESQNQQEKNEQELLELDKWASLWNWFNITNWL,36,DB_HIV,C203 H300 N52 O63,4476.88,-3.996,-0.0008925859,3.6884765625,70.15833333329999,0.1388888889,89.4444444444,0.2777777778,0.0424671858,0.0086354593,123.74689515912868,nM,T634,gp41,CEM,RT production,US6861059,Class III,sequence_68
YTSLIHSLIEEGQNQQEKNEQELLELDKWASLWNWF,36,DB_HIV,C201 H297 N51 O62,4419.83,-3.898,-0.0008819344,3.9633789063,51.95,0.1388888889,89.4444444444,0.2777777778,0.0010637216,-0.000408875,1.3,nM,T-20S138G,Enfuvirtide,HeLa,MAGI assay,19073606,Class II,sequence_69
VEWNEMTWMEWEREIENYTKLIYKILEESQEQ,32,DB_JAH,C188 H279 N45 O59 S2,4177.63,-4.993,-0.0011951753,3.8532714844,58.025,0.15625,70.0,0.25,0.0011550672,0.0158208522,1.8,nM,CP32M,,TZM-bl,,,Class II,sequence_70
DREINNYTSLIHSLIEESQNQQEKNEQELLELDKWA,36,DB_HIV,C187 H295 N53 O67,4357.68,-4.896,-0.0011235336,3.9560546875,58.7805555556,0.0555555556,89.4444444444,0.25,-0.0136427777,-0.0083242858,19.505792072846106,nM,T645,gp41,CEM,RT production,US6861059,Class I,sequence_72
WEEWDKKIEEYTKKIEELIKKSQNQQIDI,29,DB_JAH,C167 H264 N42 O52,3692.15,-0.997,-0.0002700324,4.5395507813,64.5448275862,0.1034482759,80.6896551724,0.2068965517,0.0022176736,-0.0115744416,3.7,nM,WQ-IDI,,MT-2,,,Class II,sequence_74
WMEWDREINNYTSLIHSLIEESQNQQEKNEQELLE,35,DB_HIV,C189 H288 N52 O66 S1,4376.7,-5.895,-0.0013469052,3.798828125,69.3657142857,0.0857142857,78.0,0.2285714286,-0.0197776214,-0.0174424532,0.4569652934859598,nM,T624,gp41,CEM,RT production,US6861059,Class II,sequence_75
TWMEWDREINNYTSLIHSLIEESQNQQEKNEQELLE,36,DB_HIV,C193 H295 N53 O68 S1,4477.8,-5.895,-0.0013164947,3.798828125,63.5416666667,0.0833333333,75.8333333333,0.2222222222,-0.0178169395,-0.0165368657,9.82625396400018,nM,T650,gp41,CEM,RT production,US6861059,Class II,sequence_76
WNNMTWMEWDREINNYTSLIHSLIEESQNQQEKNEQ,36,DB_HIV,C195 H290 N56 O66 S2,4538.87,-3.897,-0.0008585836999999999,3.9633789063,60.8194444444,0.1111111111,54.1666666667,0.19444444440000005,-0.0198846337,-0.0082142694,0.2203191543269581,nM,T654,gp41,CEM,RT production,US6861059,Class II,sequence_77
WMEWDREINNYTSLIGSLIEESQNQQEKNEQELLE,35,DB_HIV,C185 H284 N50 O66 S1,4296.61,-5.9929999999999986,-0.0013948206,3.5563964844,65.84,0.0857142857,78.0,0.2285714286,-0.0206446165,-0.0168687886,1.3964497592287874,nM,T624,gp41,CEM,RT production,US6861059,Class II,sequence_78
QIWNNMTWMEWDREINNYTSLIHSLIEESQNQQEKN,36,DB_HIV,C196 H294 N56 O64 S2,4522.92,-2.899,-0.0006409576,4.0803222656,55.4694444444,0.1111111111,65.0,0.2222222222,-0.0141128238,-0.0049973031,1.1054805302769009,nM,T656,gp41,CEM,RT production,US6861059,Class II,sequence_79
WMEWDREINNYTSLIHSLIEEPQNQQEKNEQELL,34,DB_HIV,C186 H283 N51 O62 S1,4257.62,-4.896,-0.0011499382000000002,3.8728027344,71.1117647059,0.0882352941,80.2941176471,0.2352941176,-0.0214962077,-0.0181299864,46.0,nM,C34S138P,C34,HeLa,MAGI assay,19073606,Class I,sequence_80
YTSLIHSLIEEDQNQQEKNEQELLELDKWASLWNWF,36,DB_HIV,C203 H299 N51 O64,4477.87,-4.897,-0.0010936003,3.814453125,57.3,0.1388888889,89.4444444444,0.2777777778,0.0050548228,0.0028756767,210.0,nM,T-20S138D,Enfuvirtide,HeLa,MAGI assay,19073606,Class III,sequence_82
YTSLIHSLIEEEQNQQEKNEQELLELDKWASLWNWF,36,DB_HIV,C204 H301 N51 O64,4491.89,-4.896,-0.0010899644,3.8728027344,66.3555555556,0.1388888889,89.4444444444,0.2777777778,0.004592086400000001,0.0026619313,283.0,nM,T-20S138E,Enfuvirtide,HeLa,MAGI assay,19073606,Class III,sequence_83
NNYTSLIHSLIEESQNQQEKNEQELLELDKWASLWN,36,DB_HIV,C190 H292 N52 O65,4344.68,-3.898,-0.0008971892,3.9633789063,65.5305555556,0.0833333333,89.4444444444,0.25,-0.0095687272,0.000461694,22.556321754421496,nM,T641,gp41,CEM,RT production,US6861059,Class I,sequence_84
EMTWEEWEKKIEEYIKKIEEILKKSQNQQIDL,32,DB_JAH,C184 H293 N45 O57 S1,4079.64,-1.994,-0.0004887686,4.4118652344,68.525,0.09375,85.3125,0.25,-0.008191453000000001,-0.0050462845,0.275,nM,YIK,,MT-2,,,Class II,sequence_86
LIHSLIEESQNQQEKNEQELLELDKWASLWNWFNIT,36,DB_HIV,C200 H302 N52 O62,4426.87,-3.897,-0.0008803058999999998,3.9633789063,77.2138888889,0.1111111111,100.27777777780001,0.3055555556,0.0249960273,0.0041999731,2.710718860052362,nM,T637,gp41,CEM,RT production,US6861059,Class II,sequence_87
WTEWDREINNYTSQIHSLIEESQNQQEKNEQILNEL,36,DB_JAH,C192 H293 N55 O68,4459.73,-4.896,-0.0010978243,3.8728027344,67.6638888889,0.0833333333,75.8333333333,0.19444444440000005,-0.0071253774,-0.0139372481,15.9,nM,C36M4,,MT-2,,,Class I,sequence_88
YTSLIHSLIEESQNQQEKNEQELLELDKWASPWNWF,36,DB_HIV,C201 H295 N51 O63,4433.82,-3.898,-0.0008791516,3.9633789063,67.4777777778,0.1388888889,78.6111111111,0.25,-0.0009207055,0.0002509858,3.15754811877794,nM,T705,gp41,CEM,RT production,US6861059,Class II,sequence_89
EMTWEEWEKKIEEYTKKIEEILK,23,DB_JAH,C138 H215 N31 O42 S1,3012.44,-1.995,-0.0006622539,4.3732910156,77.9565217391,0.1304347826,67.82608695649999,0.2173913043,-0.0001505602,0.0212032116,0.19,nM,HP23,,TZM-bl,,,Class II,sequence_90
KKISEEQKKIQEEIKKILEESKKILEEIKKDWEEWTM,37,DB_JAH,C209 H348 N52 O64 S1,4645.39,0.008,1.72213743087233e-06,5.123046875,73.5351351351,0.0540540541,84.32432432430001,0.2432432432,0.0103467742,0.0026613477000000003,3.06,nM,AP3,,MT-2,,,Class II,sequence_92
EELAKKAEELAKKAEELAKKAEELAKKAWASLWNWFLEAIPMSIPPEVKFNKPFVF,56,DB_JAH,C306 H474 N72 O80 S1,6473.56,1.008,0.0001557103,7.1875,52.825,0.125,83.9285714286,0.4464285714,0.0154415366,-0.007534659,91.0,nM,4HR-LBD-VIRIP,,MT-2,,,Class I,sequence_93
WQQWERQVRFLDANITKLLEEAQIQQEKNMYELQ,34,DB_JAH,C192 H298 N54 O57 S1,4306.83,-0.998,-0.000231725,4.3916015625,64.4970588235,0.1176470588,83.2352941176,0.3235294118,0.0015310032,-0.0186348362,1.88,nM,C34_EHO,,TZM-bl,,,Class II,sequence_94
YTSLIHSLIEEWQNQQEKNEQELLELDKWASLWNWF,36,DB_HIV,C210 H304 N52 O62,4548.99,-3.898,-0.0008568935,3.9633789063,47.775,0.1666666667,89.4444444444,0.2777777778,0.0001093278,-0.0013288467,29.0,nM,T-20S138W,Enfuvirtide,HeLa,MAGI assay,19073606,Class I,sequence_95
WLEWDRKIEEYTKKIEELIKKSQEQQEKNEKELK ,35,DB_JAH,C196 H316 N52 O61,4376.93,0.006999999999999999,1.59929448266251e-06,5.07421875,67.5588235294,0.0882352941,68.82352941180001,0.1764705882,-0.018026038,-0.0189253423,1.6,nM,SC34EK,,HeLa CD4/LTR-B-galactosidase,,,Class II,sequence_96
EMTWEEWEKKVEELEKKIEELLK,23,DB_JAH,C135 H215 N31 O42 S1,2976.41,-2.9930000000000003,-0.0010055738,4.2485351563,45.7956521739,0.0869565217,80.4347826087,0.2608695652,-0.0025770308,0.021634209100000003,0.69,nM,2P23,,TZM-bl,,,Class II,sequence_98
NNMTWMEWDREINNYTSLIHSLIEESQNQQEKNEQE,36,DB_HIV,C189 H287 N55 O68 S2,4481.78,-4.896,-0.0010924231,3.8728027344,62.7416666667,0.0833333333,54.1666666667,0.19444444440000005,-0.0218903544,-0.011030431499999998,14.056914886495994,nM,T653,gp41,CEM,RT production,US6861059,Class I,sequence_100
MTWEEWDKKIEEYTKKIEELIKKSQNQQ,28,DB_JAH,C160 H253 N41 O50 S1,3583.05,0.003,8.37275505505086e-07,4.8837890625,60.096428571400004,0.1071428571,55.714285714300004,0.1785714286,-0.0033822699,0.0035879451,8.8,nM,MT-WQ,,MT-2,,,Class II,sequence_101
MTWEEWDKKIEEYTKKIEELIKKSQNQQIDL ,32,DB_JAH,C176 H280 N44 O55 S1,3924.45,-0.997,-0.00025404830000000004,4.5395507813,55.2483870968,0.0967741935,75.4838709677,0.2258064516,-0.0026351648,-0.0061293439000000005,0.6,nM,MT-WQ-IDL,,MT-2 ,,,Class II,sequence_102
YTSLIHSLIEESQNQQEKNQQELLQLDKWASLWNWF,36,DB_HIV,C202 H301 N53 O61,4447.89,-1.9,-0.0004271688,4.2451171875,69.6111111111,0.1388888889,89.4444444444,0.2777777778,0.002580963,0.0015341951000000002,12.590239416892054,nM,T99,gp41,CEM,RT production,US6861059,Class I,sequence_104
SWETWEREIENYTRQIYRILEESQEQQDRNERDLLE,36,DB_JAH,C201 H308 N60 O70,4684.97,-4.992,-0.0010655351,3.9936523438,69.2361111111,0.1111111111,65.0,0.1666666667,-0.0220009534,-0.0132352107,2.87,nM,Sifuvirtide/SFT,,TZM-bl,,,Class II,sequence_106
TTWEAWDRAIAEYAARIEALIRALQELQEKNEAALREL,38,DB_HIV,C197 H315 N57 O60,4441.96,-1.995,-0.0004491261,4.3264160156,53.9552631579,0.0789473684,105.7894736842,0.4473684211,-0.0130817972,-0.0083452845,12.156795648767662,nM,290822,Synthetic,CEM4,MAGI/cMAGI infectivity assay,17640899,Class I,sequence_107
WQEWEKQVRYLEANISKSLEQAQIQQEKNMYELQ,34,DB_JAH,C189 H292 N52 O59 S1,4268.74,-0.998,-0.0002337926,4.4526367188,57.7205882353,0.1176470588,71.7647058824,0.2647058824,-0.0010294003,-0.0144155481,5.51,nM,C34_ROD,,TZM-bl,,,Class II,sequence_108
MTWETWEREIENYTRQIYRILEESQEQQDRNERDLLE ,38,DB_JAH,C207 H319 N61 O71 S1,4830.19,-4.992,-0.0010334997,3.9936523438,62.7945945946,0.1081081081,63.2432432432,0.1891891892,-0.0239412442,-0.009844574,0.8,nM,MT-SFT,,TZM-bl,,,Class II,sequence_109
ELTWEEWEKKVEELEKKIEELLK,23,DB_JAH,C136 H217 N31 O42,2958.37,-2.9930000000000003,-0.0010117058,4.2485351563,47.047826087,0.0869565217,97.3913043478,0.2608695652,-0.0049929972,0.0234407572,0.59,nM,2P23L,,TZM-bl,,,Class II,sequence_110
EESQNQQEKNEQELLELDKWASLWNWFNITNWLWLI,36,DB_HIV,C211 H305 N53 O62,4576.01,-3.996,-0.0008732497999999999,3.6884765625,67.9583333333,0.1666666667,89.4444444444,0.2777777778,0.0538611155,0.0103660151,218.53099097248474,nM,T631,gp41,CEM,RT production,US6861059,Class III,sequence_111
TTWEAWDRAIAEYAARIEALIRALQEQQEKNEAILREL,38,DB_HIV,C199 H318 N58 O61,4499.02,-1.995,-0.0004434299,4.3264160156,60.5815789474,0.0789473684,103.1578947368,0.4210526316,-0.0156857457,-0.008709426,9.557636996501461,nM,267225,Synthetic,CEM4,MAGI/cMAGI infectivity assay,17640899,Class II,sequence_112
EMTWQEWEQKVEELEKKIEELLK,23,DB_JAH,C134 H212 N32 O42 S1,2975.38,-2.994,-0.001006258,4.1520996094,48.369565217399995,0.0869565217,80.4347826087,0.2608695652,-0.0062009804,0.0253718737,1.39,nM,2P23Q,,TZM-bl,,,Class II,sequence_113
YTSLIHSLIEESQNQQEKLEQELLELDKWASLWNWF,36,DB_HIV,C204 H304 N50 O62,4448.91,-3.898,-0.0008761697,3.9633789063,60.2916666667,0.1388888889,100.27777777780001,0.3055555556,0.0033907516,0.0014817038,8.091869693925029,nM,T702,gp41,CEM,RT production,US6861059,Class II,sequence_115
TTWEAWDRAIAEYAARIEALIRAAQEQQEKLEAVLREL,38,DB_HIV,C197 H315 N57 O60,4441.96,-1.995,-0.0004491261,4.3264160156,44.7,0.0789473684,103.1578947368,0.4473684211,-0.0096127461,-0.005470098299999999,11.031166422029916,nM,291022,Synthetic,CEM4,MAGI/cMAGI infectivity assay,17640899,Class I,sequence_116
MTWEEWDKKIEEYTKKIEELIKK,23,DB_JAH,C138 H218 N32 O40 S1,2997.47,0.003,1.00084404514474e-06,4.8837890625,57.517391304300006,0.1304347826,67.82608695649999,0.2173913043,0.0130987395,0.020396764,2.7,nM,MT-SC21EK,,TZM-bl,,,Class II,sequence_117
WTEWDREINNYTSQIHSLIEESQNQQEKNEQELNEL,36,DB_JAH,C191 H289 N55 O70,4475.68,-5.895,-0.0013171182999999998,3.798828125,67.6638888889,0.0833333333,65.0,0.1666666667,-0.015626887,-0.0165784075,39.8,nM,C36M0,,MT-2,,,Class I,sequence_119
WEEWDKKIEEYTKKIEELIKKSEEQQKKN,29,DB_JAH,C168 H267 N43 O53,3737.19,0.005,1.33790361207217e-06,5.01953125,85.0275862069,0.1034482759,53.7931034483,0.1379310345,-0.0140697346,-0.0134852722,0.7,nM,SC29EK,,TZM-bl,,,Class II,sequence_120
YTSLIHSLIEELQNQQEKNEQELLELDKWASLWNWF,36,DB_HIV,C205 H305 N51 O62,4475.94,-3.898,-0.0008708785,3.9633789063,61.005555555600004,0.1388888889,100.27777777780001,0.3055555556,-0.0007293819000000001,-0.0021424445,0.7,nM,T-20S138L,Enfuvirtide,HeLa,MAGI assay,19073606,Class II,sequence_122
MTWMAWDRAIANYAALIHALIEAAQNQQEKNEAALLEL,38,DB_HIV,C192 H301 N53 O56 S2,4311.91,-1.9,-0.00044064,4.2451171875,41.7131578947,0.0789473684,108.42105263159999,0.5263157895,-0.0188191244,-0.0113121852,18.32134715242201,nM,2638,Synthetic,CEM4,MAGI/cMAGI infectivity assay,17640899,Class I,sequence_123
YTSLIHSLIEEQQNQQEKNEQELLELDKWASLWNWF,36,DB_HIV,C204 H302 N52 O63,4490.91,-3.898,-0.0008679755000000001,3.9633789063,62.65,0.1388888889,89.4444444444,0.2777777778,0.0049102177,0.0028113913,34.0,nM,T-20S138,Enfuvirtide,HeLa,MAGI assay,19073606,Class I,sequence_124
KKISEEQKKIQEEIKKILEESKKILEEIERDWEMW,35,DB_JAH,C199 H329 N51 O61 S1,4444.13,-0.991,-0.0002229908,4.7746582031,91.42,0.0571428571,89.14285714290001,0.2571428571,0.0116565799,0.0096033096,86.25,nM,AP1,,MT-2,,,Class I,sequence_125
TTWEAWDRAIAEYAARIEALIRALQEQQEKNEAALREL,38,DB_HIV,C196 H312 N58 O61,4456.94,-1.995,-0.0004476165,4.3264160156,55.5131578947,0.0789473684,95.5263157895,0.4210526316,-0.0184428676,-0.0108426847,7.852921511171344,nM,267221,Synthetic,CEM4,MAGI/cMAGI infectivity assay,17640899,Class II,sequence_126
IRKAHCNISRADWND,15,DB_HIV,C75 H120 N28 O22 S1,1798.0,2.028,0.0011279199,8.7451171875,48.373333333299996,0.0666666667,65.3333333333,0.3333333333,-0.0054285714,-0.0304281731,50.0,nM,15D,gp120,CEMx174,QPCR,21264298,Class I,sequence_127
TMWMEWDREINNYTSLIHSLIEESQNQQEKNEQELL,36,DB_JAH,C193 H297 N53 O66 S2,4479.88,-4.896,-0.0010928864,3.8728027344,67.71666666670001,0.0833333333,75.8333333333,0.25,-0.02148546,-0.015085306399999996,1.4,nM,TM-C34,,TZM-bl,,,Class II,sequence_128
YTSLIHSLIEETQNQQEKNEQELLELDKWASLWNWF,36,DB_HIV,C203 H301 N51 O63,4463.88,-3.898,-0.0008732314,3.9633789063,49.855555555600006,0.1388888889,89.4444444444,0.2777777778,0.0025965358,0.0010486611,0.9,nM,T-20S138T,Enfuvirtide,HeLa,MAGI assay,19073606,Class II,sequence_129
YTSLIQSLIEESQNQQEKNEQQLLELDKWASLWNWF,36,DB_HIV,C201 H301 N51 O63,4439.86,-2.998,-0.0006752465,3.7758789063,71.4277777778,0.1388888889,89.4444444444,0.2777777778,0.0048606388,0.000180776,0.9009293085818022,nM,T231,gp41,CEM,RT production,US6861059,Class II,sequence_130
WMEWDREINNYTSLIHSLIEESQNQQEKNEQELL,34,DB_JAH,C184 H281 N51 O63 S1,4247.58,-4.896,-0.0011526563,3.8728027344,71.1117647059,0.0882352941,80.2941176471,0.2352941176,-0.0222351239,-0.0188168752,16.83,nM,C34,,TZM-bl,,,Class I,sequence_131
WQQWERQVRFLDANITKLLEEAQIQQEKNMYELQELDKNASLWNWF,46,DB_JAH,C264 H395 N71 O76 S1,5811.48,-1.996,-0.0003434581,4.2766113281,58.197826086999996,0.152173913,80.652173913,0.3260869565,0.0051854731,-0.0090696632,1.9,nM,C46-EHO,,PM1 human T cell,,,Class II,sequence_134
TTWEAWDRAIAEYAARIEALIRAAQELQEKNEAALREL,38,DB_HIV,C194 H309 N57 O60,4399.88,-1.995,-0.0004534215,4.3264160156,45.3763157895,0.0789473684,98.1578947368,0.4473684211,-0.013873586100000002,-0.008990878,4.772857441566588,nM,267226,Synthetic,CEM4,MAGI/cMAGI infectivity assay,17640899,Class II,sequence_135
WEEWDKKIEEYTKKIEELIKKSQNQQ,26,DB_JAH,C151 H237 N39 O47,3350.75,0.003,8.953219428486161e-07,4.8837890625,70.8384615385,0.1153846154,60.0,0.1538461538,0.0023190118,-0.0015455258,123.4,nM,WQ,,MT-2,,,Class III,sequence_136
YTSLIHSLIEESQNQQEKNEQELLELDKWASLFNFF,36,DB_HIV,C198 H297 N49 O63,4371.79,-3.898,-0.0008916255999999998,3.9633789063,51.35,0.1388888889,89.4444444444,0.3333333333,0.004955665,0.002206504,0.06862177734978121,nM,T379,gp41,CEM,RT production,US6861059,Class II,sequence_137
NYTSLIHSLIEESQNQQEKNEQELLELDKWASLWNW,36,DB_HIV,C197 H296 N52 O64,4416.79,-3.898,-0.0008825414,3.9633789063,62.65,0.1111111111,89.4444444444,0.25,-0.00359447,0.0009058477,3.3961315797219247,nM,T640,gp41,CEM,RT production,US6861059,Class II,sequence_138
MTWEEWDKKIEEYTKKIEELIKKS,24,DB_JAH,C141 H223 N33 O42 S1,3084.55,0.003,9.72589194534049e-07,4.8837890625,55.5375,0.125,65.0,0.2083333333,0.011581895900000002,0.0173232423,1.32,nM,MT-SC22,,TZM-bl,,,Class II,sequence_139
WTEWDREINNYTSQIHSLIEELQNQQEKNEQELNEL,36,DB_JAH,C194 H295 N55 O69,4501.76,-5.895,-0.0013094878,3.798828125,66.0194444444,0.0833333333,75.8333333333,0.19444444440000005,-0.0136335611,-0.0146795307,28.5,nM,C36M1,,MT-2,,,Class I,sequence_140
AAWMEWDREINNYTSLIHSLIEESQNQQEKNEQELL,36,DB_JAH,C190 H291 N53 O65 S1,4389.74,-4.896,-0.001115328,3.8728027344,67.71666666670001,0.0833333333,81.3888888889,0.2777777778,-0.0220673765,-0.014542972,1.3,nM,AA-C34,,TZM-bl,,,Class II,sequence_141
WMEWDREINNYTSLIHSLIEELQNQQEKNEQELL,34,DB_HIV,C187 H287 N51 O62 S1,4273.66,-4.896,-0.0011456223,3.8728027344,69.37058823529999,0.0882352941,91.7647058824,0.2647058824,-0.0190824146,-0.0158116051,1.5,nM,C34S138L,C34,HeLa,MAGI assay,19073606,Class II,sequence_142
NQQEKNEQELLELDKWASLWNWFNITNWLWLIKIFI,36,DB_HIV,C220 H321 N53 O56,4604.24,-0.999,-0.0002169739,4.2509765625,43.486111111099994,0.19444444440000005,111.1111111111,0.3611111111,0.049740982,0.0047118037,217.1911108022171,nM,T627,gp41,CEM,RT production,US6861059,Class III,sequence_143
WEEWDKKIEEYTKKIEELIKKSEEQQKKNEEELKK ,36,DB_JAH,C201 H323 N51 O65,4494.04,-0.991,-0.0002205143,4.8229980469,88.3685714286,0.0857142857,55.714285714300004,0.14285714289999998,-0.0193194933,-0.0157346365,0.39,nM,SC35EK,,MAGI,,,Class II,sequence_145
YTSLIHSLIEQSQNQQEKNEQELLELDKWASLWNWF,36,DB_HIV,C202 H300 N52 O62,4448.87,-2.899,-0.0006516261,4.0803222656,65.8,0.1388888889,89.4444444444,0.2777777778,0.0033395837,0.0012461631,4.270747403273192,nM,T214,gp41,CEM,RT production,US6861059,Class II,sequence_147
YTSLIHSLIEESQNQQEKNEQELLELDKWASLWNWF,36,DB_JAH,C202 H299 N51 O63,4449.86,-3.898,-0.0008759826,3.9633789063,62.65,0.1388888889,89.4444444444,0.2777777778,0.0029725091,0.0013998483,222.0,nM,DP178/T20/Enfuvirtide/ENF,,MT-2,,,Class III,sequence_148
WTEWDREINNYTSQIHSLIEESQNQQEKLEQELNEL,36,DB_JAH,C193 H294 N54 O69,4474.74,-5.895,-0.001317395,3.798828125,65.30555555560001,0.0833333333,75.8333333333,0.19444444440000005,-0.0068437947,-0.0098283119,30.5,nM,C36M3,,MT-2,,,Class I,sequence_151
ELTWEEWEKKIEEYTKKIEEILK,23,DB_JAH,C139 H217 N31 O42,2994.4,-1.995,-0.0006662437,4.3732910156,79.2086956522,0.1304347826,84.78260869569999,0.2173913043,-0.0025665266,0.023009759700000004,0.39,nM,HP23L,,TZM-bl,,,Class II,sequence_152
LEQIWNNMTWMEWDREINNYTSLIHSLIEESQNQQE,36,DB_HIV,C197 H294 N54 O65 S2,4522.91,-4.897,-0.00108271,3.6870117188,60.8194444444,0.1111111111,75.8333333333,0.25,-0.0046477038,-0.0038145385,42.229449624246335,nM,T658,gp41,CEM,RT production,US6861059,Class I,sequence_153
SLIHSLIEESQNQQEKNEQELLELDKWASLWNWFNI,36,DB_HIV,C199 H300 N52 O62,4412.84,-3.897,-0.0008831048,3.9633789063,77.2138888889,0.1111111111,100.27777777780001,0.3055555556,0.016693786699999998,0.0037310894,1.133057169532546,nM,T638,gp41,CEM,RT production,US6861059,Class II,sequence_155
MTWMEWDREINNYTSLIHSLIEESQNQQEKNEQELLEL,38,DB_HIV,C204 H315 N55 O70 S2,4722.16,-5.895,-0.0012483694,3.798828125,59.9657894737,0.0789473684,82.1052631579,0.2631578947,-0.0154741831,-0.0118507237,6.776559879377234,nM,2410,Synthetic,CEM4,MAGI/cMAGI infectivity assay,17640899,Class II,sequence_157
QNQQEKNEQELLELDKWASLWNWFNITNWLWLIKIF,36,DB_HIV,C219 H318 N54 O57,4619.21,-0.999,-0.0002162707,4.2509765625,43.486111111099994,0.19444444440000005,100.27777777780001,0.3333333333,0.051683457800000006,0.0059068851,216.48723483019825,nM,T628,gp41,CEM,RT production,US6861059,Class III,sequence_158
EMTWEEWEKKIEEYTKKIEEILKKSQNQQIDL,32,DB_JAH,C182 H289 N45 O58 S1,4067.59,-1.994,-0.0004902166,4.4118652344,68.525,0.09375,73.125,0.21875,-0.0067042735,-0.0037828321,0.338,nM,HP23-E6-IDL,,MT-2,,,Class II,sequence_159
INNYTSLIHSLIEESQNQQEKNEQELLELDKWASLW,36,DB_HIV,C192 H297 N51 O64,4343.74,-3.898,-0.0008973834,3.9633789063,62.1027777778,0.0833333333,100.27777777780001,0.2777777778,-0.0134082314,-0.0003786822,333.8137181323008,nM,T642,gp41,CEM,RT production,US6861059,Class III,sequence_160
KKISEEQKKIQEEIKKILEESKKILEEIKKDWEEW,35,DB_JAH,C200 H332 N50 O61,4413.09,0.008,1.81278877158635e-06,5.123046875,81.46,0.0571428571,89.14285714290001,0.2285714286,0.0097719916,0.0063732331,23.05,nM,AP2,,MT-2,,,Class I,sequence_161
YTSLIHSLIEEAQNQQEKNEQELLELDKWASLWNWF,36,DB_HIV,C202 H299 N51 O62,4433.86,-3.898,-0.0008791437,3.9633789063,51.95,0.1388888889,92.22222222219999,0.3055555556,0.0006588273,-0.0007982866,0.6,nM,T-20S138A,Enfuvirtide,HeLa,MAGI assay,19073606,Class II,sequence_162
MTWQEWEKQVRYLEANISKSLEQAQIQQEKNMYELQ,36,DB_JAH,C198 H308 N54 O62 S2,4501.04,-0.998,-0.0002217265,4.4526367188,50.0944444444,0.1111111111,67.7777777778,0.2777777778,-0.0021207691,-0.0113615037,0.84,nM,MT-SC34_ROD,,TZM-bl,,,Class II,sequence_163
WQEWEQQVRYLEANISQRLEQAQIQQEKNMYELQ,34,DB_JAH,C190 H291 N55 O60 S1,4337.76,-1.998,-0.0004606064,4.1528320313,67.7617647059,0.1176470588,71.7647058824,0.2647058824,-0.0051966534,-0.0111090587,6.34,nM,P3,,TZM-bl,,,Class II,sequence_164
YTSLIHSLIEEYQNQQEKNEQELLELDKWASLWNWF,36,DB_HIV,C208 H303 N51 O63,4525.95,-3.898,-0.0008612556,3.9633789063,51.95,0.1666666667,89.4444444444,0.2777777778,0.0016999841,0.0001998694,25.0,nM,T-20S138T,Enfuvirtide,HeLa,MAGI assay,19073606,Class I,sequence_165
YTSLIHSLIQESQNQQEKNEQELLELDKWASLWNWF,36,DB_HIV,C202 H300 N52 O62,4448.87,-2.899,-0.0006516261,4.0803222656,46.7388888889,0.1388888889,89.4444444444,0.2777777778,0.0033885269,0.0010549225,5.1698521197517575,nM,T215,gp41,CEM,RT production,US6861059,Class II,sequence_166
TTWEAWDRAIAEYAARIEALIRAAQELQEKLEAALREL,38,DB_HIV,C196 H314 N56 O59,4398.94,-1.995,-0.0004535183,4.3264160156,43.142105263199994,0.0789473684,108.42105263159999,0.4736842105,-0.0059483661,-0.0024967354,136.39649551937512,nM,267228,Synthetic,CEM4,MAGI/cMAGI infectivity assay,17640899,Class III,sequence_167
SQNQQEKNEQELLELDKWASLWNWFNITNWLWLIKI,36,DB_HIV,C213 H314 N54 O58,4559.12,-0.999,-0.0002191212,4.2509765625,48.836111111099996,0.1666666667,100.27777777780001,0.3055555556,0.0525955824,0.006931699,219.34057449683274,nM,T629,gp41,CEM,RT production,US6861059,Class III,sequence_169
YTSLIHSLIEENQNQQEKNEQELLELDKWASLWNWF,36,DB_HIV,C203 H300 N52 O63,4476.88,-3.898,-0.0008706957,3.9633789063,49.855555555600006,0.1388888889,89.4444444444,0.2777777778,0.0047077705,0.0027178178,19.0,nM,T-20S138N,Enfuvirtide,HeLa,MAGI assay,19073606,Class I,sequence_170
TSLIHSLIEESQNQQEKNEQELLELDKWASLWNWFN,36,DB_HIV,C197 H296 N52 O63,4400.79,-3.897,-0.0008855228,3.9633789063,65.0083333333,0.1111111111,89.4444444444,0.2777777778,0.0086985539,0.002558205,4.771870505068408,nM,T639,gp41,CEM,RT production,US6861059,Class II,sequence_172
TTWEAWDRAIAEYAARIEALIRASQEQQEKNEAELREL,38,DB_HIV,C195 H308 N58 O64,4488.89,-2.9930000000000003,-0.0006667572999999999,4.2045898438,52.0026315789,0.0789473684,82.6315789474,0.3684210526,-0.025361594100000003,-0.0144669735,2.8960388871190874,nM,290676,Synthetic,CEM4,MAGI/cMAGI infectivity assay,17640899,Class II,sequence_173
EWDREINNYTSLIHSLIEESQNQQEKNEQELLELDKWASLW,41,DB_HIV,C223 H338 N60 O75,5059.45,-5.894,-0.0011649488,3.8842773438,54.9414634146,0.0975609756,88.0487804878,0.243902439,-0.002457383,-0.006631550799999999,1.5,nM,WT,gp41,CHO-WT,Syncytia assay,22770564,Class II,sequence_174
WMEWDREINNYTSLIHSLIEESQNQQEKNEQELLELDKWASLWNWFNITNWLWYIK,56,DB_HIV,C330 H475 N83 O95 S1,7156.89,-4.895,-0.0006839563000000001,4.0657958983999976,55.7107142857,0.1785714286,85.3571428571,0.2678571429,0.0131431315,-0.0030415535,60.0,nM,P5,gp41,HeLa,Cell-to-cell fusion assay,18925934,Class I,sequence_175
WEEWDKKIEEYTKKIEELIKKSQNQQLDL,29,DB_JAH,C167 H264 N42 O52,3692.15,-0.997,-0.0002700324,4.5395507813,64.5448275862,0.1034482759,80.6896551724,0.2068965517,0.0004813665,-0.0125042735,3.7,nM,WQ-LDL,,MT-2,,,Class II,sequence_176
WMEWDREINNYTSLIHSLIEESQNQQEKIEQELLEL,36,DB_JAH,C197 H304 N52 O66 S1,4488.91,-5.895,-0.0013132364,3.798828125,77.56388888890001,0.0833333333,97.5,0.2777777778,-0.0057349436,-0.0094310923,8.62,nM,C36M3A,,MT-2 ,,,Class II,sequence_177
WDREINNYTSLIHSLIEESQNQQEKNEQELLELDKW,36,DB_HIV,C195 H300 N54 O67,4472.81,-4.896,-0.0010946139,3.9560546875,62.95555555560001,0.0833333333,86.6666666667,0.2222222222,-0.0135614174,-0.0110480581,18.556567348042947,nM,T646,gp41,CEM,RT production,US6861059,Class I,sequence_178
NMTWMEWDREINNYTSLIHSLIEESQNQQEKNEQEL,36,DB_HIV,C191 H292 N54 O67 S2,4480.83,-4.896,-0.0010926547,3.8728027344,62.7416666667,0.0833333333,65.0,0.2222222222,-0.023149849,-0.0125635721,0.8926917557684626,nM,T652,gp41,CEM,RT production,US6861059,Class II,sequence_179
LIEESQNQQEKNEQELLELDKWASLWNWFNITNWLW,36,DB_HIV,C211 H305 N53 O62,4576.01,-3.996,-0.0008732497999999999,3.6884765625,76.7361111111,0.1666666667,89.4444444444,0.2777777778,0.046368663600000005,0.0096334826,40.646764320882156,nM,T633,gp41,CEM,RT production,US6861059,Class I,sequence_180
WMEWDREINNYTSLIHSLIEETQNQQEKNEQELL,34,DB_HIV,C185 H283 N51 O63 S1,4261.61,-4.896,-0.0011488616,3.8728027344,57.5647058824,0.0882352941,80.2941176471,0.2352941176,-0.0219149269,-0.0185218865,2.6,nM,C34S138T,C34,HeLa,MAGI assay,19073606,Class II,sequence_181
MTWEEWDKKIEEYTKKIEELI,21,DB_JAH,C126 H194 N28 O38 S1,2741.13,-1.997,-0.0007285317,4.2209472656,66.08571428569999,0.14285714289999998,74.2857142857,0.2380952381,0.0034744898,0.0176033746,4.8,nM,MT-SC19EK,,TZM-bl,,,Class II,sequence_182
YTSLIHSLIEEFQNQQEKNEQELLELDKWASLWNWF,36,DB_HIV,C208 H303 N51 O62,4509.95,-3.898,-0.0008643111,3.9633789063,51.95,0.1666666667,89.4444444444,0.3055555556,-0.0010185921,-0.0024238932,9.4,nM,T-20S138F,Enfuvirtide,HeLa,MAGI assay,19073606,Class II,sequence_183
