fp_domain,nhr_domain,chr_domain,tm_domain,loop2,loop1,sequence
7.4,10.800000000000008,8.200000000000006,5.300000000000001,1.399999999999999,7.20000000000001,LNNCLLLGTEVSEALGGA
1.0999999999999996,2.299999999999998,5.699999999999998,2.7999999999999985,2.099999999999999,5.300000000000001,IRKAHCNISRADWND
6.200000000000001,11.400000000000015,4.199999999999999,9.700000000000005,1.3877787807814457e-16,7.800000000000013,LVQPRGPRSGPGPWQGGRRKFRRQRPRLSHKGPMPF
-3.400000000000001,-3.5999999999999956,-1.4,-3.900000000000001,0.7999999999999997,2.5999999999999974,YCKKCCYHCQ
10.299999999999999,11.500000000000007,8.500000000000007,5.400000000000004,0.6999999999999992,8.70000000000001,PPLNNCLLLGTEVSEALGGAGLTGG
3.600000000000003,12.000000000000012,4.400000000000001,6.900000000000003,0.8,10.200000000000006,SPLGFGSYTMTKIRDSLHLV
5.399999999999999,8.00000000000001,4.800000000000001,9.100000000000001,2.1999999999999993,10.600000000000007,SKIDVWSLVPVGSASCTIAA
1.399999999999999,19.599999999999987,67.6,4.9,3.6000000000000005,15.200000000000008,YTSLIHSLIEEHQNQQEKNEQELLELDKWASLWNWF
4.900000000000002,29.9,6.900000000000002,11.000000000000002,4.100000000000002,10.500000000000007,LLQLTVWGIKQLQARIL
0.19999999999999982,4.000000000000011,4.000000000000002,-0.7000000000000006,-1.4,4.000000000000005,PKSSWSDHEASSGV
0.5000000000000003,13.700000000000006,13.50000000000001,3.5999999999999996,4.300000000000001,6.900000000000009,MTWQEWEQQVRYLEANISQRL
1.2999999999999998,7.300000000000004,16.499999999999996,2.1999999999999997,4.899999999999999,5.100000000000003,EMTWEEWEKKVEELEKKIEELLK
4.600000000000004,20.6,29.599999999999987,5.900000000000006,4.800000000000005,10.200000000000008,MTWEAWDRAIAEYAARIEALIRAAQEQQEKNEAALREL
10.700000000000001,11.100000000000009,7.100000000000005,5.800000000000004,1.0999999999999992,9.10000000000001,NCLLLGTEVSEALGGAGLTGG
4.600000000000003,3.200000000000007,4.8000000000000025,5.900000000000002,1.6,10.600000000000009,LEAIPCSIPPCVAFNKPFVF
9.100000000000003,10.900000000000007,7.300000000000004,6.0000000000000036,1.2999999999999994,9.70000000000001,NCLLLGTEVSEALGGAGLT
2.1999999999999997,15.800000000000011,50.39999999999999,4.3,11.4,16.6,EESQNQQEKNEQELLELDKWASLWNWFNITNWLWLI
4.3,6.300000000000001,3.5000000000000013,10.000000000000002,1.6999999999999988,3.5000000000000053,FFIILLTIDRYLAVV
2.4,-3.599999999999995,-4.199999999999997,3.7,-1.0,-2.8000000000000016,PFVFLM
3.1999999999999993,19.999999999999986,67.6,4.9,3.6000000000000005,15.200000000000008,YTSLIHSLIEESQNQQEKNEQELLELDKWASLWNAF
10.600000000000001,10.400000000000006,6.0,6.100000000000003,1.0,6.80000000000001,GTEVSEALGGAGLTGGFY
7.8000000000000025,65.2,16.0,9.500000000000004,6.0,13.40000000000001,SGIVQQQNNLLRAIEAQQHLLQLTVWGIKQLQAR
1.399999999999999,19.599999999999987,67.6,4.9,3.6000000000000005,16.200000000000003,YTSLIHSLIEEWQNQQEKNEQELLELDKWASLWNWF
-0.6,10.4,23.59999999999998,4.300000000000001,6.200000000000005,7.600000000000001,EMTWEEWEKKIEEYIKKIEEILKKSQNQQIDL
0.6999999999999986,25.099999999999984,90.30000000000003,5.200000000000001,10.1,18.899999999999995,NHTTWMEWDREINNYTSLIHSLIEESQNQQEKNEQELLELDKWASLWNWFNIKIL
1.9999999999999991,6.800000000000009,10.20000000000001,3.2999999999999994,1.5999999999999996,8.400000000000007,PTGERVWDRGNVTLLCDCPN
-1.1000000000000003,5.5000000000000036,14.100000000000009,1.9999999999999991,8.30000000000001,6.300000000000006,FWNWLSAWIKKTYEEIKKTYEEIKKTYEEIERDWEMV
2.7755575615628914e-17,16.800000000000004,70.20000000000005,3.0999999999999988,4.4,14.000000000000012,EWDREINNYTSLIHSLIEESQNQQEKNEQELLELDK
5.0,1.7999999999999994,3.799999999999999,0.4999999999999998,-0.19999999999999976,2.6,GKKYRRFRWKFKFGKWFWFG
2.1999999999999997,-1.6000000000000023,-0.7999999999999999,3.4999999999999996,1.7999999999999994,-0.8,NKPFVFLM
2.2999999999999994,18.299999999999997,65.50000000000006,4.600000000000006,4.100000000000002,16.299999999999997,WMEWDREINNYTSLIGSLIEESQNQQEKNEQELLE
11.000000000000004,9.200000000000006,3.600000000000002,11.100000000000001,-0.4,11.20000000000001,AQLVGELGSLYGPLSVSA
9.700000000000005,10.50000000000001,6.100000000000003,15.599999999999996,1.299999999999999,13.900000000000011,GIFPKIIGKGIVNGIKSLAKGVGMKVFKAGLNNIGNTGCNNRDEC
1.399999999999999,19.599999999999987,67.6,4.9,3.6000000000000005,15.200000000000008,YTSLIHSLIEERQNQQEKNEQELLELDKWASLWNWF
7.9,14.900000000000007,15.299999999999997,6.200000000000001,4.5,13.900000000000007,APKEWMAWAREIAAYAKLIAALIKQGI
2.4,-1.8000000000000012,-2.8000000000000003,1.9,-1.0,-1.4000000000000008,PEVFLM
4.8000000000000025,14.000000000000012,11.200000000000005,7.5000000000000036,2.1999999999999997,10.400000000000006,GLMDTVKNVAKNLAGHMLDKLKCKITGC
-1.0000000000000002,4.2000000000000135,-1.970645868709653e-15,-0.09999999999999998,2.7999999999999994,6.200000000000001,ASTTTNYT
8.800000000000002,2.399999999999999,3.2000000000000015,6.100000000000001,1.7999999999999985,9.000000000000007,NCCAPEDIGFCLEGGCLV
2.4,-1.8000000000000016,-2.0000000000000013,3.7,-1.0,-1.4,EFVFLM
7.400000000000004,21.4,27.39999999999999,3.700000000000004,4.800000000000005,10.20000000000001,TTWEAWDRAIAEYAARIEALIRALQELQEKNEAALREL
2.599999999999999,19.799999999999997,48.199999999999996,3.5000000000000018,7.4,17.400000000000006,WQQWERQVRFLDANITKLLEEAQIQQEKNMYELQELDKWASLWNWF
2.599999999999999,9.000000000000002,5.800000000000003,6.5,0.7999999999999997,9.200000000000006,RCGTGPRLTKDLEAVPFVNR
3.400000000000009,12.200000000000014,27.399999999999977,6.3000000000000025,1.6,17.999999999999986,EELAKKAEELAKKAEELAKKAEELAKKAWASLWNWFLEAIPMSIPPEVKFNKPFVF
0.1999999999999987,20.599999999999994,70.00000000000006,3.7000000000000033,4.800000000000005,13.400000000000007,MTWMEWDREINNYTSLIHSLIEESQNQQEKNEQELLEL
3.7999999999999994,5.400000000000003,8.400000000000007,8.100000000000007,1.6,6.600000000000005,LEAIPMSIPPEVKANKPFVF
5.799999999999999,44.0,20.79999999999999,7.9,5.800000000000001,12.600000000000012,SGIDQEQNNLTRLIEAQIHELQLTQWKIKQLLARIL
3.600000000000003,19.999999999999993,45.4,2.3,5.0,14.000000000000009,WQEWEQKITALLEQAQIQQEKNEYELQKLDKWASL WEWF
4.200000000000001,3.200000000000005,4.8000000000000025,6.300000000000008,1.6,6.600000000000007,LEAIPMCIPPECAFNKPFVF
1.5999999999999992,6.800000000000007,10.60000000000001,1.0999999999999992,1.5999999999999992,9.000000000000007,RSQKEGLHYTCSSHFPYSQYQFWK
10.8,11.20000000000001,5.400000000000002,5.900000000000004,-0.9999999999999998,9.200000000000012,CLLLGTEVSEALGGAGLTGG
1.399999999999999,19.599999999999987,67.6,4.9,3.6000000000000005,17.000000000000007,YTSLIHSLIEEDQNQQEKNEQELLELDKWASLWNWF
6.800000000000008,21.399999999999977,49.6,5.900000000000008,3.800000000000008,17.200000000000003,TTWEAWDRAIAEYAARIEALLRALQEQQEKNEAALRELDKWASLWNWF
0.40000000000000024,16.19999999999997,32.999999999999986,3.5000000000000053,1.799999999999999,8.200000000000012,SWETWEREIENYTRQIYRILEESQEQQDRNERDLLE
7.4,10.000000000000012,0.9999999999999983,7.100000000000001,-0.39999999999999986,8.200000000000006,VPVGSASCTIAALGSSDR
5.800000000000001,10.200000000000003,26.59999999999998,2.6999999999999997,1.399999999999999,10.000000000000005,WMEWDREIEEAAKKLEEAAKKLEEAAKKLEEAAKKL
2.9999999999999996,9.400000000000013,2.5999999999999974,3.3,1.2,6.600000000000005,ETGSVRFPFHRCGTGPRLTK
1.7999999999999998,18.599999999999987,70.20000000000003,3.4999999999999987,4.000000000000005,13.200000000000008,DREINNYTSLIHSLIEESQNQQEKNEQELLELDKWA
1.399999999999999,18.199999999999992,67.6,4.900000000000002,3.6000000000000005,15.200000000000008,YTSLIHSLIEESQNLQEKNEQELLELDKWASLWNWF
5.200000000000005,32.79999999999999,9.400000000000004,12.700000000000003,3.599999999999999,14.60000000000001,QHLLQLTVWGIKQLQARILAVERYLKDQ
1.399999999999999,19.599999999999987,67.6,4.9,3.6000000000000005,15.800000000000008,YTSLIHSLIEEPQNQQEKNEQELLELDKWASLWNWF
3.7000000000000073,15.900000000000007,30.09999999999999,4.999999999999998,5.900000000000006,14.500000000000014,WERKVDFLEENITALLEEAQIQQEKNMYELQKLNS
27.89999999999999,10.100000000000009,1.8999999999999995,9.600000000000005,-0.8999999999999999,13.300000000000008,AVGIGAMFLGFLGAAGSTMGAAS
5.400000000000002,9.000000000000012,8.600000000000001,5.300000000000001,3.199999999999999,7.20000000000001,INVKQIAARLLPPLYSLV
6.1,10.900000000000007,12.50000000000001,7.0,2.6999999999999993,12.900000000000007,APKEWMAWAREIAAYAKLIAALI
7.0000000000000036,52.599999999999994,14.800000000000006,8.700000000000005,6.599999999999999,13.000000000000009,VQQQNNLLRAIEAQQHLLQLTVWGIKQL
2.9999999999999987,16.600000000000005,50.399999999999984,4.700000000000006,4.800000000000004,13.400000000000007,INNYTSLIGSLIEESQNQQEKNEQELLE
7.8000000000000025,57.79999999999999,14.60000000000001,9.500000000000004,6.0,12.00000000000001,SGIVQQQNNLLRAIEAQQHLLQLTVWGIKQCCGR
7.8000000000000025,5.800000000000003,2.1999999999999993,8.700000000000003,2.1999999999999997,9.800000000000004,LFFLLTVPFWAHYA
11.400000000000006,18.39999999999999,10.800000000000004,10.900000000000004,2.1999999999999984,26.999999999999957,VWGIKQLQARILAVERYLKDQQLLGIWG
7.3000000000000025,11.100000000000009,7.300000000000008,13.800000000000002,1.8999999999999995,10.500000000000007,KKKMVLGVFALLSLISGSLKK
7.100000000000003,42.5,9.900000000000004,10.000000000000002,4.900000000000002,15.300000000000004,IEAQQHLLQLTVWGIKQLQARIL
10.9,11.700000000000008,5.900000000000003,6.400000000000004,-0.8999999999999997,9.700000000000012,LLLGTEVSEALGGAGLTGG
-0.7000000000000007,19.299999999999997,76.10000000000004,2.8000000000000007,6.500000000000011,14.700000000000008,NHTTWMEWDREINNYTSLIHSLIEESQNQQEKNEQELLELDKW
2.3999999999999995,5.800000000000006,8.400000000000007,8.100000000000007,1.6,4.800000000000004,LAAIPMSIPPEVKFNKPFVF
0.3999999999999989,18.199999999999996,70.60000000000005,3.500000000000003,4.000000000000003,13.600000000000009,WMEWDREINNYTSLIHSLIEESQNQQEKNEQELLEL
4.200000000000001,5.400000000000002,0.3999999999999999,5.100000000000001,0.8,4.400000000000004,PNGPWVWVPAFCQAVGWGDP
9.200000000000003,11.400000000000007,7.800000000000004,6.5000000000000036,1.7999999999999994,7.60000000000001,NCLLLGTEVSEALGGAGL
1.399999999999999,19.999999999999986,70.6,4.9,3.6000000000000005,15.200000000000008,YTSLIHSLIEESQNQQEKNEQELLELDKWASLWNWF
1.9999999999999982,9.400000000000013,6.200000000000001,6.900000000000002,0.8,10.200000000000005,SWFASTGGRDSKIDVWSLVP
3.7999999999999994,3.200000000000001,7.000000000000005,5.900000000000002,1.5999999999999996,4.800000000000004,LEAIPMSAPPEVKFNKPFVF
1.399999999999999,20.399999999999988,67.6,4.9,3.6000000000000005,15.200000000000008,YTSLIHSLIEESQQQQEKNEQELLELDKWASLWNWF
4.200000000000001,1.3999999999999972,4.8000000000000025,5.500000000000002,1.6,8.40000000000001,LEAIPCSIPPCFAFNKPFVF
4.800000000000001,49.59999999999999,15.200000000000008,9.700000000000003,2.199999999999999,17.400000000000013,RQLLSQIVQQQNNLLRAIEAQQHLLQLT
2.3,15.90000000000001,10.100000000000005,5.400000000000002,4.699999999999999,6.900000000000009,MTWQQWERQVRFLDANITKLL
0.20000000000000026,8.000000000000002,28.99999999999997,3.3,6.600000000000002,13.20000000000001,VEWNEMT WMEWEREI ENYTKLIYKILEESQEQ
1.399999999999999,19.599999999999987,67.6,4.9,3.6000000000000005,15.200000000000008,YTSLIHSLIEENQNQQEKNEQELLELDKWASLWNWF
0.19999999999999815,20.599999999999994,90.60000000000005,5.100000000000003,15.0,19.599999999999987,WMEWDREINNYTSLIHSLIEESQNQQEKNEQELLELDKWASLWNWFNITNWLWYIK
-1.6000000000000005,9.800000000000008,42.19999999999998,1.8999999999999986,4.2000000000000055,12.000000000000009,WMEWDRKIEEYTKKIKKLIEESQEQQEKNEKELK
-1.2,13.400000000000006,57.59999999999998,2.6999999999999993,4.600000000000002,14.60000000000001,EWDREINNYTSLIHSLIEESQNQQEKNEQE
29.899999999999977,24.89999999999995,3.0999999999999988,11.000000000000004,-0.10000000000000028,15.700000000000001,AVGIGALFLGFLGAAGSTMGARSMTLTVQARQL
7.700000000000005,17.10000000000001,10.50000000000001,10.000000000000004,4.300000000000003,16.1,ESVKITCARPYQNTRQRTPIGLGQSLYTTRSRSIIGQAHCNIS
2.5999999999999983,19.999999999999986,64.6,4.9,1.3999999999999995,13.600000000000009,YTSLIHSLIEESQNQQEKNEQELLELDKWASLFNFF
1.4,20.39999999999999,70.20000000000002,4.8999999999999995,4.000000000000007,13.200000000000008,EINNYTSLIHSLIEESQNQQEKNEQELLELDKWASL
9.400000000000002,10.200000000000008,8.000000000000007,5.100000000000001,1.1999999999999988,7.000000000000011,PLNNCLLLGTEVSEALGGAG
-2.500000000000001,4.9,23.899999999999984,1.5999999999999992,4.700000000000002,11.100000000000005,WEEWDKKIEEYTKKIEELIKKSEEQQKKN
7.700000000000005,46.89999999999999,15.700000000000001,9.400000000000002,1.8999999999999981,16.69999999999998,IKKEIEAIKKEQEAIKKKIEAIEKEIEAQQHLLQLTVWGIKQLQARILAVERY
4.900000000000002,17.299999999999994,29.69999999999999,5.4,5.9000000000000075,9.50000000000001,DFLEENITALLEEAQIQQEKNMYELQKLNSWDVFG
0.3999999999999998,22.599999999999987,65.80000000000007,3.500000000000002,5.000000000000004,13.600000000000007,TMWMEWDREINNYTSLIHSLIEESQNQQEKNEQELL
1.2999999999999998,7.700000000000005,16.499999999999996,2.5999999999999996,4.899999999999999,7.300000000000004,ELTWEEWEKKVEELEKKIEELLK
4.6,5.8000000000000025,1.1999999999999997,5.100000000000001,0.8,5.800000000000005,DCPNGPWVWVPAFCQAVGWG
-2.2000000000000006,5.6,22.199999999999978,1.8999999999999995,5.000000000000001,9.600000000000005,WEEWDKKIEEYTKKIEELIKKSQNQQ
5.499999999999999,4.5,3.4999999999999987,0.6000000000000002,0.2999999999999997,7.900000000000006,KGACDYPEWQWLCAA
0.09999999999999953,18.299999999999997,68.50000000000006,3.600000000000003,4.100000000000002,14.100000000000009,WMEWDREINNYTSLIHSLIEESQNQQEKNEQELLE
4.200000000000001,5.000000000000007,10.200000000000006,9.100000000000005,1.6,4.800000000000004,LEAIPMSIPPEVKFNKAFVF
-1.8000000000000014,12.800000000000006,43.79999999999997,7.100000000000001,7.200000000000005,14.40000000000001,NKSLEQIWNNMTWMEWDREINNYTSLIHSLIEESQN
-1.8000000000000007,16.39999999999999,61.399999999999984,3.5000000000000013,7.6000000000000085,13.600000000000007,NNMTWMEWDREINNYTSLIHSLIEESQNQQEKNEQE
1.399999999999999,19.599999999999987,67.6,4.9,1.4,15.200000000000008,YTSLIHSLIEESQNQQEKNEQELLELDKPASLWNWF
11.900000000000006,21.099999999999973,6.900000000000004,12.800000000000002,2.6999999999999993,15.700000000000001,GFSSIFRGVAKFASKGLGKDLARLGVNLVACKISKQC
3.7999999999999994,4.000000000000009,8.400000000000007,6.300000000000008,1.6,6.200000000000005,LEAIPMSIPPEAKFNKPFVF
6.800000000000004,9.800000000000011,1.5999999999999983,8.500000000000004,-0.9999999999999996,4.000000000000003,GLTGGFYEPLVRRCSELMGR
-2.0000000000000004,5.800000000000001,16.800000000000004,3.2999999999999994,6.599999999999999,6.600000000000007,MTWEEWDKKIEEYTKKIEELIKKS
1.399999999999999,19.599999999999987,67.6,4.9,3.6000000000000005,15.200000000000008,YTSLIHSLIEEIQNQQEKNEQELLELDKWASLWNWF
-0.20000000000000082,17.600000000000005,48.999999999999986,2.9,4.800000000000005,9.800000000000008,TTWEEWDREINEYTSRIESLIRESQEQQEKNEQELREL
6.400000000000004,47.8,16.6,8.500000000000002,2.3999999999999986,15.600000000000009,IKKEIEAIKKEQEAIKKKIEAIEKEIEAQQHLLQLTVWGIKQLQARIL
2.4999999999999996,-3.4999999999999956,-3.7000000000000006,4.200000000000001,-0.9,-3.100000000000001,FVFLM
-1.8000000000000007,15.000000000000004,52.59999999999997,5.300000000000002,7.600000000000007,14.40000000000001,EQIWNNMTWMEWDREINNYTSLIHSLIEESQNQQEK
-1.6000000000000005,8.000000000000007,39.19999999999999,1.0999999999999996,4.2000000000000055,12.000000000000009,WEEWDRKIEEYTKKIKKLIEESQEQQEKNEKELK
6.000000000000005,8.400000000000002,5.200000000000012,5.5,5.200000000000003,7.600000000000007,ANGSRIPTGERVWDRGNVTL
7.200000000000003,3.2000000000000015,2.9999999999999973,9.900000000000004,1.6,7.000000000000011,LEAIPCSIPPCVGFGKPFVF
-1.942890293094024e-16,16.400000000000006,58.59999999999999,1.6999999999999997,4.000000000000003,12.800000000000008,WTEWDREINNYTSQIHSLIEELQNQQEKNEQELNEL
5.600000000000002,36.0,18.39999999999999,9.100000000000001,5.200000000000002,13.000000000000007,KIEEIESKIKKIENEIARIKKLLQLTVWGIKQLQARIL
1.399999999999999,19.599999999999987,67.6,4.9,5.4,15.800000000000008,YTSLIHSLIEETQNQQEKNEQELLELDKWASLWNWF
4.900000000000002,50.09999999999999,15.700000000000001,9.800000000000002,4.899999999999999,17.9,RQLLSGIVQQQNNLLRAIEAQQHLLQK
1.399999999999999,18.19999999999998,67.6,4.9,1.3999999999999981,14.80000000000001,YTSLIHSLIEESQNQQEKNEQELLELDKWASPWNWF
0.3999999999999989,16.400000000000006,67.60000000000005,5.300000000000003,4.000000000000003,13.600000000000009,WMEWDREINNYTSLIHSLIEESQNIQEKNEQELLEL
7.100000000000003,39.3,16.699999999999996,9.200000000000003,3.0999999999999996,12.700000000000008,IKKEIEAIKKEQEAIKKKIEAIEKLLQLTVWGIKQLQARIL
2.1999999999999993,1.5999999999999965,11.799999999999999,0.29999999999999893,3.1999999999999993,5.4,WASLWNWF
-1.5,5.899999999999997,14.30000000000001,1.2000000000000002,6.7,5.500000000000002,EMTWEEWEKKIEEYTKKIEEILK
2.0,6.200000000000001,7.800000000000001,6.9,0.8,9.60000000000001,ELSEWGVPCVTCILDRRPAS
-1.3000000000000005,7.5000000000000036,17.700000000000003,3.6000000000000014,0.09999999999999959,11.500000000000007,KKISEEQKKIQEEIKKILEESKKILEEIERDWEMW
13.400000000000004,14.800000000000013,8.400000000000011,7.300000000000004,0.599999999999998,16.400000000000013,ALWKTMLKKLGTMALHAGKAALGAAADTISQGTQ
3.8000000000000016,5.800000000000003,5.20000000000001,5.500000000000003,1.5999999999999996,7.800000000000008,WVWVPAFCQAVGWGDPITHW
0.8000000000000005,18.6,67.60000000000005,5.300000000000003,4.000000000000003,15.8,WMEWDREINNYTSLIHSLIEESQNQQEKNEQILLEL
0.20000000000000007,-1.7999999999999972,-0.2000000000000011,4.1,1.1999999999999997,1.5999999999999996,PFVYLI
4.600000000000004,22.799999999999997,27.399999999999984,5.900000000000002,4.800000000000005,12.40000000000001,TTWEAWDRAIAEYAARIEALIRAAQEQQEKLEAVLREL
6.0000000000000036,21.0,29.599999999999987,3.700000000000004,4.800000000000005,10.20000000000001,TTWEAWDRAIAEYAARIEALIRALQEQQEKNEAALREL
8.400000000000002,90.8,17.999999999999993,11.900000000000006,4.800000000000001,19.59999999999998,TLTVQARQLLSGIVQQQNNLLRAIEAQQHLLQLTVWGIKQLQARIL
3.8000000000000025,10.000000000000012,7.20000000000001,4.299999999999999,-6.661338147750939e-16,11.600000000000003,APERASSVYTRSTGEQEI
3.7000000000000015,6.700000000000006,0.3000000000000005,9.000000000000002,0.6999999999999997,4.900000000000004,LKARTVTFGVVTSVI
4.800000000000001,5.200000000000012,0.1999999999999976,-0.8999999999999998,0.5999999999999998,6.800000000000001,AAAQWDFGNTMC
2.1999999999999997,8.60000000000001,7.200000000000008,3.900000000000002,0.9999999999999992,9.800000000000008,SDRDTVVELSEWGVPCAT
0.5999999999999995,18.799999999999997,55.19999999999998,3.7000000000000033,4.200000000000002,13.40000000000001,WEEMDREINNYTKLIHELIEESQNQQEKNEQELL
1.399999999999999,23.399999999999988,64.6,4.9,3.6000000000000005,17.0,YTSLIHSLIEESQNQQEKNQQELLQLDKWASLWNWF
-2.700000000000001,8.700000000000001,23.69999999999998,2.5999999999999988,5.900000000000001,10.900000000000006,MTWEEWDKKIEEYTKKIEELIKKSEEQQKKN
-1.8000000000000007,14.600000000000005,54.799999999999976,5.3000000000000025,7.200000000000006,12.600000000000007,QIWNNMTWMEWDREINNYTSLIHSLIEESQNQQEKN
7.600000000000001,10.200000000000014,0.7999999999999979,7.300000000000001,-0.5999999999999999,10.200000000000006,VGSASCTIAALGSSDRDTVV
-1.800000000000001,14.600000000000005,45.99999999999997,7.100000000000001,5.0000000000000036,14.400000000000007,KSLEQIWNNMTWMEWDREINNYTSLIHSLIEESQNQ
-1.800000000000001,15.800000000000004,48.199999999999974,7.100000000000003,5.0000000000000036,14.000000000000009,SLEQIWNNMTWMEWDREINNYTSLIHSLIEESQNQQ
4.600000000000001,7.2,3.399999999999998,5.500000000000002,1.5999999999999996,7.4000000000000075,DLEAVPFVNRTTPFTIRGPL
-1.5000000000000004,7.300000000000004,17.1,3.4000000000000012,1.6999999999999993,13.100000000000007,KKISEEQKKIQEEIKKILEESKKILEEIKKDWEEWTM
2.1999999999999993,15.8,48.19999999999999,3.9000000000000017,14.0,16.599999999999994,ESQNQQEKNEQELLELDKWASLWNWFNITNWLWLIK
4.600000000000001,7.600000000000001,1.1999999999999993,7.300000000000002,0.40000000000000013,8.200000000000008,GPWVWVPAFCQAVGWGDPIT
-1.7000000000000006,9.700000000000008,34.69999999999999,2.800000000000001,6.700000000000008,11.900000000000007,WLEWDRKIEEYTKKIEELIKKSQEQQEKNEKELK 
1.3999999999999986,3.399999999999999,8.800000000000008,4.499999999999999,1.5999999999999992,7.400000000000002,QEFFGLNNCSSSNRLD
5.800000000000002,11.000000000000009,23.6,3.0999999999999996,-5.551115123125783e-17,15.800000000000008,EALAKAAEALAKAAEALAKAAEALAKAAWASLWNWF
3.7999999999999994,5.4000000000000075,8.400000000000007,5.900000000000002,1.6,5.600000000000007,LEAIPASIPPEVKFNKPFVF
3.7999999999999994,5.000000000000003,8.400000000000007,9.100000000000005,1.5999999999999996,4.800000000000007,LEAIPMSIPPEVKFNAPFVF
2.7999999999999985,8.400000000000013,5.200000000000008,7.700000000000001,0.7999999999999997,6.600000000000005,LGSSDRDTVVELSEWGVPCV
3.6,19.599999999999987,67.6,5.3000000000000025,3.6000000000000005,15.200000000000008,YTSLIHSLIEEFQNQQEKNEQELLELDKWASLWNWF
1.399999999999999,19.999999999999986,67.6,4.9,3.6000000000000005,15.600000000000005,YTSLIHSLIEESQNQQEKNEQELLELNKWASLWNWF
1.3999999999999986,20.399999999999984,68.0,4.900000000000001,4.000000000000002,14.800000000000006,TSLIHSLIEESQNQQEKNEQELLELDKWASLWNWFN
1.399999999999999,19.599999999999987,67.6,4.9,3.6000000000000005,15.200000000000008,YTSLIHSLIEEEQNQQEKNEQELLELDKWASLWNWF
5.4000000000000075,7.199999999999999,10.200000000000008,3.3000000000000007,3.3999999999999995,14.600000000000007,QAVGWGDPITHWSHGQNQWP
4.6000000000000005,9.000000000000012,3.0000000000000013,7.300000000000001,0.3999999999999998,9.600000000000005,VSVTCVWGSVSWFASTGGRD
4.900000000000002,38.900000000000006,20.29999999999999,8.8,4.500000000000003,14.100000000000005,RMKQIEDKIEEIESKQKKIENEIARIKKLLQLTVWGIKQLQARIL
-2.400000000000001,9.4,21.99999999999998,2.899999999999999,6.2,9.400000000000006,MTWEEWDKKIEEYTKKIEELIKKSQNQQ
-1.8000000000000003,2.0000000000000013,17.0,2.6999999999999997,5.3999999999999995,6.800000000000006,WEEWDKKIEEYTKKIEELIKKS
2.1999999999999984,16.800000000000008,54.79999999999999,6.100000000000003,10.0,16.6,LIEESQNQQEKNEQELLELDKWASLWNWFNITNWLW
4.199999999999999,6.600000000000007,6.200000000000004,3.6999999999999997,4.4,7.600000000000005,RGNVTLLCDCPNGPWVWVPA
9.200000000000003,11.000000000000009,5.600000000000001,6.100000000000003,-0.7999999999999998,9.800000000000011,CLLLGTEVSEALGGAGLT
4.600000000000001,8.000000000000009,1.3999999999999981,1.899999999999999,3.0,6.2000000000000055,CSCRANGSRIPTGERVWDRG
7.200000000000005,60.39999999999998,18.999999999999996,9.900000000000007,4.600000000000005,18.999999999999986,SGIVQQQNNLLRAIEAQQHLLQLTVWGIKQCCGRISGIVQQQNNLLRA
0.40000000000000013,18.999999999999996,24.999999999999982,4.3000000000000025,5.000000000000005,16.999999999999993,MTWQEWEKQVRYLEANISKSLEQAQIQQEKNMYELQ
9.000000000000002,9.800000000000006,8.800000000000008,6.100000000000001,1.1999999999999988,3.6000000000000014,PPINNCMPLGTEVSEALGGA
-6.38378239159465e-16,16.800000000000004,58.999999999999986,3.0999999999999988,4.000000000000003,16.8,WTEWDREINNYTSQIHSLIEESQNQQEKNEQILNEL
4.600000000000003,5.000000000000009,4.800000000000005,9.500000000000005,1.6,4.400000000000006,LEAIPMSIPPEVAFAKPFVF
-2.500000000000001,7.100000000000003,22.89999999999998,4.199999999999999,4.700000000000002,9.700000000000006,WEEWDKKIEEYTKKIEELIKKSQNQQIDI
6.0,22.400000000000006,27.399999999999984,3.700000000000004,4.800000000000005,12.000000000000009,TTWEAWDRAIAEYAARIEALIRAAQEQQEKLEAALREL
-0.6,11.200000000000006,23.999999999999982,4.300000000000001,5.400000000000003,7.600000000000001,EMTWEEWEKKIEEYTKKIEEILKKSQNQQIDL
1.3999999999999995,19.999999999999986,70.2,4.9,5.799999999999999,14.800000000000008,NYTSLIHSLIEESQNQQEKNEQELLELDKWASLWNW
6.3000000000000025,35.9,10.900000000000004,9.8,5.900000000000002,13.700000000000006,KQKKIENEIARIKKLLQLTVWGIKQLQARIL
6.000000000000007,20.999999999999986,42.399999999999984,5.500000000000005,4.800000000000005,13.000000000000007,MTWMAWDRAIANYAALIHALIEAAQNQQEKNEAALLEL
-2.2000000000000006,5.800000000000004,13.600000000000009,3.099999999999999,4.999999999999999,11.000000000000002,MDYQVSSPIYDINYYTSEPCQKINVK
5.400000000000007,7.199999999999999,8.80000000000001,5.100000000000005,1.5999999999999992,13.200000000000006,FCQAVGWGDPITHWSHGQNQ
0.5999999999999995,18.799999999999997,63.40000000000002,3.7000000000000033,4.200000000000002,13.400000000000007,WMEWDREINNYTSLIHSLIEEPQNQQEKNEQELL
-1.7000000000000002,6.099999999999999,13.50000000000001,3.9999999999999996,4.699999999999998,5.700000000000001,MTWEEWDKKIEEYTKKIEELI
2.799999999999999,3.200000000000007,4.8000000000000025,5.900000000000002,1.6,8.80000000000001,LEAIPCSIPPCVFFNKPFVF
5.700000000000003,38.10000000000001,17.899999999999995,8.200000000000001,1.6999999999999988,16.300000000000004,LKKELEALKKEQEALKKKLEALEKLLQLTVWGIKOLQARIL
10.700000000000001,9.700000000000008,8.100000000000001,4.4,0.0999999999999997,11.300000000000008,KGACELLGWEWAWLCAA
-1.8000000000000003,6.4,15.200000000000008,3.4999999999999996,7.199999999999998,5.200000000000001,MTWEEWDKKIEEYTKKIEELIK
2.599999999999999,19.799999999999997,45.199999999999996,3.5000000000000018,5.2,17.800000000000004,WQQWERQVRFLDANITKLLEEAQIQQEKNMYELQELDKNASLWNWF
2.1999999999999997,18.0,45.999999999999986,5.700000000000001,13.6,15.8,SQNQQEKNEQELLELDKWASLWNWFNITNWLWLIKI
1.1999999999999997,9.000000000000004,6.000000000000011,4.7,1.5999999999999988,9.400000000000006,TKIRDSLHLVKCPTPAIEPP
0.40000000000000024,15.400000000000006,33.39999999999998,1.3000000000000003,3.9999999999999996,13.60000000000001,SWETWEREIENYTKQIYKILEESQEQQDRNEKDLLE
3.8,5.000000000000002,2.9999999999999996,5.100000000000002,-0.20000000000000007,8.40000000000001,VRRCSELMGRRNPVCPGYAW
-1.2,1.7999999999999994,-1.400000000000001,-0.2999999999999999,-0.9999999999999998,0.40000000000000047,GRKKRRQRRR
-6.38378239159465e-16,14.600000000000005,58.59999999999999,3.0999999999999988,4.000000000000003,14.600000000000007,WTEWDREINNYTSQIHSLIEESQNIQEKNEQELNEL
-1.4000000000000008,13.200000000000006,46.39999999999997,5.700000000000001,5.400000000000006,13.000000000000005,QIWNNMTWMEWDREINNYTSLIHSLIEESQNQ
1.399999999999999,19.599999999999987,67.6,4.9,3.6000000000000005,15.200000000000008,YTSLIHSLIEELQNQQEKNEQELLELDKWASLWNWF
3.8,5.000000000000003,10.200000000000006,7.700000000000006,1.6,4.800000000000004,LEAIPMSIPPEVKFNKPFAF
9.600000000000003,12.200000000000008,6.000000000000003,6.5000000000000036,-0.7999999999999997,9.800000000000011,LLLGTEVSEALGGAGLTG
3.0999999999999996,8.700000000000014,2.0999999999999988,-1.8000000000000014,1.4999999999999987,3.5000000000000004,TRQARRNRRRWRERQRAAAAC
0.7999999999999995,5.199999999999999,30.20000000000001,0.8999999999999997,3.1999999999999993,15.000000000000005,EEYTKKIEEYTKKIEEYTKKIEEYTKKIWASLWNWF
3.1999999999999993,19.999999999999986,67.6,4.9,3.2,13.600000000000009,YTSLIHSLIEESQNQQEKNEQELLELDKWASLANWF
0.5999999999999998,15.200000000000005,25.19999999999998,2.699999999999998,3.8000000000000043,17.199999999999996,WQEWEKQVRYLEANISKSLEQAQIQQEKNMYELQ
2.3999999999999995,3.6000000000000023,8.400000000000007,8.100000000000007,1.6,4.800000000000004,LEAIPMSIPPEVKFNKPFVF
-1.0,13.600000000000005,53.799999999999976,4.3000000000000025,5.2,11.200000000000008,WMEWDREINNYTSLIHSLIEESQNQQEK
3.8000000000000016,5.400000000000009,9.800000000000011,3.7000000000000006,1.1999999999999993,8.000000000000009,GERVWDRGNVTLLCDCPNGP
3.8000000000000007,3.5999999999999983,6.600000000000002,3.7,4.800000000000002,7.200000000000006,NVTLLCDCPNGPWVWVPAFC
5.3000000000000025,11.900000000000007,15.100000000000016,6.2000000000000055,3.0999999999999996,15.100000000000003,EINCTRPNNNTRKSIHIGPGRAFYTTGEIIGDIRQAHCNIS
4.500000000000004,16.89999999999999,29.699999999999985,5.8000000000000025,5.900000000000008,11.30000000000001,FLEENITALLEEAQIQQEKNMYELQKLNSWDVFGN
5.400000000000001,12.00000000000001,11.00000000000001,6.700000000000004,4.000000000000002,10.400000000000007,CTRPNNNTRKSIRIQRGPGRAFVTIGKIGNMRQAHC
-5.551115123125783e-16,20.4,68.00000000000006,3.500000000000003,5.400000000000006,14.000000000000009,TWMEWDREINNYTSLIHSLIEESQNQQEKNEQELLE
2.2999999999999994,-3.299999999999999,-2.5000000000000013,3.5999999999999996,-0.2999999999999998,-1.1000000000000003,KPFVFLM
0.19999999999999996,6.800000000000004,7.400000000000009,4.1,2.599999999999999,4.800000000000007,HWSHGQNQWPLSCPQYVYGS
5.200000000000004,21.799999999999997,27.39999999999999,4.700000000000004,4.800000000000005,10.200000000000008,TTWEAWDRAIAEYAARIEALIRALQELQEKNEAILREL
-1.8000000000000007,6.000000000000002,30.79999999999999,0.8999999999999997,4.000000000000004,10.000000000000007,WEEWDKKIEEYTKKIEELIKKSEEQQKKNEEELKK 
4.600000000000004,20.6,29.599999999999987,3.700000000000004,4.800000000000005,10.200000000000008,TTWEAWDRAIAEYAARIEALIRAAQEQQEKNEAALREL
6.000000000000002,21.0,26.99999999999999,3.700000000000004,4.800000000000005,9.80000000000001,TTWEAWDRAIAEYAARIEALIRAAQELQEKNEAALREL
10.600000000000001,8.600000000000005,6.400000000000002,6.100000000000003,1.0,8.200000000000008,TEVSEALGGAGLTGGFYE
0.9,19.499999999999993,80.70000000000002,4.399999999999999,5.300000000000001,16.500000000000007,EWDREINNYTSLIHSLIEESQNQQEKNEQELLELDKWASLW
9.600000000000001,9.200000000000008,8.600000000000007,5.300000000000001,1.799999999999999,7.20000000000001,NNCLLLGTEVSEALGGAG
1.399999999999999,18.999999999999986,65.80000000000001,7.500000000000002,5.400000000000001,14.400000000000007,SLIHSLIEESQNQQEKNEQELLELDKWASLWNWFNI
-3.885780586188048e-16,18.599999999999998,70.20000000000005,3.9000000000000052,4.0000000000000036,13.60000000000001,MEWDREINNYTSLIHSLIEESQNQQEKNEQELLELD
4.6,6.6,5.2,5.9,3.0000000000000004,6.600000000000003,TLLCDCPNGPWVWVPAFCQA
1.8999999999999995,20.499999999999993,68.10000000000002,5.0,4.100000000000007,11.500000000000007,INNYTSLIHSLIEESQNQQEKNEQELLELDKWASL
1.399999999999999,19.599999999999987,67.6,4.9,3.6000000000000005,17.000000000000007,YTSLIHSLIEEKQNQQEKNEQELLELDKWASLWNWF
0.40000000000000013,5.200000000000003,3.600000000000001,5.3000000000000025,-1.8,2.7999999999999985,YEPLVRRRSELMGRRNPV
2.1999999999999993,7.400000000000009,8.60000000000001,3.5000000000000004,1.3999999999999995,6.80000000000001,TGEKVWDRGNVTLLCDCP
-4.100000000000001,1.6999999999999993,10.10000000000001,4.718447854656915e-16,4.500000000000009,6.100000000000001,IKKTYEEIKKTYEEIKKTYEEIKKTYEEIKKTYEE
3.8000000000000007,4.000000000000007,9.800000000000011,3.299999999999999,2.999999999999999,7.600000000000007,RVWDRGNVTLLCDCPNGPWV
5.600000000000001,10.800000000000015,0.9999999999999974,3.9000000000000017,-0.39999999999999974,9.000000000000005,GSASCTIAALGSSDRDTV
0.5999999999999998,15.600000000000007,25.19999999999998,2.699999999999998,3.7999999999999994,12.800000000000011,WQEWEQQVRYLEANISQRLEQAQIQQEKNMYELQ
5.800000000000001,49.59999999999997,15.200000000000005,9.500000000000002,2.1999999999999997,15.600000000000009,MTLTVQARQLLSQIVQQQNNLLRAIEAQ
5.000000000000002,5.0,8.800000000000006,5.9,2.9999999999999987,5.400000000000004,KVINPEPIVEPFMSKPFALF
10.400000000000002,10.600000000000005,7.400000000000004,7.700000000000003,0.8,9.800000000000008,TEVSEALGGAGLTGGFYEPL
3.2000000000000006,19.999999999999986,67.6,6.700000000000003,3.6000000000000005,15.200000000000008,YTSLIHSLIEEGQNQQEKNEQELLELDKWASLWNWF
3.7999999999999994,5.000000000000003,6.200000000000008,9.500000000000005,1.6,4.400000000000006,LEAIPMSIPPEVKFAKPFVF
6.800000000000002,2.9999999999999973,4.399999999999997,6.900000000000001,1.6,5.60000000000001,LEAIPCSIPPCFLFGKPFVF
5.400000000000002,8.40000000000001,29.800000000000004,3.0999999999999996,-5.551115123125783e-17,15.800000000000008,EELAKKAEELAKKAEELAKKAEELAKKAWASLWNWF
5.699999999999999,43.5,20.69999999999999,7.4,7.100000000000001,12.500000000000012,SGIDQEQNNLTRLIEAQIHELQLTQWKIKQLLARILK
1.6999999999999997,3.299999999999999,1.8999999999999997,1.1999999999999993,0.09999999999999981,2.3000000000000007,QRPRLSHKGPMPF
2.5999999999999996,15.400000000000006,43.79999999999998,5.300000000000001,13.6,15.8,QNQQEKNEQELLELDKWASLWNWFNITNWLWLIKIF
5.0000000000000036,3.2000000000000086,5.800000000000005,7.700000000000005,1.6,8.80000000000001,LEAIPCSIPPCVLFNKPFVF
4.500000000000009,15.900000000000004,30.099999999999987,5.8,5.9000000000000075,11.30000000000001,VDFLEENITALLEEAQIQQEKNMYELQKLNSWDVF
3.7999999999999994,5.000000000000007,8.400000000000007,8.100000000000007,1.6,6.600000000000005,LEAIPMSIPAEVKFNKPFVF
7.600000000000003,69.8,17.6,11.100000000000003,5.800000000000001,15.000000000000007,SGIVQQQNNLLRAIEAQQHLLQLTVWGIKQLQARIL
0.6999999999999995,6.500000000000002,41.89999999999998,1.1999999999999997,3.500000000000003,15.300000000000004,WMEWDREIEEYTKKIEEYTKKIEEYTKKIWASLWNWF
8.8,2.3999999999999986,-0.4000000000000009,1.6999999999999988,-0.3999999999999999,5.4,CPTPAIEPPTGTFGFFPG
-1.4000000000000001,12.6,24.399999999999984,4.3,5.800000000000002,9.000000000000007,MTWEEWDKKIEEYTKKIEELIKKSQNQQIDL 
9.100000000000001,11.300000000000008,9.900000000000006,6.400000000000003,2.0999999999999983,7.500000000000011,NNCLLLGTEVSEALGGAGL
2.599999999999998,19.39999999999999,56.99999999999999,5.700000000000001,7.800000000000001,16.200000000000003,SLIEESQNQQEKNEQELLELDKWASLWNWFNITNWL
2.4,-1.8000000000000005,-2.0,3.7,-1.0,-0.20000000000000098,PFVFLE
3.7999999999999994,5.000000000000007,8.400000000000007,8.100000000000007,1.6,6.600000000000007,LEAIPMSIAPEVKFNKPFVF
5.600000000000002,37.0,17.799999999999997,9.100000000000001,5.200000000000002,13.000000000000007,KIEEIESKQKKIENEIARIKKLLQLTVWGIKQLQARIL
5.800000000000008,27.199999999999967,15.000000000000009,10.500000000000009,2.8000000000000007,15.800000000000008,LLQLTVWGIKQLQARILAIKKEIEAIKKEQEAIKKKIEAI
4.600000000000003,3.6000000000000014,6.6000000000000085,8.100000000000007,1.6,6.200000000000005,LEAIPMSIPPEVAFNKPFVF
2.5999999999999996,7.400000000000004,6.8000000000000025,5.700000000000002,1.7999999999999998,5.600000000000001,QGHLQEVDAGNFIPPPRW
2.3999999999999995,5.800000000000006,7.000000000000005,6.3000000000000025,1.6,3.4000000000000026,LEAAPMSIPPEVKFNKPFVF
5.6000000000000005,5.80000000000001,6.200000000000008,6.900000000000002,3.3999999999999995,6.200000000000005,RNPVCPGYAWLSSGRPDGFI
1.0999999999999996,2.6999999999999975,5.700000000000005,2.7999999999999985,3.8999999999999995,7.100000000000001,IRKAHCNISRAKWND
2.799999999999999,3.200000000000007,6.6000000000000085,8.100000000000007,1.6,4.800000000000004,LEAIPMSIPPEVFFNKPFVF
4.3000000000000025,10.100000000000003,40.49999999999999,4.0,1.2999999999999985,14.300000000000006,WMEWDREIEEAAKKLEEAAKKLEEAAKKLWASLWNWF
-1.0000000000000004,4.600000000000003,3.9999999999999996,-1.5,0.7999999999999994,4.000000000000003,CSSHFPYSQYQFWK
1.399999999999999,19.599999999999987,67.6,4.900000000000002,3.6000000000000005,16.6,YTSLIHSLIEESQNQQEKLEQELLELDKWASLWNWF
9.000000000000002,12.000000000000007,8.000000000000007,5.1000000000000005,1.1999999999999993,8.80000000000001,VPPLNNCLLLGTEVSEALGG
0.5999999999999995,18.799999999999997,63.40000000000002,3.7000000000000033,4.200000000000002,13.800000000000008,WMEWDREINNYTSLIHSLIEEWQNQQEKNEQELL
3.700000000000003,20.099999999999994,45.9,2.4,5.5,14.100000000000009,WQEWEQKITALLEQAQIQQEKNEYELQKLDKWASLWEWF
1.399999999999999,22.599999999999987,67.6,4.9,3.6000000000000005,17.400000000000002,YTSLIHSLIEESQNQQEKNEQQLLELDKWASLWNWF
2.0999999999999983,10.300000000000011,8.900000000000006,9.600000000000001,-1.5,12.900000000000007,PKDGPSPGGTLMDLSERQEVSSVRSLSST
10.500000000000002,12.100000000000009,8.700000000000006,6.0000000000000036,0.8999999999999992,8.900000000000011,LNNCLLLGTEVSEALGGAGLTGG
4.200000000000001,5.8000000000000105,3.199999999999998,3.6999999999999984,3.3999999999999995,5.400000000000006,CRANGSRIPTGERVWDRGNV
-6.38378239159465e-16,16.400000000000006,61.59999999999999,1.2999999999999998,4.000000000000003,14.600000000000007,WTEWDREINNYTSQIHSLIEESQNQQEKNEQELNEL
2.4,-1.4000000000000008,-4.199999999999997,3.7000000000000015,-1.0,-2.8000000000000016,PFVFLR
2.899999999999999,6.300000000000002,6.300000000000001,6.800000000000001,3.8999999999999995,6.700000000000002,LRCRNEKKRHRAVRLIFTI
2.1999999999999993,18.599999999999987,67.6,6.699999999999999,3.6000000000000005,15.200000000000008,YTSLIHSLIEESQNQQEKNEQELLEFDKWASLWNWF
2.7755575615628914e-17,18.599999999999994,63.60000000000004,3.5000000000000013,7.200000000000008,13.600000000000009,NMTWMEWDREINNYTSLIHSLIEESQNQQEKNEQEL
4.0,6.400000000000011,3.1999999999999993,7.100000000000003,2.7755575615628914e-17,10.200000000000008,FHRCGAGPKLTKDLEAVP
29.899999999999977,22.299999999999947,3.0999999999999988,11.800000000000004,-0.10000000000000028,14.70000000000001,AVGIGALFLGFLGAAGSTMGARSAMTLTVQRQL
-0.7999999999999999,6.000000000000007,8.20000000000001,1.6999999999999993,2.399999999999999,6.000000000000004,RINNIPWSEAMM
9.000000000000002,10.800000000000008,9.400000000000006,5.900000000000003,1.5999999999999988,9.60000000000001,NNCLLLGTEVSEALGGAGLT
2.9999999999999996,5.60000000000001,1.399999999999999,5.3000000000000025,-1.8,2.8000000000000034,LVRRRSELMGRRNPVCPG
2.799999999999999,5.800000000000006,8.000000000000007,5.900000000000002,1.1999999999999997,6.6000000000000085,AEAIPMSIPPEVKFNKPFVF
7.800000000000004,21.8,28.19999999999999,5.100000000000006,4.800000000000005,10.20000000000001,TTWEAWDRAIAEYAARIEALLRALQEQQEKNEAALREL
4.200000000000001,9.800000000000004,7.000000000000011,5.500000000000002,2.5999999999999988,5.800000000000006,GSRIPTGERVWDRGNVTLLC
1.9999999999999996,4.400000000000005,10.200000000000012,3.2999999999999994,4.4,7.200000000000003,WDRGNVTLLCDCPNGPWVWV
3.2000000000000006,19.599999999999987,67.6,4.900000000000006,3.6000000000000005,15.800000000000008,YTSLIHSLIEEAQNQQEKNEQELLELDKWASLWNWF
1.0,12.800000000000002,14.600000000000014,4.1000000000000005,2.3999999999999995,10.800000000000008,RMKQIEDKIEEIESKQKKIENEIARIKKLIGERY
1.399999999999999,19.599999999999987,67.6,5.3000000000000025,3.6000000000000005,15.200000000000008,YTSLIHSLIEEMQNQQEKNEQELLELDKWASLWNWF
1.399999999999999,23.599999999999987,64.6,4.9,3.6000000000000005,17.400000000000002,YTSLIQSLIEESQNQQEKNEQQLLELDKWASLWNWF
10.600000000000001,11.000000000000009,9.200000000000006,5.700000000000004,1.3999999999999986,9.00000000000001,NNCLLLGTEVSEALGGAGLTGG
7.0000000000000036,10.400000000000011,9.400000000000006,5.5000000000000036,1.7999999999999998,7.800000000000008,VFASLPGIIFTRSQKEGL
-4.199999999999999,5.199999999999999,25.799999999999958,0.2999999999999996,3.600000000000003,9.200000000000008,WMEWDREIEEYTKKIEEYTKKIEEYTKKIEEYTKKI
9.200000000000001,12.600000000000005,1.399999999999999,6.100000000000003,-0.40000000000000024,11.600000000000005,QAGLAVRPGKSAAQLVGE
-1.4000000000000004,13.200000000000008,50.39999999999998,7.500000000000005,5.000000000000005,14.00000000000001,LEQIWNNMTWMEWDREINNYTSLIHSLIEESQNQQE
3.099999999999999,16.300000000000004,36.89999999999997,4.799999999999999,5.3,13.90000000000001,APKEWMEWDREINNYTSLIHSLIKQGI
1.9999999999999996,6.800000000000007,8.400000000000011,4.700000000000003,2.599999999999999,4.80000000000001,RIPTGERVWDRGNVTLLCDC
8.800000000000004,14.80000000000001,4.600000000000003,17.099999999999987,4.399999999999999,10.800000000000008,GLFPKFNKKKVKTGIFDIIKTVGKEAGMDVLRTGIDVIGCKIKGEC
4.900000000000002,38.5,20.89999999999999,8.8,4.500000000000003,13.70000000000001,RMKQIEDKIEEIESKIKKIENEIARIKKLLQLTVWGIKQLQARIL
4.200000000000001,5.800000000000008,8.400000000000007,8.100000000000007,1.6,4.800000000000004,LEAIAMSIPPEVKFNKPFVF
1.3999999999999995,13.800000000000004,28.799999999999986,3.7000000000000033,4.800000000000005,13.80000000000001,MTWCDWRDEIERYTKKIEELIRAAQEWQEKNEAALKEL
8.500000000000004,11.50000000000001,6.100000000000002,7.600000000000003,1.1000000000000003,10.500000000000009,GLLASLGKVFGGYLAEKLKPK
1.399999999999999,22.999999999999986,67.6,4.9,3.6000000000000005,15.200000000000008,YTSLIHSLIEESQNQQEKNEQELLQLDKWASLWNWF
4.400000000000002,4.6,3.6000000000000014,3.1000000000000014,-4.996003610813204e-16,9.400000000000006,RFPFHRCGAGPKLTKDLE
-1.8000000000000007,16.799999999999997,59.19999999999998,3.5000000000000013,7.200000000000006,14.000000000000005,WNNMTWMEWDREINNYTSLIHSLIEESQNQQEKNEQ
-2.2,2.5999999999999983,7.400000000000006,-0.9000000000000002,5.0,4.600000000000011,TYICEVEDQKEE
2.199999999999999,21.599999999999987,22.399999999999977,5.300000000000006,5.800000000000004,12.60000000000001,MTWQQWERQVRFLDANITKLLEEAQIQQEKNMYELQ
6.800000000000002,4.600000000000003,6.200000000000008,9.100000000000005,1.6,3.4000000000000075,LEAIPMSIPPEFLFGKPFVF
2.399999999999999,17.8,22.99999999999998,3.7000000000000006,6.0000000000000036,12.80000000000001,WQQWERQVRFLDANITKLLEEAQIQQEKNMYELQ
-1.9000000000000004,5.9,15.10000000000001,3.3999999999999995,6.7,5.100000000000001,MTWEEWDKKIEEYTKKIEELIKK
6.800000000000004,12.400000000000013,4.799999999999999,6.900000000000002,0.7999999999999996,9.600000000000009,GAPASVLGSRPFDYGLKWQS
6.700000000000005,41.1,17.699999999999996,9.600000000000001,2.299999999999999,12.300000000000006,CDGGIKKEIEAIKKEQEAIKKKIEAIEKLLQLTVWGIKQLQARIL
7.000000000000001,4.600000000000007,0.7999999999999992,5.100000000000002,2.7755575615628914e-17,9.000000000000004,LVKCPTPAIEPPTGTFGF
-1.0999999999999999,7.100000000000003,25.499999999999982,4.199999999999999,4.700000000000002,9.700000000000006,WEEWDKKIEEYTKKIEELIKKSQNQQLDI
5.200000000000004,23.199999999999996,25.19999999999999,4.700000000000004,4.800000000000005,10.60000000000001,TTWEAWDRAIAEYAARIEALIRALQELQEKLEAILREL
0.5000000000000003,11.5,13.900000000000004,3.5999999999999996,6.5,11.300000000000008,MTWQEWEKQVRYLEANISKSL
8.200000000000001,2.599999999999997,-0.6000000000000014,3.299999999999999,-0.5999999999999999,7.000000000000007,KCPTPAIEPPTGTFGFFPGV
5.600000000000001,8.60000000000001,2.2000000000000006,6.100000000000003,-0.1999999999999999,2.9999999999999982,TTPFTIRGPLGNQGRGNPVR
5.199999999999998,9.600000000000005,4.600000000000002,0.9,-3.885780586188048e-16,6.800000000000004,KKGACEARHREWAWLCAA
1.1999999999999997,16.600000000000005,53.399999999999984,2.900000000000001,4.800000000000004,11.200000000000006,INNYTSLIHSLIEESQNQQEKNEQELLE
1.399999999999999,19.999999999999986,67.6,6.299999999999997,3.6000000000000005,15.200000000000008,YTSLIHSLIEESQNQQEKNEQELLELDKWASLWNSF
1.3999999999999995,19.99999999999999,70.2,4.9,5.799999999999999,15.200000000000008,NNYTSLIHSLIEESQNQQEKNEQELLELDKWASLWN
-1.7000000000000006,6.100000000000001,30.89999999999999,0.9999999999999997,4.100000000000004,10.100000000000007,WEEWDKKIEEYTKKIEELIKKSEEQQKKNEEELKK
-1.5,6.299999999999999,14.30000000000001,2.5999999999999996,6.7,7.700000000000005,ELTWEEWEKKIEEYTKKIEEILK
3.3999999999999972,22.599999999999987,65.80000000000007,3.500000000000002,3.9999999999999996,15.8,AAWMEWDREINNYTSLIHSLIEESQNQQEKNEQELL
0.3999999999999989,18.6,64.60000000000005,4.5000000000000036,4.000000000000003,11.80000000000001,WMEWDREINNYTSLIHSLIEELQNIQEKNEQELLEL
3.7000000000000064,15.900000000000006,30.099999999999987,3.6000000000000014,5.900000000000006,14.900000000000013,EWERKVDFLEENITALLEEAQIQQEKNMYELQKLN
1.7999999999999998,1.599999999999997,2.3999999999999995,1.2999999999999994,0.20000000000000015,1.9999999999999982,RPRLSHKGPMPF
2.9999999999999973,17.599999999999998,33.79999999999998,5.300000000000002,6.200000000000005,17.2,WQTWERQVDNITQTISKALEEAQIQNEKNMYELQKLNQWDIFSNWF
0.5999999999999995,18.799999999999997,63.40000000000002,3.7000000000000033,4.200000000000002,13.400000000000007,WMEWDREINNYTSLIHSLIEETQNQQEKNEQELL
9.900000000000002,7.10000000000001,2.2999999999999976,6.4,3.5,8.300000000000008,GIGDPVTCLKSGAIA
0.1999999999999996,18.799999999999983,91.4,5.5,4.200000000000003,17.200000000000003,WMEWDREINNYTSLIHSLIEESQNQQEKNEQELLELDKWASLWNWFRS
1.7999999999999994,19.999999999999993,70.20000000000002,4.9,6.199999999999999,13.000000000000009,INNYTSLIHSLIEESQNQQEKNEQELLELDKWASLW
10.200000000000005,9.400000000000007,12.200000000000012,10.700000000000005,0.6000000000000002,10.800000000000011,LEAIPCSIPPEFLFGKPFVFLEAIPCSIPPEFLFGKPFVF
8.400000000000002,0.9999999999999988,-1.8000000000000012,3.099999999999999,-0.40000000000000024,4.200000000000005,PAIEPPTGTFGFFPGVPP
9.700000000000005,81.10000000000005,21.099999999999987,13.600000000000001,5.3000000000000025,20.099999999999977,QARQLLSGIVQQQNNLLRAIEAQQHLLQLTVWGIKQLQARILAVERYLKQQ
0.5999999999999995,18.799999999999997,66.40000000000006,3.7000000000000033,4.200000000000002,13.800000000000008,WMEWDREINNYTSLIHSLIEESQNQQEKNEQELL
1.5999999999999996,5.400000000000009,1.199999999999998,3.3000000000000016,-0.9999999999999999,8.000000000000007,CGTCVRDCWPETGSVRFPFH
1.399999999999999,19.599999999999987,67.6,4.9,3.6000000000000005,15.200000000000008,YTSLIHSLIEEYQNQQEKNEQELLELDKWASLWNWF
11.000000000000002,10.400000000000004,6.0000000000000036,6.5000000000000036,-0.8000000000000002,8.000000000000007,LLGTEVSEALGGAGLTGG
6.8000000000000025,8.400000000000011,0.7999999999999997,4.700000000000002,1.1999999999999997,5.400000000000004,TGTFGFFPGVPPINNCMPLG
4.8000000000000025,12.80000000000001,15.600000000000016,7.5000000000000036,3.4000000000000012,13.400000000000011,EINCTRPNNNTRKSIRIQRGPGRAFVTIGKIGNMRQAHCNIS
0.19999999999999926,15.600000000000012,32.399999999999984,4.100000000000005,2.600000000000002,8.00000000000001,MTWETWEREIENYTRQIYRILEESQEQQDRNERDLLE 
9.100000000000003,11.70000000000001,5.500000000000002,6.0000000000000036,-0.8999999999999998,9.300000000000011,CLLLGTEVSEALGGAGLTG
4.300000000000004,5.500000000000009,8.700000000000006,4.600000000000003,2.1,9.900000000000006,TDVILMCFSIDSPDSLENI
2.399999999999999,5.800000000000006,4.8000000000000025,3.3000000000000016,1.1999999999999993,4.4000000000000075,TCILDRRPASCGTCVRDCWP
6.8000000000000025,14.20000000000001,12.80000000000001,10.100000000000009,5.0,15.400000000000011,IVHVTAKDKGTGKENTIRIQEGSGLSKEDIDRMIKDAEAH
-2.9000000000000004,-3.499999999999998,-0.8999999999999994,-3.4000000000000004,-0.9,-0.5000000000000002,CYHCQ
1.399999999999999,16.799999999999997,63.599999999999994,7.5000000000000036,5.000000000000002,17.000000000000007,LIHSLIEESQNQQEKNEQELLELDKWASLWNWFNIT
-3.2000000000000006,-3.0000000000000013,-1.2000000000000002,-3.7000000000000006,-0.3999999999999998,0.9999999999999994,KKCCYHCQ
4.200000000000002,19.200000000000006,32.79999999999999,3.700000000000004,4.800000000000005,10.200000000000006,TTWEAWDRAIAEYAARIEALIRASQEQQEKNEAELREL
7.3999999999999995,10.400000000000007,8.200000000000006,5.300000000000001,1.399999999999999,7.20000000000001,PLNNCLLLGTEVSEALGG
3.7999999999999994,3.200000000000007,6.600000000000004,8.100000000000007,1.6,6.600000000000007,LEAIPMSIPPAVKFNKPFVF
7.400000000000002,22.400000000000006,24.799999999999986,3.700000000000004,4.800000000000005,11.600000000000009,TTWEAWDRAIAEYAARIEALIRAAQELQEKLEAALREL
-2.6000000000000005,8.000000000000007,9.600000000000007,0.49999999999999845,5.6,9.800000000000002,SLEQIWNNMTWMQWDK
10.4,11.600000000000007,8.600000000000007,5.500000000000004,0.7999999999999993,8.800000000000011,PLNNCLLLGTEVSEALGGAGLTGG
5.400000000000006,7.600000000000003,4.400000000000009,4.700000000000005,1.1999999999999997,11.000000000000007,PAFCQAVGWGDPITHWSHGQ
4.0,19.999999999999986,62.4,4.9,1.3999999999999995,13.600000000000009,YTSLIHSLIEESQNQQEKNEQELLELDKWASLANAA
4.8000000000000025,49.59999999999998,14.800000000000006,9.700000000000001,2.1999999999999993,17.0,QARQLLSQIVQQQNNLLRAIEAQQHLLQ
0.5999999999999995,14.800000000000002,52.19999999999998,1.9,6.000000000000005,10.200000000000006,WMEWEREIDNYTSEIYTLIEESQNQQEKNEQELL
0.5999999999999995,17.399999999999988,57.59999999999999,3.699999999999999,5.400000000000005,10.600000000000009,NNYTSLIHSLIEESQNQQEKNEQELLELDK
5.000000000000001,3.2000000000000015,2.9999999999999973,7.700000000000005,1.6,7.000000000000011,LEAIPCSIPPCVFFGKPFVF
1.399999999999999,22.19999999999999,67.6,6.700000000000006,3.6000000000000005,15.800000000000008,YTSLIHSLIEEVQNQQEKNEQELLELDKWASLWNWF
6.800000000000002,4.600000000000003,6.200000000000008,6.900000000000001,1.6,5.60000000000001,LEAIPCSIPPEFLFGKPFVF
3.1999999999999993,11.200000000000006,5.600000000000005,7.700000000000005,-0.5999999999999996,4.000000000000009,LSSGRPDGFIHVQGHLQEVD
1.2999999999999998,10.100000000000005,16.499999999999996,2.1999999999999997,4.899999999999999,5.900000000000002,EMTWQEWEQKVEELEKKIEELLK
6.600000000000002,5.200000000000012,1.3999999999999995,10.100000000000003,-0.39999999999999974,10.800000000000008,FCLEGGCLVALGCTICTD
1.399999999999999,19.999999999999986,67.6,4.9,3.6000000000000005,15.200000000000008,YTSLIHSLIEEQQNQQEKNEQELLELDKWASLWNWF
6.600000000000001,7.400000000000002,10.800000000000004,8.900000000000004,-0.8000000000000002,5.200000000000006,DGFIHVQGHLQEVDAGNF
5.400000000000001,11.400000000000007,6.800000000000004,7.100000000000003,-0.7999999999999998,5.200000000000008,GRPDGFIHVQGHLQEVDA
-1.4000000000000006,1.5999999999999979,11.800000000000013,1.2999999999999998,2.4,0.9999999999999986,WMEWDREI
3.799999999999999,7.200000000000003,4.800000000000002,7.7,1.1999999999999997,11.600000000000005,PFDYGLKWQSCSCRANGSRI
3.900000000000002,8.300000000000006,42.3,4.4,1.2999999999999985,15.300000000000004,WMEWDREIEELAKKAEELAKKAEELAKKAWASLWNWF
10.900000000000013,38.899999999999956,15.30000000000001,13.600000000000009,5.300000000000007,21.499999999999968,IEAQQHLLQLTVWGIKQLQARILAVERYGYIPEAPRDGQAYVRKDGEWVLLSTFL
9.200000000000001,9.600000000000009,7.200000000000003,9.3,2.7755575615628914e-17,9.40000000000001,WVNQLAVLGLPAVDAAVA
3.0999999999999996,2.899999999999998,1.4999999999999996,2.1999999999999993,-0.30000000000000016,3.300000000000008,KFRRQRPRLSHKGPMPF
6.600000000000001,8.60000000000001,5.8000000000000025,6.900000000000003,3.600000000000001,5.000000000000009,LQEVDAGNFIPPPRWLLL
-1.942890293094024e-16,16.400000000000006,58.59999999999999,1.7000000000000002,4.000000000000003,17.199999999999996,WTEWDREINNYTSQIHSLIEESQNQQEKLEQELNEL
3.700000000000008,15.900000000000007,27.89999999999999,4.6,5.900000000000007,13.100000000000007,RKVDFLEENITALLEEAQIQQEKNMYELQKLNSWD
2.999999999999999,10.8,6.800000000000008,5.300000000000001,2.3999999999999995,9.400000000000007,DTVVELSEWGVPCATCIL
3.7000000000000064,14.300000000000006,28.299999999999983,3.6000000000000005,6.300000000000004,14.500000000000012,WQEWERKVDFLEENITALLEEAQIQQEKNMYELQK
-1.4,14.600000000000007,56.99999999999998,5.700000000000004,7.200000000000006,11.800000000000008,IWNNMTWMEWDREINNYTSLIHSLIEESQNQQEKNE
-2.200000000000001,8.00000000000001,1.1999999999999993,-1.7000000000000002,1.9999999999999991,4.000000000000001,TRQARRNRRRWRERQR
1.3999999999999986,16.79999999999999,59.199999999999996,5.700000000000001,5.600000000000001,16.200000000000006,HSLIEESQNQQEKNEQELLELDKWASLWNWFNITNW
0.5999999999999995,18.799999999999997,63.40000000000002,3.7000000000000033,4.200000000000002,12.000000000000009,WMEWDREINNYTSLIHSLIEELQNQQEKNEQELL
4.6,11.600000000000007,5.60000000000001,5.100000000000001,3.4,8.800000000000008,QPSVQIQVYQGEREIAAHNK
3.7000000000000073,15.900000000000007,30.099999999999987,4.599999999999998,6.3000000000000025,15.700000000000015,ERKVDFLEENITALLEEAQIQQEKNMYELQKLNSW
0.40000000000000013,8.600000000000001,29.199999999999967,3.500000000000001,7.200000000000003,13.40000000000001,VEWNEMTWMEWEREIENYTKLIYKILEESQEQ
0.1999999999999987,20.199999999999996,70.00000000000006,3.300000000000002,4.800000000000005,13.400000000000007,TTWMEWDREINNYTSLIHSLIEESQNQQEKNEQELLEL
9.200000000000005,53.79999999999999,19.59999999999999,12.700000000000003,7.0000000000000036,18.599999999999977,NNLLRAIEAQQHLLQLTVWGIKQLQARILAVERYLKDQ
3.7000000000000064,16.5,26.09999999999998,3.6000000000000005,5.900000000000004,14.50000000000001,TWQEWERKVDFLEENITALLEEAQIQQEKNMYELQ
2.1999999999999993,13.200000000000008,41.59999999999998,7.500000000000002,13.600000000000001,15.799999999999995,NQQEKNEQELLELDKWASLWNWFNITNWLWLIKIFI
2.3999999999999995,5.000000000000003,9.800000000000006,9.500000000000005,1.6,4.800000000000004,LEAIPMSIPPEVKFNKPAVF
5.700000000000006,42.3,15.300000000000006,7.4000000000000075,4.299999999999999,13.900000000000013,SGIVQQLNNQLRAEEANQHLEQLSVWGSKQNQARRLK
10.600000000000001,10.400000000000004,6.4,8.300000000000002,-0.8,6.80000000000001,LGTEVSEALGGAGLTGGF
1.0,10.20000000000001,0.7999999999999998,6.1000000000000005,-0.1999999999999998,6.600000000000005,LSCPQYVYGSVSVTCVWGSV
3.099999999999999,10.900000000000007,12.300000000000006,3.0000000000000018,1.299999999999999,8.700000000000012,YGGIKKEIEAIKKEQEAIKKKIEAIEKEIEA
2.3999999999999986,2.7999999999999985,9.20000000000001,1.4999999999999996,-0.9999999999999999,6.200000000000004,QKEGLHYTCSSHFPYSQYQF
1.4,18.19999999999999,70.20000000000002,5.299999999999999,4.000000000000005,13.600000000000009,REINNYTSLIHSLIEESQNQQEKNEQELLELDKWAS
4.100000000000004,16.900000000000006,28.299999999999986,3.6000000000000014,5.900000000000006,14.500000000000014,QEWERKVDFLEENITALLEEAQIQQEKNMYELQKL
6.8000000000000025,5.0,2.5999999999999996,5.500000000000001,2.1999999999999997,4.400000000000007,GNQGRGNPVRSPLGFGSYTM
1.399999999999999,19.999999999999986,67.6,4.9,3.6000000000000005,15.200000000000008,YTSLIHSLIQESQNQQEKNEQELLELDKWASLWNWF
3.7999999999999994,5.400000000000003,8.000000000000007,7.700000000000006,1.6,4.800000000000007,LEAIPMSIPPEVKFNKPFVA
26.899999999999977,24.89999999999995,4.900000000000004,9.600000000000005,-0.10000000000000028,15.300000000000006,AEGIGALFLGFLGAAGSTMGARSMTLTVQARQL
10.600000000000001,6.400000000000004,4.6,6.100000000000003,-0.8,8.20000000000001,EVSEALGGAGLTGGFYEP
1.399999999999999,25.599999999999987,53.8,4.9,3.6000000000000005,17.400000000000002,YTSLIHSLIQQSQNQQQKNQQQLLQLDKWASLWNWF
0.3999999999999996,18.999999999999986,92.0,3.9000000000000004,4.400000000000002,17.400000000000006,WMEWDREINNYTSLIHSLIEESQNQQEKNEQELLELDKWASLWNWF
4.4,15.400000000000007,52.59999999999999,3.900000000000001,9.600000000000001,16.200000000000003,IEESQNQQEKNEQELLELDKWASLWNWFNITNWLWL
-0.7000000000000001,9.299999999999999,25.099999999999984,3.7999999999999994,4.700000000000002,9.300000000000006,WEEWDKKIEEYTKKIEELIKKSQNQQIDL
0.9999999999999997,21.4,63.40000000000002,4.700000000000003,4.200000000000002,13.400000000000007,WMEWDREINNYTSLIHSLIEEAQNQQEKNEQELL
-1.9000000000000004,1.9000000000000012,16.5,2.1999999999999997,5.3,6.300000000000006,WEEWDKKIEEYTKKIEELIKKS 
5.800000000000003,10.600000000000005,28.000000000000007,2.6999999999999993,-5.551115123125783e-17,14.800000000000006,EEAAKKLEEAAKKLEEAAKKLEEAAKKLWASLWNWF
6.800000000000004,16.00000000000001,11.800000000000013,7.100000000000005,3.4000000000000017,10.600000000000012,ESVVINCTRPNNNTRRRLSIGPGRAFYARRNIIGDIRQAHCNIS
0.40000000000000013,19.4,24.999999999999982,4.3000000000000025,5.000000000000005,12.60000000000001,MTWQEWEQQVRYLEANISQRLEQAQIQQEKNMYELQ
0.3999999999999998,21.199999999999996,65.80000000000007,3.9000000000000035,5.000000000000004,13.600000000000007,MTWMEWDREINNYTSLIHSLIEESQNQQEKNEQELL
3.700000000000008,15.900000000000007,27.499999999999986,4.6,5.9000000000000075,11.30000000000001,KVDFLEENITALLEEAQIQQEKNMYELQKLNSWDV
4.199999999999999,1.7999999999999998,1.5999999999999988,0.4999999999999998,-0.19999999999999987,3.0000000000000004,GCKKYRRFRWKFKGKFWFWG
1.7999999999999985,16.79999999999999,61.4,5.700000000000001,5.000000000000002,16.200000000000006,IHSLIEESQNQQEKNEQELLELDKWASLWNWFNITN
-4.2,1.5999999999999979,12.800000000000006,0.3000000000000004,4.400000000000009,5.600000000000001,IKKTYEEIKKTYEEIKKTYEEIKKTYEEIERDWEMV
0.39999999999999936,18.199999999999996,67.60000000000005,5.300000000000003,4.000000000000003,13.600000000000009,WMEWDREINNYTSLIHSLIEESQNQQEKIEQELLEL
3.8000000000000016,5.400000000000004,6.6000000000000085,4.700000000000002,1.1999999999999997,11.400000000000007,WVPAFCQAVGWGDPITHWSH
5.300000000000002,10.500000000000007,37.900000000000006,4.4,1.2999999999999985,14.900000000000007,WMEWDREIEALAKAAEALAKAAEALAKAAWASLWNWF
5.799999999999999,8.000000000000007,28.799999999999983,2.6999999999999993,1.399999999999999,7.80000000000001,WMEWDREIEELAKKAEELAKKAEELAKKAEELAKKA
-3.0531133177191805e-16,16.799999999999997,70.20000000000003,3.0999999999999983,4.000000000000005,13.600000000000007,WDREINNYTSLIHSLIEESQNQQEKNEQELLELDKW
-1.3000000000000005,7.5000000000000036,17.700000000000003,3.6000000000000014,1.8999999999999995,11.500000000000007,KKISEEQKKIQEEIKKILEESKKILEEIKKDWEEW
4.200000000000003,21.4,29.599999999999987,4.700000000000004,4.800000000000005,10.600000000000009,TTWEAWDRAIAEYAARIEALIRALQEQQEKNEAILREL
1.8999999999999995,1.699999999999997,2.0999999999999996,1.3999999999999995,0.30000000000000027,2.0999999999999983,PRLSHKGPMPF
12.800000000000002,5.6,6.4,9.3,-0.7999999999999998,12.600000000000007,APEDIGFCLEGGCLVALG
4.800000000000001,7.800000000000004,9.000000000000004,9.300000000000002,1.0,4.800000000000003,IHVQGHLQEVDAGNFIPP
0.7000000000000001,7.5000000000000036,27.699999999999985,1.9999999999999996,4.700000000000002,9.300000000000006,WEEWDKKIEEYTKKIEELIKKSQNQQLDL
1.399999999999999,19.999999999999986,67.6,4.9,3.6000000000000005,15.200000000000008,YTSLIHSLIEQSQNQQEKNEQELLELDKWASLWNWF
5.4,4.000000000000002,1.5999999999999996,7.300000000000001,0.7999999999999993,5.800000000000005,LCDCPNGPWVWVPAFCQAVG
4.600000000000004,21.0,29.599999999999987,4.1,4.800000000000005,10.200000000000006,TTWEAWDRAIAEYAARIEALIRAAQEQQEKNEAILREL
