min_value,max_value,avg_value,std_value,q1_value,q3_value
21.0,38.0,33.65882352941176,4.815545760228859,34.0,36.0
2586.11,4843.48,4176.626117647057,573.7243215734603,4247.58,4484.04
-6.894,3.125,-2.997505882352941,2.3543824749179323,-4.896,-0.998
-0.0015601768,0.0010391346000000001,-0.0006907426831839607,0.0005662232391212778,-0.0011488616000000001,-0.00034747150000000003
3.4741210938,10.1069335938,4.454124540454119,1.2690487428551647,3.8728027344,4.3916015625
22.633333333299998,90.63235294120001,61.4110115877953,11.583964138468259,55.4694444444,67.71666666670001
0.029411764700000002,0.25,0.09773385271411762,0.03145481476209162,0.0833333333,0.11111111109999999
16.25,123.68421052629999,79.72401931900825,17.4608947537404,67.82608695649999,90.37037037040001
0.14285714289999998,0.6086956522,0.26983893066117637,0.09820678039254761,0.2173913043,0.2777777778
-0.0664701137,0.0384619666,-0.009612405462783302,0.015157032518051753,-0.0190824146,-0.0011565231
-0.023186500000000002,0.025371873700000002,-0.007048630356397047,0.011556435892493342,-0.0146795307,-0.0023410033
0.19,200000.0,5956.804234384868,28736.806333516513,1.6,42.0
