residue,P_1,P_2,P_3,P_4,P_5,P_6,P_7,P_8,P_9,P_10,P_11,P_12,P_13,P_14,P_15,P_16,P_17,P_18,P_19,P_20,P_21,P_22,P_23,P_24,P_25,P_26,P_27,P_28,P_29,P_30,P_31,P_32,P_33,P_34,P_35,P_36,P_37,P_38,P_39,P_40,P_41,P_42,P_43,P_44,P_45,P_46,P_47,P_48,P_49,P_50,P_51
A,0.0,0.0,0.0,0.0,0.0,0.0,0.0,0.0,3.53,0.0,1.18,1.18,0.0,0.0,16.47,0.0,2.35,1.18,14.12,0.0,16.47,2.35,0.0,16.47,21.18,0.0,0.0,2.35,16.47,0.0,0.0,0.0,15.29,16.47,0.0,0.0,0.0,0.0,1.18,0.0,0.0,0.0,15.29,8.24,0.0,0.0,0.0,0.0,0.0,0.0,0.0
R,0.0,0.0,0.0,0.0,0.0,0.0,0.0,0.0,0.0,0.0,0.0,0.0,0.0,0.0,1.18,1.18,1.18,70.59,0.0,0.0,7.06,1.18,0.0,0.0,2.35,14.12,0.0,0.0,2.35,2.35,0.0,15.29,0.0,0.0,0.0,0.0,0.0,0.0,0.0,3.53,0.0,0.0,4.71,0.0,0.0,14.12,0.0,1.18,0.0,0.0,0.0
N,1.18,0.0,0.0,0.0,0.0,0.0,0.0,0.0,11.76,11.76,0.0,0.0,0.0,1.18,0.0,0.0,0.0,0.0,0.0,0.0,47.06,50.59,0.0,0.0,0.0,7.06,0.0,0.0,0.0,0.0,0.0,0.0,0.0,0.0,0.0,51.76,0.0,0.0,0.0,0.0,63.53,0.0,0.0,0.0,0.0,5.88,0.0,0.0,0.0,0.0,0.0
D,0.0,0.0,0.0,0.0,0.0,0.0,0.0,0.0,0.0,0.0,0.0,0.0,0.0,0.0,1.18,0.0,71.76,1.18,0.0,0.0,0.0,1.18,0.0,2.35,0.0,0.0,0.0,0.0,0.0,0.0,0.0,0.0,0.0,0.0,0.0,0.0,0.0,0.0,2.35,2.35,0.0,0.0,0.0,4.71,0.0,0.0,0.0,0.0,3.53,0.0,0.0
C,0.0,0.0,0.0,0.0,0.0,0.0,0.0,0.0,0.0,0.0,0.0,0.0,0.0,1.18,0.0,0.0,0.0,0.0,0.0,0.0,0.0,0.0,0.0,0.0,1.18,0.0,0.0,0.0,0.0,0.0,0.0,0.0,0.0,0.0,0.0,0.0,0.0,0.0,0.0,0.0,0.0,0.0,0.0,0.0,0.0,0.0,0.0,0.0,0.0,0.0,0.0
Q,0.0,0.0,0.0,0.0,0.0,7.06,0.0,0.0,0.0,0.0,0.0,0.0,0.0,8.24,2.35,0.0,1.18,3.53,8.24,0.0,0.0,0.0,0.0,0.0,0.0,8.24,0.0,0.0,2.35,0.0,1.18,0.0,8.24,0.0,81.18,0.0,69.41,77.65,0.0,0.0,0.0,0.0,37.65,0.0,0.0,7.06,0.0,0.0,0.0,0.0,0.0
E,0.0,0.0,0.0,0.0,5.88,0.0,1.18,0.0,0.0,7.06,0.0,3.53,0.0,32.94,68.24,0.0,16.47,2.35,55.29,0.0,24.71,32.94,0.0,8.24,4.71,4.71,0.0,32.94,18.82,0.0,0.0,62.35,57.65,0.0,2.35,23.53,1.18,0.0,71.76,3.53,0.0,63.53,1.18,47.06,0.0,3.53,42.35,0.0,0.0,0.0,0.0
G,0.0,0.0,0.0,0.0,0.0,0.0,0.0,0.0,0.0,0.0,0.0,0.0,0.0,0.0,0.0,0.0,0.0,0.0,0.0,1.18,0.0,0.0,0.0,0.0,0.0,0.0,0.0,2.35,0.0,0.0,0.0,0.0,0.0,2.35,0.0,0.0,0.0,0.0,0.0,0.0,0.0,0.0,0.0,0.0,0.0,1.18,0.0,0.0,0.0,0.0,0.0
H,0.0,0.0,0.0,0.0,0.0,0.0,0.0,0.0,0.0,0.0,0.0,0.0,0.0,0.0,0.0,0.0,0.0,0.0,0.0,0.0,0.0,1.18,0.0,0.0,0.0,0.0,0.0,45.88,0.0,0.0,0.0,0.0,0.0,0.0,0.0,0.0,0.0,0.0,0.0,0.0,0.0,0.0,0.0,0.0,0.0,0.0,0.0,0.0,0.0,0.0,0.0
I,0.0,0.0,0.0,0.0,0.0,0.0,8.24,0.0,0.0,0.0,0.0,0.0,2.35,0.0,0.0,0.0,0.0,0.0,0.0,88.24,0.0,0.0,0.0,1.18,0.0,0.0,98.82,0.0,0.0,5.88,77.65,0.0,0.0,4.71,2.35,7.06,3.53,1.18,1.18,0.0,8.24,0.0,0.0,7.06,1.18,0.0,0.0,0.0,0.0,0.0,0.0
L,0.0,0.0,0.0,4.71,0.0,0.0,0.0,0.0,0.0,0.0,2.35,0.0,0.0,1.18,0.0,1.18,0.0,0.0,0.0,0.0,1.18,0.0,10.59,0.0,0.0,44.71,0.0,0.0,0.0,83.53,16.47,0.0,0.0,9.41,0.0,0.0,5.88,0.0,1.18,0.0,4.71,0.0,0.0,1.18,64.71,30.59,0.0,31.76,0.0,0.0,0.0
K,0.0,2.35,0.0,0.0,0.0,0.0,0.0,0.0,0.0,0.0,3.53,0.0,0.0,2.35,2.35,0.0,0.0,18.82,18.82,0.0,3.53,3.53,1.18,0.0,24.71,20.0,0.0,5.88,11.76,1.18,0.0,18.82,9.41,0.0,3.53,3.53,0.0,1.18,1.18,68.24,0.0,2.35,5.88,0.0,0.0,5.88,1.18,0.0,0.0,2.35,0.0
M,0.0,0.0,0.0,0.0,0.0,0.0,0.0,0.0,0.0,0.0,31.76,1.18,0.0,40.0,0.0,1.18,1.18,0.0,0.0,0.0,0.0,0.0,0.0,0.0,0.0,0.0,0.0,0.0,0.0,0.0,0.0,0.0,0.0,0.0,0.0,0.0,0.0,0.0,0.0,0.0,0.0,7.06,0.0,0.0,0.0,0.0,2.35,0.0,0.0,0.0,0.0
F,0.0,0.0,0.0,0.0,0.0,0.0,0.0,0.0,0.0,0.0,0.0,1.18,0.0,0.0,0.0,0.0,0.0,0.0,0.0,0.0,0.0,2.35,0.0,0.0,0.0,0.0,0.0,0.0,1.18,0.0,0.0,0.0,0.0,0.0,0.0,1.18,0.0,0.0,0.0,0.0,0.0,0.0,0.0,0.0,0.0,0.0,0.0,0.0,0.0,0.0,0.0
P,0.0,0.0,0.0,0.0,0.0,0.0,0.0,0.0,0.0,3.53,0.0,0.0,0.0,0.0,0.0,0.0,0.0,0.0,0.0,0.0,0.0,0.0,0.0,0.0,0.0,0.0,0.0,0.0,0.0,1.18,0.0,0.0,0.0,1.18,0.0,0.0,0.0,0.0,0.0,0.0,0.0,0.0,0.0,0.0,0.0,0.0,0.0,0.0,0.0,0.0,0.0
S,0.0,0.0,3.53,0.0,0.0,0.0,0.0,0.0,0.0,0.0,0.0,1.18,0.0,0.0,0.0,1.18,1.18,0.0,0.0,0.0,0.0,0.0,0.0,0.0,45.88,1.18,1.18,4.71,47.06,2.35,0.0,1.18,0.0,51.76,0.0,0.0,0.0,0.0,0.0,0.0,0.0,0.0,0.0,0.0,0.0,0.0,0.0,0.0,0.0,0.0,0.0
T,0.0,0.0,0.0,0.0,0.0,0.0,0.0,0.0,0.0,0.0,14.12,48.24,0.0,5.88,2.35,2.35,0.0,0.0,0.0,0.0,0.0,0.0,3.53,68.24,0.0,0.0,0.0,2.35,0.0,3.53,0.0,0.0,0.0,1.18,0.0,0.0,3.53,0.0,0.0,0.0,0.0,0.0,0.0,1.18,0.0,0.0,0.0,0.0,0.0,0.0,0.0
W,0.0,0.0,0.0,0.0,0.0,0.0,0.0,10.59,0.0,0.0,0.0,0.0,89.41,0.0,1.18,90.59,0.0,0.0,1.18,0.0,0.0,0.0,0.0,0.0,0.0,0.0,0.0,0.0,0.0,0.0,0.0,0.0,0.0,1.18,0.0,0.0,2.35,0.0,0.0,0.0,0.0,0.0,0.0,0.0,2.35,0.0,0.0,0.0,0.0,0.0,1.18
Y,0.0,0.0,0.0,0.0,0.0,0.0,0.0,0.0,0.0,0.0,0.0,0.0,0.0,0.0,0.0,0.0,2.35,0.0,0.0,0.0,0.0,4.71,84.71,3.53,0.0,0.0,0.0,3.53,0.0,0.0,4.71,0.0,0.0,1.18,0.0,0.0,0.0,3.53,0.0,0.0,0.0,0.0,7.06,0.0,1.18,0.0,0.0,0.0,1.18,0.0,0.0
V,0.0,0.0,0.0,0.0,0.0,1.18,0.0,0.0,0.0,0.0,0.0,0.0,0.0,0.0,0.0,0.0,0.0,0.0,0.0,10.59,0.0,0.0,0.0,0.0,0.0,0.0,0.0,0.0,0.0,0.0,0.0,0.0,0.0,0.0,0.0,0.0,0.0,0.0,0.0,0.0,0.0,0.0,0.0,1.18,0.0,0.0,0.0,2.35,0.0,0.0,0.0
-,98.82,97.65,96.47,95.29,94.12,91.76,90.59,89.41,84.71,77.65,47.06,43.53,8.24,7.06,4.71,2.35,2.35,2.35,2.35,0.0,0.0,0.0,0.0,0.0,0.0,0.0,0.0,0.0,0.0,0.0,0.0,2.35,9.41,10.59,10.59,12.94,14.12,16.47,21.18,22.35,23.53,27.06,28.24,29.41,30.59,31.76,54.12,64.71,95.29,97.65,98.82
