fp_domain,nhr_domain,chr_domain_full,tm_domain,loop2,loop1,pbd_chr_domain,chr_lpb_domain,pdb_domanin,chr_only_domain,lpb_domain,sequence
1.399999999999999,19.999999999999986,67.6,6.299999999999997,3.6000000000000005,15.200000000000008,55.49999999999999,56.29999999999999,-2.0,56.39999999999999,5.6,YTSLIHSLIEESQNQQEKNEQELLELDKWASLWNSF
0.5999999999999995,18.799999999999997,55.19999999999998,3.7000000000000033,4.200000000000002,13.40000000000001,55.89999999999999,43.89999999999999,7.80000000000001,41.8,-0.8000000000000008,WEEMDREINNYTKLIHELIEESQNQQEKNEQELL
6.200000000000001,11.400000000000015,4.199999999999999,9.700000000000005,1.3877787807814457e-16,7.800000000000013,2.2999999999999994,3.0999999999999996,-1.6000000000000005,3.1999999999999993,0.8000000000000003,LVQPRGPRSGPGPWQGGRRKFRRQRPRLSHKGPMPF
-4.2,1.5999999999999979,12.800000000000006,0.3000000000000004,4.400000000000009,5.600000000000001,13.900000000000004,11.100000000000001,0.5999999999999998,11.200000000000001,-3.5999999999999988,IKKTYEEIKKTYEEIKKTYEEIKKTYEEIERDWEMV
1.399999999999999,19.599999999999987,67.6,4.9,3.6000000000000005,15.800000000000008,52.49999999999999,53.29999999999999,-2.0,53.39999999999999,8.6,YTSLIHSLIEEPQNQQEKNEQELLELDKWASLWNWF
2.7755575615628914e-17,16.800000000000004,70.20000000000005,3.0999999999999988,4.4,14.000000000000012,70.9,58.5,8.00000000000001,56.4,0.40000000000000013,EWDREINNYTSLIHSLIEESQNQQEKNEQELLELDK
-1.800000000000001,14.600000000000005,45.99999999999997,7.100000000000001,5.0000000000000036,14.400000000000007,46.69999999999998,29.89999999999998,12.400000000000006,27.799999999999983,4.80000000000001,KSLEQIWNNMTWMEWDREINNYTSLIHSLIEESQNQ
-1.6000000000000005,8.000000000000007,39.19999999999999,1.0999999999999996,4.2000000000000055,12.000000000000009,39.9,28.299999999999997,9.200000000000008,28.399999999999995,-1.2000000000000004,WEEWDRKIEEYTKKIKKLIEESQEQQEKNEKELK
2.9999999999999987,16.600000000000005,50.399999999999984,4.700000000000006,4.800000000000004,13.400000000000007,51.099999999999994,49.699999999999996,-1.2000000000000002,47.599999999999994,1.1999999999999993,INNYTSLIGSLIEESQNQQEKNEQELLE
2.4,-3.599999999999995,-4.199999999999997,3.7,-1.0,-2.8000000000000016,-3.5000000000000018,-3.1000000000000005,-0.3999999999999999,-3.0000000000000004,-0.19999999999999993,PFVFLM
6.3000000000000025,35.9,10.900000000000004,9.8,5.900000000000002,13.700000000000006,9.800000000000004,9.200000000000005,2.1,9.300000000000004,-1.3,KQKKIENEIARIKKLLQLTVWGIKQLQARIL
3.1999999999999993,19.999999999999986,67.6,4.9,3.2,13.600000000000009,55.49999999999999,56.29999999999999,-2.0,56.39999999999999,7.799999999999999,YTSLIHSLIEESQNQQEKNEQELLELDKWASLANWF
-1.6000000000000005,9.800000000000008,42.19999999999998,1.8999999999999986,4.2000000000000055,12.000000000000009,42.89999999999999,28.299999999999997,12.200000000000008,28.399999999999995,-1.2000000000000004,WMEWDRKIEEYTKKIKKLIEESQEQQEKNEKELK
1.1999999999999997,16.600000000000005,53.399999999999984,2.900000000000001,4.800000000000004,11.200000000000006,54.099999999999994,52.699999999999996,-1.2000000000000002,50.599999999999994,1.1999999999999993,INNYTSLIHSLIEESQNQQEKNEQELLE
2.1999999999999993,15.8,48.19999999999999,3.9000000000000017,14.0,16.599999999999994,33.49999999999998,34.299999999999976,0.20000000000000048,34.39999999999998,8.200000000000003,ESQNQQEKNEQELLELDKWASLWNWFNITNWLWLIK
1.7999999999999998,1.599999999999997,2.3999999999999995,1.2999999999999994,0.20000000000000015,1.9999999999999982,0.8999999999999992,-0.10000000000000031,-0.9999999999999998,-4.440892098500626e-16,1.4000000000000001,RPRLSHKGPMPF
1.5999999999999992,6.800000000000007,10.60000000000001,1.0999999999999992,1.5999999999999992,9.000000000000007,10.900000000000007,8.100000000000007,-0.3999999999999999,8.200000000000006,1.5999999999999996,RSQKEGLHYTCSSHFPYSQYQFWK
2.3999999999999995,5.800000000000006,8.400000000000007,8.100000000000007,1.6,4.800000000000004,6.900000000000006,7.700000000000006,-0.3999999999999998,7.800000000000006,2.0000000000000004,LAAIPMSIPPEVKFNKPFVF
1.4,20.39999999999999,70.20000000000002,4.8999999999999995,4.000000000000007,13.200000000000008,64.30000000000001,60.699999999999996,-0.800000000000001,58.599999999999994,2.199999999999999,EINNYTSLIHSLIEESQNQQEKNEQELLELDKWASL
1.399999999999999,19.599999999999987,67.6,4.9,3.6000000000000005,15.200000000000008,52.49999999999999,53.29999999999999,-0.19999999999999987,53.39999999999999,8.6,YTSLIHSLIEERQNQQEKNEQELLELDKWASLWNWF
-1.8000000000000014,12.800000000000006,43.79999999999997,7.100000000000001,7.200000000000005,14.40000000000001,44.49999999999998,27.69999999999998,12.400000000000006,25.59999999999998,4.800000000000008,NKSLEQIWNNMTWMEWDREINNYTSLIHSLIEESQN
2.9999999999999973,17.599999999999998,33.79999999999998,5.300000000000002,6.200000000000005,17.2,27.099999999999987,22.49999999999999,5.800000000000001,22.599999999999987,6.4,WQTWERQVDNITQTISKALEEAQIQNEKNMYELQKLNQWDIFSNWF
1.399999999999999,19.999999999999986,67.6,4.9,3.6000000000000005,15.600000000000005,52.49999999999999,53.29999999999999,-2.0,53.39999999999999,8.6,YTSLIHSLIEESQNQQEKNEQELLELNKWASLWNWF
4.600000000000004,21.0,29.599999999999987,4.1,4.800000000000005,10.200000000000006,30.299999999999997,19.5,8.40000000000001,19.6,-2.000000000000001,TTWEAWDRAIAEYAARIEALIRAAQEQQEKNEAILREL
-3.885780586188048e-16,18.599999999999998,70.20000000000005,3.9000000000000052,4.0000000000000036,13.60000000000001,70.9,56.3,10.20000000000001,54.199999999999996,0.40000000000000013,MEWDREINNYTSLIHSLIEESQNQQEKNEQELLELD
4.200000000000001,5.800000000000008,8.400000000000007,8.100000000000007,1.6,4.800000000000004,6.900000000000006,7.700000000000006,1.3877787807814457e-16,7.800000000000006,2.0000000000000004,LEAIAMSIPPEVKFNKPFVF
2.1999999999999993,18.599999999999987,67.6,6.699999999999999,3.6000000000000005,15.200000000000008,52.49999999999999,53.29999999999999,-2.0,53.39999999999999,8.6,YTSLIHSLIEESQNQQEKNEQELLEFDKWASLWNWF
0.3999999999999989,16.400000000000006,67.60000000000005,5.300000000000003,4.000000000000003,13.600000000000009,68.30000000000001,51.099999999999994,12.80000000000001,49.0,0.40000000000000013,WMEWDREINNYTSLIHSLIEESQNIQEKNEQELLEL
7.9,14.900000000000007,15.299999999999997,6.200000000000001,4.5,13.900000000000007,15.999999999999995,5.600000000000005,7.300000000000005,5.7000000000000055,-1.2999999999999998,APKEWMAWAREIAAYAKLIAALIKQGI
2.3999999999999995,5.800000000000006,7.000000000000005,6.3000000000000025,1.6,3.4000000000000026,5.5000000000000036,6.3000000000000025,1.3877787807814457e-16,6.400000000000003,2.0000000000000004,LEAAPMSIPPEVKFNKPFVF
-2.200000000000001,8.00000000000001,1.1999999999999993,-1.7000000000000002,1.9999999999999991,4.000000000000001,1.8999999999999995,2.6999999999999997,2.5999999999999996,2.7999999999999994,0.19999999999999996,TRQARRNRRRWRERQR
5.700000000000003,38.10000000000001,17.899999999999995,8.200000000000001,1.6999999999999988,16.300000000000004,15.400000000000002,16.19999999999999,1.099999999999999,16.29999999999999,-1.9000000000000008,LKKELEALKKEQEALKKKLEALEKLLQLTVWGIKOLQARIL
0.9999999999999997,21.4,63.40000000000002,4.700000000000003,4.200000000000002,13.400000000000007,64.10000000000002,46.89999999999999,13.000000000000009,44.8,0.6000000000000001,WMEWDREINNYTSLIHSLIEEAQNQQEKNEQELL
0.40000000000000013,19.4,24.999999999999982,4.3000000000000025,5.000000000000005,12.60000000000001,25.699999999999992,18.89999999999999,6.000000000000008,18.99999999999999,8.326672684688674e-17,MTWQEWEQQVRYLEANISQRLEQAQIQQEKNMYELQ
-6.38378239159465e-16,14.600000000000005,58.59999999999999,3.0999999999999988,4.000000000000003,14.600000000000007,59.3,45.099999999999994,9.80000000000001,43.0,0.40000000000000013,WTEWDREINNYTSQIHSLIEESQNIQEKNEQELNEL
1.399999999999999,19.599999999999987,67.6,4.9,3.6000000000000005,15.200000000000008,52.49999999999999,53.29999999999999,-2.0,53.39999999999999,8.6,YTSLIHSLIEEHQNQQEKNEQELLELDKWASLWNWF
4.900000000000002,38.5,20.89999999999999,8.8,4.500000000000003,13.70000000000001,18.39999999999999,13.600000000000009,2.900000000000006,13.70000000000001,-0.5000000000000001,RMKQIEDKIEEIESKIKKIENEIARIKKLLQLTVWGIKQLQARIL
-1.8000000000000007,15.000000000000004,52.59999999999997,5.300000000000002,7.600000000000007,14.40000000000001,53.29999999999998,36.499999999999986,12.400000000000007,34.399999999999984,0.40000000000000024,EQIWNNMTWMEWDREINNYTSLIHSLIEESQNQQEK
2.199999999999999,21.599999999999987,22.399999999999977,5.300000000000006,5.800000000000004,12.60000000000001,23.099999999999987,18.49999999999999,4.200000000000003,18.599999999999987,-1.0824674490095276e-15,MTWQQWERQVRFLDANITKLLEEAQIQQEKNMYELQ
3.1999999999999993,19.999999999999986,67.6,4.9,3.6000000000000005,15.200000000000008,55.49999999999999,56.29999999999999,-2.0,56.39999999999999,5.6,YTSLIHSLIEESQNQQEKNEQELLELDKWASLWNAF
-1.8000000000000003,2.0000000000000013,17.0,2.6999999999999997,5.3999999999999995,6.800000000000006,15.500000000000009,7.9,7.800000000000004,8.000000000000002,-0.40000000000000024,WEEWDKKIEEYTKKIEELIKKS
2.3,15.90000000000001,10.100000000000005,5.400000000000002,4.699999999999999,6.900000000000009,9.000000000000004,7.600000000000003,3.4999999999999987,7.700000000000003,1.4999999999999991,MTWQQWERQVRFLDANITKLL
3.099999999999999,10.900000000000007,12.300000000000006,3.0000000000000018,1.299999999999999,8.700000000000012,11.200000000000005,12.000000000000005,0.6999999999999998,12.100000000000007,-4.499999999999998,YGGIKKEIEAIKKEQEAIKKKIEAIEKEIEA
1.8999999999999995,20.499999999999993,68.10000000000002,5.0,4.100000000000007,11.500000000000007,62.199999999999996,60.8,-1.9000000000000004,58.699999999999996,2.299999999999999,INNYTSLIHSLIEESQNQQEKNEQELLELDKWASL
1.399999999999999,19.599999999999987,67.6,4.9,3.6000000000000005,15.200000000000008,52.49999999999999,53.29999999999999,0.5999999999999989,53.39999999999999,8.6,YTSLIHSLIEEIQNQQEKNEQELLELDKWASLWNWF
-0.7000000000000001,9.299999999999999,25.099999999999984,3.7999999999999994,4.700000000000002,9.300000000000006,23.99999999999999,15.000000000000005,7.100000000000007,15.100000000000005,-0.3000000000000005,WEEWDKKIEEYTKKIEELIKKSQNQQIDL
2.599999999999999,19.799999999999997,48.199999999999996,3.5000000000000018,7.4,17.400000000000006,33.09999999999999,28.099999999999987,3.200000000000003,28.19999999999999,7.6,WQQWERQVRFLDANITKLLEEAQIQQEKNMYELQELDKWASLWNWF
5.200000000000004,21.799999999999997,27.39999999999999,4.700000000000004,4.800000000000005,10.200000000000008,28.1,17.299999999999997,8.40000000000001,17.4,-2.000000000000001,TTWEAWDRAIAEYAARIEALIRALQELQEKNEAILREL
1.7999999999999985,16.79999999999999,61.4,5.700000000000001,5.000000000000002,16.200000000000006,46.69999999999999,47.499999999999986,0.20000000000000004,47.59999999999999,8.200000000000001,IHSLIEESQNQQEKNEQELLELDKWASLWNWFNITN
1.399999999999999,25.599999999999987,53.8,4.9,3.6000000000000005,17.400000000000002,38.69999999999999,39.499999999999986,-2.0000000000000004,39.59999999999999,8.6,YTSLIHSLIQQSQNQQQKNQQQLLQLDKWASLWNWF
3.7999999999999994,5.000000000000003,8.400000000000007,9.100000000000005,1.5999999999999996,4.800000000000007,5.100000000000007,5.9000000000000075,1.3877787807814457e-16,6.000000000000007,2.0000000000000004,LEAIPMSIPPEVKFNAPFVF
3.7999999999999994,4.000000000000009,8.400000000000007,6.300000000000008,1.6,6.200000000000005,6.900000000000006,7.700000000000006,1.3877787807814457e-16,7.800000000000006,2.0000000000000004,LEAIPMSIPPEAKFNKPFVF
3.600000000000003,19.999999999999993,45.4,2.3,5.0,14.000000000000009,33.69999999999999,24.69999999999999,4.200000000000012,24.79999999999999,4.8,WQEWEQKITALLEQAQIQQEKNEYELQKLDKWASL WEWF
-0.20000000000000082,17.600000000000005,48.999999999999986,2.9,4.800000000000005,9.800000000000008,49.699999999999996,35.9,9.20000000000001,36.4,0.20000000000000037,TTWEEWDREINEYTSRIESLIRESQEQQEKNEQELREL
0.5000000000000003,11.5,13.900000000000004,3.5999999999999996,6.5,11.300000000000008,11.20000000000001,8.400000000000004,7.500000000000002,8.500000000000004,0.8999999999999997,MTWQEWEKQVRYLEANISKSL
-2.700000000000001,8.700000000000001,23.69999999999998,2.5999999999999988,5.900000000000001,10.900000000000006,22.599999999999987,13.600000000000005,6.9000000000000075,13.700000000000005,-0.9000000000000007,MTWEEWDKKIEEYTKKIEELIKKSEEQQKKN
6.800000000000002,2.9999999999999973,4.399999999999997,6.900000000000001,1.6,5.60000000000001,2.8999999999999972,3.700000000000001,1.3877787807814457e-16,3.8000000000000025,2.4,LEAIPCSIPPCFLFGKPFVF
0.20000000000000007,-1.7999999999999972,-0.2000000000000011,4.1,1.1999999999999997,1.5999999999999996,0.4999999999999989,1.299999999999998,-4.440892098500626e-16,1.3999999999999981,-0.19999999999999993,PFVYLI
5.699999999999999,43.5,20.69999999999999,7.4,7.100000000000001,12.500000000000012,21.4,19.799999999999997,1.899999999999999,17.700000000000003,0.6999999999999993,SGIDQEQNNLTRLIEAQIHELQLTQWKIKQLLARILK
1.399999999999999,22.999999999999986,67.6,4.9,3.6000000000000005,15.200000000000008,52.49999999999999,53.29999999999999,-2.0,53.39999999999999,8.6,YTSLIHSLIEESQNQQEKNEQELLQLDKWASLWNWF
-1.0999999999999999,7.100000000000003,25.499999999999982,4.199999999999999,4.700000000000002,9.700000000000006,26.199999999999992,17.200000000000003,7.500000000000007,17.300000000000004,-0.6999999999999998,WEEWDKKIEEYTKKIEELIKKSQNQQLDI
-1.9000000000000004,1.9000000000000012,16.5,2.1999999999999997,5.3,6.300000000000006,15.40000000000001,7.800000000000001,7.700000000000005,7.900000000000002,-0.5000000000000002,WEEWDKKIEEYTKKIEELIKKS 
1.399999999999999,19.599999999999987,67.6,4.9,1.4,15.200000000000008,55.099999999999994,55.89999999999999,-2.0,55.99999999999999,8.6,YTSLIHSLIEESQNQQEKNEQELLELDKPASLWNWF
1.3999999999999995,13.800000000000004,28.799999999999986,3.7000000000000033,4.800000000000005,13.80000000000001,29.499999999999996,19.5,5.80000000000001,19.6,-0.20000000000000054,MTWCDWRDEIERYTKKIEELIRAAQEWQEKNEAALKEL
0.3999999999999998,21.199999999999996,65.80000000000007,3.9000000000000035,5.000000000000004,13.600000000000007,66.50000000000003,49.699999999999996,12.40000000000001,47.599999999999994,0.40000000000000036,MTWMEWDREINNYTSLIHSLIEESQNQQEKNEQELL
0.3999999999999989,18.6,64.60000000000005,4.5000000000000036,4.000000000000003,11.80000000000001,65.30000000000001,48.099999999999994,12.80000000000001,46.0,0.40000000000000013,WMEWDREINNYTSLIHSLIEELQNIQEKNEQELLEL
4.600000000000004,20.6,29.599999999999987,5.900000000000006,4.800000000000005,10.200000000000008,30.299999999999997,19.099999999999998,8.40000000000001,19.199999999999996,-2.000000000000001,MTWEAWDRAIAEYAARIEALIRAAQEQQEKNEAALREL
1.399999999999999,22.19999999999999,67.6,6.700000000000006,3.6000000000000005,15.800000000000008,52.49999999999999,53.29999999999999,-2.0,53.39999999999999,8.6,YTSLIHSLIEEVQNQQEKNEQELLELDKWASLWNWF
0.8000000000000005,18.6,67.60000000000005,5.300000000000003,4.000000000000003,15.8,68.30000000000001,51.099999999999994,12.80000000000001,49.0,0.40000000000000013,WMEWDREINNYTSLIHSLIEESQNQQEKNEQILLEL
1.399999999999999,18.199999999999992,67.6,4.900000000000002,3.6000000000000005,15.200000000000008,52.49999999999999,53.29999999999999,-2.0,53.39999999999999,8.6,YTSLIHSLIEESQNLQEKNEQELLELDKWASLWNWF
2.3999999999999995,5.000000000000003,9.800000000000006,9.500000000000005,1.6,4.800000000000004,6.900000000000006,7.700000000000006,1.3877787807814457e-16,7.800000000000006,2.0000000000000004,LEAIPMSIPPEVKFNKPAVF
1.399999999999999,20.399999999999988,67.6,4.9,3.6000000000000005,15.200000000000008,52.49999999999999,53.29999999999999,-2.0,53.39999999999999,8.6,YTSLIHSLIEESQQQQEKNEQELLELDKWASLWNWF
1.399999999999999,22.599999999999987,67.6,4.9,3.6000000000000005,17.400000000000002,52.49999999999999,53.29999999999999,-2.0,53.39999999999999,8.6,YTSLIHSLIEESQNQQEKNEQQLLELDKWASLWNWF
-1.800000000000001,15.800000000000004,48.199999999999974,7.100000000000003,5.0000000000000036,14.000000000000009,48.899999999999984,32.09999999999998,12.400000000000006,29.999999999999982,5.20000000000001,SLEQIWNNMTWMEWDREINNYTSLIHSLIEESQNQQ
2.3999999999999986,2.7999999999999985,9.20000000000001,1.4999999999999996,-0.9999999999999999,6.200000000000004,7.300000000000008,6.700000000000006,-2.2000000000000006,6.800000000000008,0.6000000000000001,QKEGLHYTCSSHFPYSQYQF
1.399999999999999,19.599999999999987,67.6,5.3000000000000025,3.6000000000000005,15.200000000000008,52.49999999999999,53.29999999999999,-0.19999999999999962,53.39999999999999,8.6,YTSLIHSLIEEMQNQQEKNEQELLELDKWASLWNWF
-4.100000000000001,1.6999999999999993,10.10000000000001,4.718447854656915e-16,4.500000000000009,6.100000000000001,10.800000000000008,8.000000000000004,0.6999999999999997,8.100000000000003,-4.899999999999999,IKKTYEEIKKTYEEIKKTYEEIKKTYEEIKKTYEE
-1.8000000000000003,6.4,15.200000000000008,3.4999999999999996,7.199999999999998,5.200000000000001,15.900000000000006,9.700000000000001,7.800000000000004,9.800000000000002,-0.8000000000000002,MTWEEWDKKIEEYTKKIEELIK
5.600000000000002,37.0,17.799999999999997,9.100000000000001,5.200000000000002,13.000000000000007,15.700000000000006,14.700000000000008,1.3999999999999995,14.800000000000008,0.20000000000000015,KIEEIESKQKKIENEIARIKKLLQLTVWGIKQLQARIL
2.599999999999998,19.39999999999999,56.99999999999999,5.700000000000001,7.800000000000001,16.200000000000003,42.29999999999998,43.09999999999998,0.1999999999999996,43.19999999999998,8.200000000000001,SLIEESQNQQEKNEQELLELDKWASLWNWFNITNWL
3.2000000000000006,19.999999999999986,67.6,6.700000000000003,3.6000000000000005,15.200000000000008,52.49999999999999,53.29999999999999,-2.0,53.39999999999999,8.6,YTSLIHSLIEEGQNQQEKNEQELLELDKWASLWNWF
0.40000000000000013,8.600000000000001,29.199999999999967,3.500000000000001,7.200000000000003,13.40000000000001,29.899999999999977,18.699999999999985,9.800000000000006,16.999999999999993,0.7999999999999979,VEWNEMTWMEWEREIENYTKLIYKILEESQEQ
-1.0000000000000004,4.600000000000003,3.9999999999999996,-1.5,0.7999999999999994,4.000000000000003,4.300000000000003,5.100000000000003,-1.2000000000000002,5.200000000000003,0.8000000000000004,CSSHFPYSQYQFWK
4.200000000000001,5.000000000000007,10.200000000000006,9.100000000000005,1.6,4.800000000000004,6.900000000000006,7.700000000000006,1.3877787807814457e-16,7.800000000000006,2.0000000000000004,LEAIPMSIPPEVKFNKAFVF
1.7999999999999998,18.599999999999987,70.20000000000003,3.4999999999999987,4.000000000000005,13.200000000000008,68.7,60.7,3.6000000000000094,58.6,2.1999999999999993,DREINNYTSLIHSLIEESQNQQEKNEQELLELDKWA
3.7999999999999994,5.000000000000007,8.400000000000007,8.100000000000007,1.6,6.600000000000007,6.900000000000006,7.700000000000006,1.3877787807814457e-16,7.800000000000006,2.0000000000000004,LEAIPMSIAPEVKFNKPFVF
-2.500000000000001,7.100000000000003,22.89999999999998,4.199999999999999,4.700000000000002,9.700000000000006,23.59999999999999,14.600000000000005,7.500000000000007,14.700000000000005,-0.6999999999999998,WEEWDKKIEEYTKKIEELIKKSQNQQIDI
0.09999999999999953,18.299999999999997,68.50000000000006,3.600000000000003,4.100000000000002,14.100000000000009,69.20000000000002,51.99999999999999,12.90000000000001,49.9,0.5000000000000001,WMEWDREINNYTSLIHSLIEESQNQQEKNEQELLE
4.600000000000003,3.200000000000007,4.8000000000000025,5.900000000000002,1.6,10.600000000000009,3.300000000000002,4.100000000000007,1.3877787807814457e-16,4.200000000000006,2.0000000000000004,LEAIPCSIPPCVAFNKPFVF
4.300000000000004,5.500000000000009,8.700000000000006,4.600000000000003,2.1,9.900000000000006,7.000000000000005,6.800000000000006,3.3000000000000003,6.900000000000006,2.1,TDVILMCFSIDSPDSLENI
4.800000000000001,49.59999999999999,15.200000000000008,9.700000000000003,2.199999999999999,17.400000000000013,15.900000000000004,14.500000000000004,-0.7999999999999997,14.600000000000003,-0.5999999999999998,RQLLSQIVQQQNNLLRAIEAQQHLLQLT
-5.551115123125783e-16,20.4,68.00000000000006,3.500000000000003,5.400000000000006,14.000000000000009,68.70000000000002,51.9,12.40000000000001,49.8,0.4,TWMEWDREINNYTSLIHSLIEESQNQQEKNEQELLE
-1.8000000000000007,16.799999999999997,59.19999999999998,3.5000000000000013,7.200000000000006,14.000000000000005,59.89999999999999,43.09999999999999,12.400000000000007,40.99999999999999,0.7999999999999975,WNNMTWMEWDREINNYTSLIHSLIEESQNQQEKNEQ
2.2999999999999994,18.299999999999997,65.50000000000006,4.600000000000006,4.100000000000002,16.299999999999997,66.20000000000002,48.99999999999999,12.90000000000001,46.9,0.5000000000000001,WMEWDREINNYTSLIGSLIEESQNQQEKNEQELLE
4.600000000000003,5.000000000000009,4.800000000000005,9.500000000000005,1.6,4.400000000000006,3.3000000000000047,4.1000000000000085,1.3877787807814457e-16,4.200000000000008,0.6000000000000001,LEAIPMSIPPEVAFAKPFVF
2.4,-1.8000000000000012,-2.8000000000000003,1.9,-1.0,-1.4000000000000008,-2.1000000000000005,-1.3,-0.3999999999999999,-1.2,-0.2000000000000001,PEVFLM
-1.2,1.7999999999999994,-1.400000000000001,-0.2999999999999999,-0.9999999999999998,0.40000000000000047,-0.7000000000000005,-1.7000000000000013,-0.8000000000000002,-1.6000000000000005,-2.4000000000000004,GRKKRRQRRR
-1.8000000000000007,14.600000000000005,54.799999999999976,5.3000000000000025,7.200000000000006,12.600000000000007,55.499999999999986,38.69999999999999,12.400000000000007,36.59999999999999,0.7999999999999999,QIWNNMTWMEWDREINNYTSLIHSLIEESQNQQEKN
0.5999999999999995,18.799999999999997,63.40000000000002,3.7000000000000033,4.200000000000002,13.400000000000007,64.10000000000002,46.89999999999999,13.000000000000009,44.8,0.6000000000000001,WMEWDREINNYTSLIHSLIEEPQNQQEKNEQELL
6.400000000000004,47.8,16.6,8.500000000000002,2.3999999999999986,15.600000000000009,14.100000000000007,14.700000000000012,0.3999999999999986,14.80000000000001,-3.000000000000001,IKKEIEAIKKEQEAIKKKIEAIEKEIEAQQHLLQLTVWGIKQLQARIL
0.5999999999999995,18.799999999999997,63.40000000000002,3.7000000000000033,4.200000000000002,13.800000000000008,64.10000000000002,46.89999999999999,13.000000000000009,44.8,2.8000000000000003,WMEWDREINNYTSLIHSLIEEWQNQQEKNEQELL
1.399999999999999,19.599999999999987,67.6,4.9,3.6000000000000005,17.000000000000007,52.49999999999999,53.29999999999999,-0.5999999999999998,53.39999999999999,8.6,YTSLIHSLIEEDQNQQEKNEQELLELDKWASLWNWF
1.399999999999999,19.599999999999987,67.6,4.9,3.6000000000000005,15.200000000000008,52.49999999999999,53.29999999999999,-2.0,53.39999999999999,8.6,YTSLIHSLIEEEQNQQEKNEQELLELDKWASLWNWF
1.3999999999999995,19.99999999999999,70.2,4.9,5.799999999999999,15.200000000000008,59.89999999999999,61.099999999999994,-2.0,58.599999999999994,3.8000000000000003,NNYTSLIHSLIEESQNQQEKNEQELLELDKWASLWN
4.200000000000001,1.3999999999999972,4.8000000000000025,5.500000000000002,1.6,8.40000000000001,3.300000000000002,4.100000000000007,1.3877787807814457e-16,4.200000000000006,2.0000000000000004,LEAIPCSIPPCFAFNKPFVF
5.0000000000000036,3.2000000000000086,5.800000000000005,7.700000000000005,1.6,8.80000000000001,4.300000000000004,4.100000000000007,1.3877787807814457e-16,4.200000000000006,3.8,LEAIPCSIPPCVLFNKPFVF
-0.7999999999999999,6.000000000000007,8.20000000000001,1.6999999999999993,2.399999999999999,6.000000000000004,7.1000000000000085,3.900000000000007,1.1999999999999997,1.7999999999999998,0.5999999999999999,RINNIPWSEAMM
2.2999999999999994,-3.299999999999999,-2.5000000000000013,3.5999999999999996,-0.2999999999999998,-1.1000000000000003,-2.200000000000001,-1.4000000000000004,-0.5,-1.2999999999999998,-0.30000000000000004,KPFVFLM
5.600000000000002,36.0,18.39999999999999,9.100000000000001,5.200000000000002,13.000000000000007,15.899999999999995,12.90000000000001,1.3999999999999995,13.000000000000009,0.20000000000000015,KIEEIESKIKKIENEIARIKKLLQLTVWGIKQLQARIL
-0.6,10.4,23.59999999999998,4.300000000000001,6.200000000000005,7.600000000000001,22.499999999999986,14.300000000000004,4.600000000000007,14.400000000000004,-0.6000000000000006,EMTWEEWEKKIEEYIKKIEEILKKSQNQQIDL
1.399999999999999,16.799999999999997,63.599999999999994,7.5000000000000036,5.000000000000002,17.000000000000007,48.899999999999984,49.69999999999999,0.19999999999999996,49.79999999999999,8.200000000000001,LIHSLIEESQNQQEKNEQELLELDKWASLWNWFNIT
-6.38378239159465e-16,16.800000000000004,58.999999999999986,3.0999999999999988,4.000000000000003,16.8,59.699999999999996,45.49999999999999,9.80000000000001,43.4,0.40000000000000013,WTEWDREINNYTSQIHSLIEESQNQQEKNEQILNEL
1.399999999999999,18.19999999999998,67.6,4.9,1.3999999999999981,14.80000000000001,55.49999999999999,56.29999999999999,-2.0,56.39999999999999,8.2,YTSLIHSLIEESQNQQEKNEQELLELDKWASPWNWF
4.600000000000003,3.6000000000000014,6.6000000000000085,8.100000000000007,1.6,6.200000000000005,5.100000000000007,5.9000000000000075,1.3877787807814457e-16,6.000000000000007,2.0000000000000004,LEAIPMSIPPEVAFNKPFVF
-1.5,5.899999999999997,14.30000000000001,1.2000000000000002,6.7,5.500000000000002,15.000000000000007,11.000000000000002,5.5000000000000036,11.100000000000001,-0.9000000000000002,EMTWEEWEKKIEEYTKKIEEILK
3.7999999999999994,5.400000000000003,8.400000000000007,8.100000000000007,1.6,6.600000000000005,6.900000000000006,7.700000000000006,1.3877787807814457e-16,7.800000000000006,2.0000000000000004,LEAIPMSIPPEVKANKPFVF
-1.5000000000000004,7.300000000000004,17.1,3.4000000000000012,1.6999999999999993,13.100000000000007,16.800000000000004,17.6,0.4999999999999998,17.700000000000003,1.7000000000000002,KKISEEQKKIQEEIKKILEESKKILEEIKKDWEEWTM
3.400000000000009,12.200000000000014,27.399999999999977,6.3000000000000025,1.6,17.999999999999986,12.700000000000012,10.700000000000012,-1.942890293094024e-16,10.800000000000013,6.200000000000006,EELAKKAEELAKKAEELAKKAEELAKKAWASLWNWFLEAIPMSIPPEVKFNKPFVF
2.399999999999999,17.8,22.99999999999998,3.7000000000000006,6.0000000000000036,12.80000000000001,23.69999999999999,18.69999999999999,4.400000000000002,18.79999999999999,0.599999999999998,WQQWERQVRFLDANITKLLEEAQIQQEKNMYELQ
1.399999999999999,19.599999999999987,67.6,4.9,3.6000000000000005,16.200000000000003,52.49999999999999,53.29999999999999,0.1999999999999997,53.39999999999999,8.6,YTSLIHSLIEEWQNQQEKNEQELLELDKWASLWNWF
-1.7000000000000006,9.700000000000008,34.69999999999999,2.800000000000001,6.700000000000008,11.900000000000007,35.4,23.799999999999997,9.100000000000009,23.9,0.09999999999999928,WLEWDRKIEEYTKKIEELIKKSQEQQEKNEKELK 
5.000000000000002,5.0,8.800000000000006,5.9,2.9999999999999987,5.400000000000004,5.100000000000005,4.100000000000002,-1.942890293094024e-16,4.200000000000002,2.8,KVINPEPIVEPFMSKPFALF
5.700000000000006,42.3,15.300000000000006,7.4000000000000075,4.299999999999999,13.900000000000013,16.000000000000004,15.400000000000004,-0.7000000000000001,15.100000000000005,2.499999999999999,SGIVQQLNNQLRAEEANQHLEQLSVWGSKQNQARRLK
1.2999999999999998,7.300000000000004,16.499999999999996,2.1999999999999997,4.899999999999999,5.100000000000003,17.200000000000006,13.600000000000001,5.5000000000000036,13.700000000000001,-0.9000000000000002,EMTWEEWEKKVEELEKKIEELLK
2.799999999999999,5.800000000000006,8.000000000000007,5.900000000000002,1.1999999999999997,6.6000000000000085,6.500000000000005,5.500000000000003,1.3877787807814457e-16,5.600000000000003,2.0,AEAIPMSIPPEVKFNKPFVF
5.000000000000001,3.2000000000000015,2.9999999999999973,7.700000000000005,1.6,7.000000000000011,1.4999999999999978,2.3000000000000007,1.3877787807814457e-16,2.400000000000001,0.6000000000000001,LEAIPCSIPPCVFFGKPFVF
-1.8000000000000007,16.39999999999999,61.399999999999984,3.5000000000000013,7.6000000000000085,13.600000000000007,62.099999999999994,45.29999999999999,12.400000000000007,43.19999999999999,0.40000000000000013,NNMTWMEWDREINNYTSLIHSLIEESQNQQEKNEQE
1.0999999999999996,2.6999999999999975,5.700000000000005,2.7999999999999985,3.8999999999999995,7.100000000000001,6.400000000000002,6.8000000000000025,0.5,6.900000000000002,2.5,IRKAHCNISRAKWND
11.400000000000006,18.39999999999999,10.800000000000004,10.900000000000004,2.1999999999999984,26.999999999999957,11.500000000000005,9.500000000000002,2.799999999999999,9.600000000000003,-1.0000000000000002,VWGIKQLQARILAVERYLKDQQLLGIWG
-2.400000000000001,9.4,21.99999999999998,2.899999999999999,6.2,9.400000000000006,22.69999999999999,13.700000000000005,7.200000000000006,13.800000000000004,-1.0000000000000002,MTWEEWDKKIEEYTKKIEELIKKSQNQQ
-1.4000000000000001,12.6,24.399999999999984,4.3,5.800000000000002,9.000000000000007,23.29999999999999,14.300000000000004,6.800000000000008,14.400000000000004,-1.0000000000000004,MTWEEWDKKIEEYTKKIEELIKKSQNQQIDL 
27.89999999999999,10.100000000000009,1.8999999999999995,9.600000000000005,-0.8999999999999999,13.300000000000008,-0.9999999999999996,-1.6000000000000008,-2.100000000000001,-1.5000000000000004,-0.4999999999999999,AVGIGAMFLGFLGAAGSTMGAAS
4.4,15.400000000000007,52.59999999999999,3.900000000000001,9.600000000000001,16.200000000000003,37.89999999999998,38.69999999999998,0.19999999999999937,38.79999999999998,8.200000000000003,IEESQNQQEKNEQELLELDKWASLWNWFNITNWLWL
7.0000000000000036,52.599999999999994,14.800000000000006,8.700000000000005,6.599999999999999,13.000000000000009,14.100000000000005,15.300000000000006,0.9999999999999999,13.200000000000005,-1.0,VQQQNNLLRAIEAQQHLLQLTVWGIKQL
1.399999999999999,23.399999999999988,64.6,4.9,3.6000000000000005,17.0,49.49999999999999,50.29999999999999,-2.0,50.39999999999999,8.6,YTSLIHSLIEESQNQQEKNQQELLQLDKWASLWNWF
4.0,19.999999999999986,62.4,4.9,1.3999999999999995,13.600000000000009,55.49999999999999,56.29999999999999,-2.0,56.39999999999999,2.5999999999999983,YTSLIHSLIEESQNQQEKNEQELLELDKWASLANAA
2.4,-1.8000000000000005,-2.0,3.7,-1.0,-0.20000000000000098,-1.2999999999999994,-0.5000000000000001,-0.4,-0.4000000000000006,-0.19999999999999993,PFVFLE
0.40000000000000024,16.19999999999997,32.999999999999986,3.5000000000000053,1.799999999999999,8.200000000000012,33.699999999999996,23.299999999999994,6.400000000000009,23.79999999999999,0.7999999999999984,SWETWEREIENYTRQIYRILEESQEQQDRNERDLLE
7.400000000000004,21.4,27.39999999999999,3.700000000000004,4.800000000000005,10.20000000000001,28.1,17.299999999999997,8.40000000000001,17.4,-2.000000000000001,TTWEAWDRAIAEYAARIEALIRALQELQEKNEAALREL
0.5999999999999998,15.200000000000005,25.19999999999998,2.699999999999998,3.8000000000000043,17.199999999999996,25.89999999999999,19.099999999999987,6.200000000000008,19.19999999999999,0.6000000000000001,WQEWEKQVRYLEANISKSLEQAQIQQEKNMYELQ
0.19999999999999926,15.600000000000012,32.399999999999984,4.100000000000005,2.600000000000002,8.00000000000001,33.099999999999994,22.699999999999992,6.20000000000001,23.19999999999999,-1.600000000000001,MTWETWEREIENYTRQIYRILEESQEQQDRNERDLLE 
3.0999999999999996,8.700000000000014,2.0999999999999988,-1.8000000000000014,1.4999999999999987,3.5000000000000004,1.399999999999999,2.1999999999999993,2.099999999999999,2.299999999999999,-0.29999999999999993,TRQARRNRRRWRERQRAAAAC
1.2999999999999998,7.700000000000005,16.499999999999996,2.5999999999999996,4.899999999999999,7.300000000000004,17.200000000000006,13.600000000000001,5.5000000000000036,13.700000000000001,0.8999999999999988,ELTWEEWEKKVEELEKKIEELLK
2.1999999999999997,15.800000000000011,50.39999999999999,4.3,11.4,16.6,35.69999999999998,36.49999999999998,0.9999999999999993,36.59999999999998,8.200000000000003,EESQNQQEKNEQELLELDKWASLWNWFNITNWLWLI
4.200000000000003,21.4,29.599999999999987,4.700000000000004,4.800000000000005,10.600000000000009,30.299999999999997,19.5,8.40000000000001,19.6,-2.000000000000001,TTWEAWDRAIAEYAARIEALIRALQEQQEKNEAILREL
1.2999999999999998,10.100000000000005,16.499999999999996,2.1999999999999997,4.899999999999999,5.900000000000002,17.200000000000006,14.0,5.5000000000000036,14.100000000000001,-0.9000000000000002,EMTWQEWEQKVEELEKKIEELLK
5.200000000000004,23.199999999999996,25.19999999999999,4.700000000000004,4.800000000000005,10.60000000000001,25.9,15.100000000000001,8.40000000000001,15.200000000000003,-2.4000000000000012,TTWEAWDRAIAEYAARIEALIRALQELQEKLEAILREL
2.4999999999999996,-3.4999999999999956,-3.7000000000000006,4.200000000000001,-0.9,-3.100000000000001,-3.4000000000000017,-3.0000000000000004,-0.30000000000000004,-2.9000000000000004,0.30000000000000016,FVFLM
1.399999999999999,19.599999999999987,67.6,4.900000000000002,3.6000000000000005,16.6,52.49999999999999,53.29999999999999,-2.0,53.39999999999999,8.6,YTSLIHSLIEESQNQQEKLEQELLELDKWASLWNWF
6.800000000000002,4.600000000000003,6.200000000000008,9.100000000000005,1.6,3.4000000000000075,4.700000000000006,5.500000000000007,1.3877787807814457e-16,5.600000000000007,2.4,LEAIPMSIPPEFLFGKPFVF
4.600000000000004,22.799999999999997,27.399999999999984,5.900000000000002,4.800000000000005,12.40000000000001,28.099999999999994,17.299999999999997,8.40000000000001,17.4,-2.4000000000000012,TTWEAWDRAIAEYAARIEALIRAAQEQQEKLEAVLREL
-1.9000000000000004,5.9,15.10000000000001,3.3999999999999995,6.7,5.100000000000001,15.800000000000008,9.600000000000001,7.700000000000005,9.700000000000003,-0.9000000000000001,MTWEEWDKKIEEYTKKIEELIKK
10.900000000000013,38.899999999999956,15.30000000000001,13.600000000000009,5.300000000000007,21.499999999999968,13.000000000000009,13.600000000000012,1.4999999999999991,13.700000000000012,-0.10000000000000098,IEAQQHLLQLTVWGIKQLQARILAVERYGYIPEAPRDGQAYVRKDGEWVLLSTFL
3.7999999999999994,3.200000000000001,7.000000000000005,5.900000000000002,1.5999999999999996,4.800000000000004,5.5000000000000036,6.3000000000000025,-1.942890293094024e-16,6.400000000000003,2.0000000000000004,LEAIPMSAPPEVKFNKPFVF
-6.38378239159465e-16,16.400000000000006,61.59999999999999,1.2999999999999998,4.000000000000003,14.600000000000007,62.3,48.099999999999994,9.80000000000001,46.0,0.40000000000000013,WTEWDREINNYTSQIHSLIEESQNQQEKNEQELNEL
-2.500000000000001,4.9,23.899999999999984,1.5999999999999992,4.700000000000002,11.100000000000005,22.79999999999999,13.800000000000004,7.100000000000007,13.900000000000004,-0.3000000000000004,WEEWDKKIEEYTKKIEELIKKSEEQQKKN
7.100000000000003,42.5,9.900000000000004,10.000000000000002,4.900000000000002,15.300000000000004,9.200000000000005,10.000000000000005,2.9000000000000004,10.100000000000005,-0.4999999999999998,IEAQQHLLQLTVWGIKQLQARIL
2.799999999999999,3.200000000000007,4.8000000000000025,5.900000000000002,1.6,8.80000000000001,3.300000000000002,4.100000000000007,1.3877787807814457e-16,4.200000000000006,2.0000000000000004,LEAIPCSIPPCVFFNKPFVF
2.1999999999999997,-1.6000000000000023,-0.7999999999999999,3.4999999999999996,1.7999999999999994,-0.8,-0.4999999999999999,0.6999999999999997,-0.6000000000000001,0.7999999999999998,1.4,NKPFVFLM
3.099999999999999,16.300000000000004,36.89999999999997,4.799999999999999,5.3,13.90000000000001,37.59999999999998,20.799999999999976,13.300000000000004,18.699999999999978,-0.09999999999999995,APKEWMEWDREINNYTSLIHSLIKQGI
2.4,-1.8000000000000016,-2.0000000000000013,3.7,-1.0,-1.4,-1.7000000000000004,-0.9000000000000001,-0.3999999999999999,-0.8,-0.19999999999999993,EFVFLM
3.7999999999999994,3.200000000000007,6.600000000000004,8.100000000000007,1.6,6.600000000000007,5.100000000000002,5.900000000000005,1.3877787807814457e-16,6.000000000000005,2.0000000000000004,LEAIPMSIPPAVKFNKPFVF
1.399999999999999,19.599999999999987,67.6,4.9,3.6000000000000005,15.200000000000008,52.49999999999999,53.29999999999999,-2.0,53.39999999999999,8.6,YTSLIHSLIEELQNQQEKNEQELLELDKWASLWNWF
0.5000000000000003,13.700000000000006,13.50000000000001,3.5999999999999996,4.300000000000001,6.900000000000009,11.60000000000001,9.000000000000004,7.500000000000002,9.100000000000003,0.4999999999999999,MTWQEWEQQVRYLEANISQRL
6.000000000000007,20.999999999999986,42.399999999999984,5.500000000000005,4.800000000000005,13.000000000000007,43.099999999999994,32.699999999999996,6.20000000000001,33.199999999999996,-2.0,MTWMAWDRAIANYAALIHALIEAAQNQQEKNEAALLEL
7.200000000000003,3.2000000000000015,2.9999999999999973,9.900000000000004,1.6,7.000000000000011,1.4999999999999978,2.3000000000000007,1.3877787807814457e-16,2.400000000000001,0.6000000000000001,LEAIPCSIPPCVGFGKPFVF
1.399999999999999,19.999999999999986,67.6,4.9,3.6000000000000005,15.200000000000008,52.49999999999999,53.29999999999999,-2.0,53.39999999999999,8.6,YTSLIHSLIEEQQNQQEKNEQELLELDKWASLWNWF
4.199999999999999,1.7999999999999998,1.5999999999999988,0.4999999999999998,-0.19999999999999987,3.0000000000000004,0.4999999999999989,0.4999999999999989,-0.3999999999999996,0.5999999999999994,2.0,GCKKYRRFRWKFKGKFWFWG
-1.3000000000000005,7.5000000000000036,17.700000000000003,3.6000000000000014,0.09999999999999959,11.500000000000007,17.000000000000004,17.800000000000008,0.7000000000000001,17.900000000000006,2.3000000000000003,KKISEEQKKIQEEIKKILEESKKILEEIERDWEMW
5.800000000000008,27.199999999999967,15.000000000000009,10.500000000000009,2.8000000000000007,15.800000000000008,13.900000000000006,12.900000000000006,2.0000000000000004,13.000000000000007,-1.800000000000001,LLQLTVWGIKQLQARILAIKKEIEAIKKEQEAIKKKIEAI
6.0000000000000036,21.0,29.599999999999987,3.700000000000004,4.800000000000005,10.20000000000001,30.299999999999997,19.5,8.40000000000001,19.6,-2.000000000000001,TTWEAWDRAIAEYAARIEALIRALQEQQEKNEAALREL
1.0999999999999996,2.299999999999998,5.699999999999998,2.7999999999999985,2.099999999999999,5.300000000000001,4.6,5.000000000000002,0.5,5.100000000000001,2.5,IRKAHCNISRADWND
5.800000000000001,49.59999999999997,15.200000000000005,9.500000000000002,2.1999999999999997,15.600000000000009,14.100000000000003,12.700000000000005,0.6000000000000003,12.800000000000004,-0.5999999999999996,MTLTVQARQLLSQIVQQQNNLLRAIEAQ
0.3999999999999998,22.599999999999987,65.80000000000007,3.500000000000002,5.000000000000004,13.600000000000007,66.50000000000003,49.699999999999996,12.40000000000001,47.599999999999994,0.40000000000000036,TMWMEWDREINNYTSLIHSLIEESQNQQEKNEQELL
3.0999999999999996,2.899999999999998,1.4999999999999996,2.1999999999999993,-0.30000000000000016,3.300000000000008,-4.440892098500626e-16,0.3999999999999999,-1.9000000000000001,0.5000000000000004,0.9000000000000001,KFRRQRPRLSHKGPMPF
1.399999999999999,19.599999999999987,67.6,4.9,5.4,15.800000000000008,52.49999999999999,53.29999999999999,-2.0,53.39999999999999,8.6,YTSLIHSLIEETQNQQEKNEQELLELDKWASLWNWF
1.399999999999999,23.599999999999987,64.6,4.9,3.6000000000000005,17.400000000000002,49.49999999999999,50.29999999999999,-2.0,50.39999999999999,8.6,YTSLIQSLIEESQNQQEKNEQQLLELDKWASLWNWF
0.5999999999999995,18.799999999999997,66.40000000000006,3.7000000000000033,4.200000000000002,13.800000000000008,67.10000000000002,49.89999999999999,13.000000000000009,47.8,0.6000000000000001,WMEWDREINNYTSLIHSLIEESQNQQEKNEQELL
3.7999999999999994,5.400000000000003,8.000000000000007,7.700000000000006,1.6,4.800000000000007,6.900000000000006,7.700000000000006,1.3877787807814457e-16,7.800000000000006,1.6,LEAIPMSIPPEVKFNKPFVA
-1.4,14.600000000000007,56.99999999999998,5.700000000000004,7.200000000000006,11.800000000000008,57.69999999999999,40.89999999999999,12.400000000000007,38.79999999999999,0.40000000000000047,IWNNMTWMEWDREINNYTSLIHSLIEESQNQQEKNE
2.599999999999999,19.799999999999997,45.199999999999996,3.5000000000000018,5.2,17.800000000000004,32.69999999999999,27.69999999999999,3.200000000000003,27.79999999999999,7.6,WQQWERQVRFLDANITKLLEEAQIQQEKNMYELQELDKNASLWNWF
2.799999999999999,3.200000000000007,6.6000000000000085,8.100000000000007,1.6,4.800000000000004,5.100000000000007,5.9000000000000075,1.3877787807814457e-16,6.000000000000007,2.0000000000000004,LEAIPMSIPPEVFFNKPFVF
6.000000000000002,21.0,26.99999999999999,3.700000000000004,4.800000000000005,9.80000000000001,27.7,16.9,8.40000000000001,17.0,-2.000000000000001,TTWEAWDRAIAEYAARIEALIRAAQELQEKNEAALREL
-2.2000000000000006,5.6,22.199999999999978,1.8999999999999995,5.000000000000001,9.600000000000005,22.899999999999988,13.900000000000006,7.400000000000006,14.000000000000005,-0.3999999999999999,WEEWDKKIEEYTKKIEELIKKSQNQQ
2.5999999999999983,19.999999999999986,64.6,4.9,1.3999999999999995,13.600000000000009,55.49999999999999,56.29999999999999,-2.0,56.39999999999999,4.799999999999999,YTSLIHSLIEESQNQQEKNEQELLELDKWASLFNFF
1.3999999999999995,19.999999999999986,70.2,4.9,5.799999999999999,14.800000000000008,57.699999999999996,58.49999999999999,-1.6000000000000005,58.99999999999999,6.0,NYTSLIHSLIEESQNQQEKNEQELLELDKWASLWNW
7.600000000000003,69.8,17.6,11.100000000000003,5.800000000000001,15.000000000000007,16.899999999999995,16.299999999999997,1.5999999999999996,14.200000000000005,0.7999999999999993,SGIVQQQNNLLRAIEAQQHLLQLTVWGIKQLQARIL
4.900000000000002,50.09999999999999,15.700000000000001,9.800000000000002,4.899999999999999,17.9,16.400000000000006,15.000000000000004,-0.6999999999999997,15.100000000000003,-0.4999999999999998,RQLLSGIVQQQNNLLRAIEAQQHLLQK
-2.0000000000000004,5.800000000000001,16.800000000000004,3.2999999999999994,6.599999999999999,6.600000000000007,15.300000000000008,9.100000000000001,7.600000000000005,9.200000000000003,-1.0000000000000002,MTWEEWDKKIEEYTKKIEELIKKS
6.1,10.900000000000007,12.50000000000001,7.0,2.6999999999999993,12.900000000000007,13.200000000000008,2.8000000000000007,7.700000000000004,2.9000000000000017,-0.8999999999999999,APKEWMAWAREIAAYAKLIAALI
-1.942890293094024e-16,16.400000000000006,58.59999999999999,1.6999999999999997,4.000000000000003,12.800000000000008,59.3,45.099999999999994,9.80000000000001,43.0,0.40000000000000013,WTEWDREINNYTSQIHSLIEELQNQQEKNEQELNEL
3.3999999999999972,22.599999999999987,65.80000000000007,3.500000000000002,3.9999999999999996,15.8,66.50000000000003,49.699999999999996,12.40000000000001,47.599999999999994,0.40000000000000036,AAWMEWDREINNYTSLIHSLIEESQNQQEKNEQELL
5.0,1.7999999999999994,3.799999999999999,0.4999999999999998,-0.19999999999999976,2.6,0.8999999999999988,0.8999999999999988,-0.3999999999999997,0.9999999999999988,2.0,GKKYRRFRWKFKFGKWFWFG
4.900000000000002,29.9,6.900000000000002,11.000000000000002,4.100000000000002,10.500000000000007,6.600000000000001,7.400000000000002,2.1,7.500000000000002,0.4999999999999998,LLQLTVWGIKQLQARIL
0.5999999999999995,18.799999999999997,63.40000000000002,3.7000000000000033,4.200000000000002,12.000000000000009,64.10000000000002,46.89999999999999,13.000000000000009,44.8,0.6000000000000001,WMEWDREINNYTSLIHSLIEELQNQQEKNEQELL
2.1999999999999993,13.200000000000008,41.59999999999998,7.500000000000002,13.600000000000001,15.799999999999995,26.899999999999974,27.699999999999974,0.20000000000000018,27.799999999999972,8.200000000000005,NQQEKNEQELLELDKWASLWNWFNITNWLWLIKIFI
3.7999999999999994,5.4000000000000075,8.400000000000007,5.900000000000002,1.6,5.600000000000007,6.900000000000006,7.700000000000006,1.3877787807814457e-16,7.800000000000006,2.0000000000000004,LEAIPASIPPEVKFNKPFVF
7.100000000000003,39.3,16.699999999999996,9.200000000000003,3.0999999999999996,12.700000000000008,14.200000000000005,15.000000000000005,1.099999999999999,15.100000000000007,-2.3000000000000007,IKKEIEAIKKEQEAIKKKIEAIEKLLQLTVWGIKQLQARIL
-1.8000000000000007,6.000000000000002,30.79999999999999,0.8999999999999997,4.000000000000004,10.000000000000007,31.5,22.5,6.400000000000009,22.599999999999998,-1.4000000000000004,WEEWDKKIEEYTKKIEELIKKSEEQQKKNEEELKK 
1.399999999999999,19.599999999999987,67.6,4.9,3.6000000000000005,17.000000000000007,52.49999999999999,53.29999999999999,-2.0,53.39999999999999,8.6,YTSLIHSLIEEKQNQQEKNEQELLELDKWASLWNWF
1.399999999999999,19.999999999999986,67.6,4.9,3.6000000000000005,15.200000000000008,52.49999999999999,53.29999999999999,-2.0000000000000004,53.39999999999999,8.6,YTSLIHSLIEQSQNQQEKNEQELLELDKWASLWNWF
3.7999999999999994,5.000000000000003,6.200000000000008,9.500000000000005,1.6,4.400000000000006,4.700000000000006,5.500000000000007,1.3877787807814457e-16,5.600000000000007,0.6000000000000001,LEAIPMSIPPEVKFAKPFVF
1.399999999999999,19.999999999999986,70.6,4.9,3.6000000000000005,15.200000000000008,55.49999999999999,56.29999999999999,-2.0,56.39999999999999,8.6,YTSLIHSLIEESQNQQEKNEQELLELDKWASLWNWF
-1.1000000000000003,5.5000000000000036,14.100000000000009,1.9999999999999991,8.30000000000001,6.300000000000006,15.200000000000006,14.200000000000005,2.2999999999999994,14.300000000000004,0.6999999999999993,FWNWLSAWIKKTYEEIKKTYEEIKKTYEEIERDWEMV
1.4,18.19999999999999,70.20000000000002,5.299999999999999,4.000000000000005,13.600000000000009,66.5,60.699999999999996,1.3999999999999995,58.6,2.199999999999999,REINNYTSLIHSLIEESQNQQEKNEQELLELDKWAS
-1.942890293094024e-16,16.400000000000006,58.59999999999999,1.7000000000000002,4.000000000000003,17.199999999999996,59.3,45.099999999999994,9.80000000000001,43.0,0.4,WTEWDREINNYTSQIHSLIEESQNQQEKLEQELNEL
-1.5,6.299999999999999,14.30000000000001,2.5999999999999996,6.7,7.700000000000005,15.000000000000007,11.000000000000002,5.5000000000000036,11.100000000000001,0.8999999999999988,ELTWEEWEKKIEEYTKKIEEILK
-1.4000000000000004,13.200000000000008,50.39999999999998,7.500000000000005,5.000000000000005,14.00000000000001,51.09999999999999,34.29999999999998,12.400000000000006,32.19999999999998,2.6000000000000054,LEQIWNNMTWMEWDREINNYTSLIHSLIEESQNQQE
-2.2,2.5999999999999983,7.400000000000006,-0.9000000000000002,5.0,4.600000000000011,8.100000000000003,8.900000000000002,2.2,9.000000000000004,-2.6000000000000005,TYICEVEDQKEE
0.19999999999999982,4.000000000000011,4.000000000000002,-0.7000000000000006,-1.4,4.000000000000005,2.5000000000000018,1.0999999999999988,1.5999999999999996,1.1999999999999984,0.7999999999999993,PKSSWSDHEASSGV
1.399999999999999,18.999999999999986,65.80000000000001,7.500000000000002,5.400000000000001,14.400000000000007,51.09999999999999,51.89999999999999,0.5999999999999999,51.999999999999986,8.200000000000001,SLIHSLIEESQNQQEKNEQELLELDKWASLWNWFNI
3.7999999999999994,5.000000000000007,8.400000000000007,8.100000000000007,1.6,6.600000000000005,6.900000000000006,7.700000000000006,1.3877787807814457e-16,7.800000000000006,2.0000000000000004,LEAIPMSIPAEVKFNKPFVF
0.1999999999999987,20.599999999999994,70.00000000000006,3.7000000000000033,4.800000000000005,13.400000000000007,70.70000000000002,53.9,12.20000000000001,51.8,0.20000000000000037,MTWMEWDREINNYTSLIHSLIEESQNQQEKNEQELLEL
2.5999999999999996,15.400000000000006,43.79999999999998,5.300000000000001,13.6,15.8,29.099999999999973,29.899999999999977,-0.19999999999999976,29.99999999999997,8.200000000000005,QNQQEKNEQELLELDKWASLWNWFNITNWLWLIKIF
-0.6,11.200000000000006,23.999999999999982,4.300000000000001,5.400000000000003,7.600000000000001,22.899999999999988,14.700000000000005,4.600000000000007,14.800000000000004,-0.6000000000000006,EMTWEEWEKKIEEYTKKIEEILKKSQNQQIDL
1.7999999999999994,19.999999999999993,70.20000000000002,4.9,6.199999999999999,13.000000000000009,62.099999999999994,60.699999999999996,-1.6000000000000005,58.599999999999994,2.599999999999999,INNYTSLIHSLIEESQNQQEKNEQELLELDKWASLW
-1.3000000000000005,7.5000000000000036,17.700000000000003,3.6000000000000014,1.8999999999999995,11.500000000000007,17.400000000000006,18.200000000000003,0.7000000000000001,18.300000000000004,2.3000000000000003,KKISEEQKKIQEEIKKILEESKKILEEIKKDWEEW
3.2000000000000006,19.599999999999987,67.6,4.900000000000006,3.6000000000000005,15.800000000000008,52.49999999999999,53.29999999999999,-2.0,53.39999999999999,8.6,YTSLIHSLIEEAQNQQEKNEQELLELDKWASLWNWF
0.40000000000000013,18.999999999999996,24.999999999999982,4.3000000000000025,5.000000000000005,16.999999999999993,25.699999999999992,18.89999999999999,6.000000000000008,18.99999999999999,0.3999999999999999,MTWQEWEKQVRYLEANISKSLEQAQIQQEKNMYELQ
2.4,-1.4000000000000008,-4.199999999999997,3.7000000000000015,-1.0,-2.8000000000000016,-3.500000000000002,-3.1000000000000005,-0.40000000000000024,-3.0000000000000004,-0.19999999999999993,PFVFLR
0.5999999999999998,15.600000000000007,25.19999999999998,2.699999999999998,3.7999999999999994,12.800000000000011,25.89999999999999,19.099999999999987,6.200000000000008,19.19999999999999,0.20000000000000015,WQEWEQQVRYLEANISQRLEQAQIQQEKNMYELQ
1.399999999999999,19.599999999999987,67.6,4.9,3.6000000000000005,15.200000000000008,52.49999999999999,53.29999999999999,-2.0,53.39999999999999,8.6,YTSLIHSLIEEYQNQQEKNEQELLELDKWASLWNWF
1.399999999999999,19.999999999999986,67.6,4.9,3.6000000000000005,15.200000000000008,52.49999999999999,53.29999999999999,-2.0000000000000004,53.39999999999999,8.6,YTSLIHSLIQESQNQQEKNEQELLELDKWASLWNWF
7.400000000000002,22.400000000000006,24.799999999999986,3.700000000000004,4.800000000000005,11.600000000000009,25.499999999999996,14.700000000000003,8.40000000000001,14.800000000000004,-2.4000000000000012,TTWEAWDRAIAEYAARIEALIRAAQELQEKLEAALREL
3.8,5.000000000000003,10.200000000000006,7.700000000000006,1.6,4.800000000000004,6.900000000000006,7.700000000000006,1.3877787807814457e-16,7.800000000000006,2.0000000000000004,LEAIPMSIPPEVKFNKPFAF
2.1999999999999997,18.0,45.999999999999986,5.700000000000001,13.6,15.8,31.299999999999976,32.09999999999997,0.19999999999999996,32.199999999999974,8.200000000000003,SQNQQEKNEQELLELDKWASLWNWFNITNWLWLIKI
1.399999999999999,19.599999999999987,67.6,4.9,3.6000000000000005,15.200000000000008,52.49999999999999,53.29999999999999,-2.0,53.39999999999999,8.6,YTSLIHSLIEENQNQQEKNEQELLELDKWASLWNWF
4.8000000000000025,49.59999999999998,14.800000000000006,9.700000000000001,2.1999999999999993,17.0,14.100000000000005,13.100000000000005,-1.2,13.200000000000005,-0.5999999999999999,QARQLLSQIVQQQNNLLRAIEAQQHLLQ
1.0,12.800000000000002,14.600000000000014,4.1000000000000005,2.3999999999999995,10.800000000000008,15.30000000000001,12.500000000000007,4.000000000000007,12.600000000000005,-1.2000000000000004,RMKQIEDKIEEIESKQKKIENEIARIKKLIGERY
1.3999999999999986,20.399999999999984,68.0,4.900000000000001,4.000000000000002,14.800000000000006,53.29999999999999,54.09999999999999,-2.0,54.19999999999999,8.2,TSLIHSLIEESQNQQEKNEQELLELDKWASLWNWFN
4.200000000000002,19.200000000000006,32.79999999999999,3.700000000000004,4.800000000000005,10.200000000000006,33.5,23.099999999999994,8.40000000000001,23.199999999999996,-1.2000000000000015,TTWEAWDRAIAEYAARIEALIRASQEQQEKNEAELREL
0.9,19.499999999999993,80.70000000000002,4.399999999999999,5.300000000000001,16.500000000000007,72.60000000000002,60.199999999999996,7.500000000000012,58.099999999999994,2.0999999999999996,EWDREINNYTSLIHSLIEESQNQQEKNEQELLELDKWASLW
0.19999999999999815,20.599999999999994,90.60000000000005,5.100000000000003,15.0,19.599999999999987,75.90000000000009,58.699999999999974,10.800000000000017,56.59999999999998,6.200000000000003,WMEWDREINNYTSLIHSLIEESQNQQEKNEQELLELDKWASLWNWFNITNWLWYIK
0.7000000000000001,7.5000000000000036,27.699999999999985,1.9999999999999996,4.700000000000002,9.300000000000006,26.199999999999992,17.200000000000003,7.100000000000007,17.300000000000004,-0.3000000000000005,WEEWDKKIEEYTKKIEELIKKSQNQQLDL
0.39999999999999936,18.199999999999996,67.60000000000005,5.300000000000003,4.000000000000003,13.600000000000009,68.30000000000001,51.099999999999994,12.80000000000001,49.0,0.3999999999999998,WMEWDREINNYTSLIHSLIEESQNQQEKIEQELLEL
5.200000000000005,32.79999999999999,9.400000000000004,12.700000000000003,3.599999999999999,14.60000000000001,10.100000000000001,10.900000000000002,0.9999999999999997,11.0,-1.0,QHLLQLTVWGIKQLQARILAVERYLKDQ
-3.0531133177191805e-16,16.799999999999997,70.20000000000003,3.0999999999999983,4.000000000000005,13.600000000000007,71.3,61.1,5.800000000000011,59.0,2.599999999999999,WDREINNYTSLIHSLIEESQNQQEKNEQELLELDKW
2.7755575615628914e-17,18.599999999999994,63.60000000000004,3.5000000000000013,7.200000000000008,13.600000000000009,64.30000000000003,47.49999999999999,12.40000000000001,45.39999999999999,0.40000000000000013,NMTWMEWDREINNYTSLIHSLIEESQNQQEKNEQEL
2.1999999999999984,16.800000000000008,54.79999999999999,6.100000000000003,10.0,16.6,40.09999999999998,40.899999999999984,0.19999999999999948,40.99999999999998,8.200000000000003,LIEESQNQQEKNEQELLELDKWASLWNWFNITNWLW
0.5999999999999995,18.799999999999997,63.40000000000002,3.7000000000000033,4.200000000000002,13.400000000000007,64.10000000000002,46.89999999999999,13.000000000000009,44.8,0.6000000000000001,WMEWDREINNYTSLIHSLIEETQNQQEKNEQELL
-1.7000000000000002,6.099999999999999,13.50000000000001,3.9999999999999996,4.699999999999998,5.700000000000001,14.200000000000008,8.000000000000002,8.300000000000004,8.100000000000003,-0.7000000000000002,MTWEEWDKKIEEYTKKIEELI
4.200000000000001,3.200000000000005,4.8000000000000025,6.300000000000008,1.6,6.600000000000007,3.300000000000002,4.100000000000005,1.3877787807814457e-16,4.200000000000005,2.0000000000000004,LEAIPMCIPPECAFNKPFVF
3.6,19.599999999999987,67.6,5.3000000000000025,3.6000000000000005,15.200000000000008,52.49999999999999,53.29999999999999,-2.0,53.39999999999999,8.6,YTSLIHSLIEEFQNQQEKNEQELLELDKWASLWNWF
1.6999999999999997,3.299999999999999,1.8999999999999997,1.1999999999999993,0.09999999999999981,2.3000000000000007,0.3999999999999999,-0.20000000000000018,-1.5,-0.10000000000000009,1.3000000000000003,QRPRLSHKGPMPF
