sequence,domains,number_values,length,provide,status_filter,formula,molecular_weigth,charge,charge_density,isoelectric,inestability,aromaticity,aliphatic_index,hydrophobic_ratio,hydrophobicity_profile,hydrophobic_profile,inhibition_IC50,inhibition_unit,name_peptide,source,host,assay,PMID/DOI,categorized_IC50,ranking_IC50
YTSLIHSLIEESQNQQEKNEQELLELDKWASLFNFF,CHR-LPB,5.0,36,DB_HIV,0,C198 H297 N49 O63,4371.79,-3.898,-0.0008916255999999998,3.9633789063,51.35,0.1388888889,89.4444444444,0.3333333333,0.004955665,0.002206504,0.0686217773,nM,T379,gp41,CEM,RT production,US6861059,Class I,r1
YTSLIHSLIEESQNQQEKNEQELLEFDKWASLWNWF,CHR-LPB,5.0,36,DB_HIV,0,C205 H297 N51 O63,4483.87,-3.898,-0.0008693383,3.9633789063,66.0777777778,0.1666666667,78.6111111111,0.2777777778,0.0033062133,0.0016713791,0.1115108154,nM,T703,gp41,CEM,RT production,US6861059,Class I,r1
EMTWEEWEKKIEEYTKKIEEILK,PBD-CHR,5.0,23,DB_JAH,0,C138 H215 N31 O42 S1,3012.44,-1.995,-0.0006622539,4.3732910156,77.9565217391,0.1304347826,67.82608695649999,0.2173913043,-0.0001505602,0.0212032116,0.19,nM,HP23,,TZM-bl,,,Class I,r1
WNNMTWMEWDREINNYTSLIHSLIEESQNQQEKNEQ,PBD-CHR,5.0,36,DB_HIV,0,C195 H290 N56 O66 S2,4538.87,-3.897,-0.0008585836999999999,3.9633789063,60.8194444444,0.1111111111,54.1666666667,0.19444444440000005,-0.0198846337,-0.0082142694,0.2203191543,nM,T654,gp41,CEM,RT production,US6861059,Class I,r1
YTSLIHSLIEESQNQQEKNEQELLELDKWASLANWF,CHR-LPB,5.0,36,DB_HIV,0,C194 H294 N50 O63,4334.73,-3.898,-0.0008992486,3.9633789063,52.644444444399994,0.1111111111,92.22222222219999,0.3055555556,0.0023445098,0.0009951154,0.230694876,nM,T96,gp41,CEM,RT production,US6861059,Class I,r1
EMTWEEWEKKIEEYIKKIEEILKKSQNQQIDL,PBD-CHR,5.0,32,DB_JAH,0,C184 H293 N45 O57 S1,4079.64,-1.994,-0.0004887686,4.4118652344,68.525,0.09375,85.3125,0.25,-0.008191453000000001,-0.0050462845,0.275,nM,YIK,,MT-2,,,Class I,r1
EMTWEEWEKKIEEYTKKIEEILKKSQNQQIDL,PBD-CHR,5.0,32,DB_JAH,0,C182 H289 N45 O58 S1,4067.59,-1.994,-0.0004902166,4.4118652344,68.525,0.09375,73.125,0.21875,-0.0067042735,-0.0037828321,0.338,nM,HP23-E6-IDL,,MT-2,,,Class I,r1
ELTWEEWEKKIEEYTKKIEEILK,PBD-CHR,5.0,23,DB_JAH,0,C139 H217 N31 O42,2994.4,-1.995,-0.0006662437,4.3732910156,79.2086956522,0.1304347826,84.78260869569999,0.2173913043,-0.0025665266,0.023009759700000004,0.39,nM,HP23L,,TZM-bl,,,Class I,r1
WEEWDRKIEEYTKKIKKLIEESQEQQEKNEKELK,PBD-CHR,5.0,34,DB_HIV,0,C195 H312 N52 O63,4392.89,-0.992,-0.0002258194,4.7746582031,76.68529411760001,0.0882352941,57.352941176499996,0.1470588235,-0.0109574634,-0.0225046673,0.39,nM,SC34,gp41,,MAGI Assay,12203417,Class I,r1
WEEWDKKIEEYTKKIEELIKKSEEQQKKNEEELKK ,PBD-CHR,5.0,36,DB_JAH,0,C201 H323 N51 O65,4494.04,-0.991,-0.0002205143,4.8229980469,88.3685714286,0.0857142857,55.714285714300004,0.14285714289999998,-0.0193194933,-0.0157346365,0.39,nM,SC35EK,,MAGI,,,Class I,r1
YTSLIHSLIEEVQNQQEKNEQELLELDKWASLWNWF,CHR-LPB,5.0,36,DB_HIV,0,C204 H303 N51 O62,4461.91,-3.898,-0.0008736169,3.9633789063,51.95,0.1388888889,97.5,0.3055555556,-0.0007293819000000001,-0.0021424445,0.4,nM,T-20S138V,Enfuvirtide,HeLa,MAGI assay,19073606,Class I,r1
WQTWERQVDNITQTISKALEEAQIQNEKNMYELQKLNQWDIFSNWF,CHR-LPB,5.0,46,DB_JAH,0,C259 H385 N69 O78 S1,5745.33,-1.998,-0.0003477607,4.1611328125,25.652173913000002,0.152173913,70.0,0.2826086957,0.007420396700000002,-0.0090414299,0.42,nM,V2o,,PM1 human T cell,,,Class I,r1
MTWEEWDKKIEEYTKKIEELIKKSEEQQKKN,PBD-CHR,5.0,31,DB_JAH,0,C177 H283 N45 O56 S1,3969.49,0.005,1.25960765740687e-06,5.01953125,74.4096774194,0.0967741935,50.322580645200006,0.1612903226,-0.0161351648,-0.007764931999999999,0.43,nM,MT-SC29,,TZM-bl,,,Class I,r1
YTSLIHSLIEESQNQQEKNEQQLLELDKWASLWNWF,CHR-LPB,5.0,36,DB_HIV,0,C202 H300 N52 O62,4448.87,-2.899,-0.0006516261,4.0803222656,62.65,0.1388888889,89.4444444444,0.2777777778,0.0028012077,0.001463211,0.4495523582,nM,T97,gp41,CEM,RT production,US6861059,Class I,r1
WMEWDREINNYTSLIHSLIEESQNQQEKNEQELLE,PBD-CHR,5.0,35,DB_HIV,0,C189 H288 N52 O66 S1,4376.7,-5.895,-0.0013469052,3.798828125,69.3657142857,0.0857142857,78.0,0.2285714286,-0.0197776214,-0.0174424532,0.4569652935,nM,T624,gp41,CEM,RT production,US6861059,Class I,r1
MTWMEWDREINNYTSLIHSLIEESQNQQEKNEQELL,PBD-CHR,5.0,36,DB_JAH,0,C193 H297 N53 O66 S2,4479.88,-4.896,-0.0010928864,3.8728027344,62.7416666667,0.0833333333,75.8333333333,0.25,-0.0208933736,-0.0139406686,0.5,nM,MT-C34,,TZM-bl,,,Class I,r1
YTSLIHSLIEEIQNQQEKNEQELLELDKWASLWNWF,CHR-LPB,5.0,36,DB_HIV,0,C205 H305 N51 O62,4475.94,-3.898,-0.0008708785,3.9633789063,57.3,0.1388888889,100.27777777780001,0.3055555556,-0.0015970126,-0.002987967,0.5,nM,T-20S138I,Enfuvirtide,HeLa,MAGI assay,19073606,Class I,r1
ELTWEEWEKKVEELEKKIEELLK,PBD-CHR,5.0,23,DB_JAH,0,C136 H217 N31 O42,2958.37,-2.9930000000000003,-0.0010117058,4.2485351563,47.047826087,0.0869565217,97.3913043478,0.2608695652,-0.0049929972,0.0234407572,0.59,nM,2P23L,,TZM-bl,,,Class I,r1
MTWEEWDKKIEEYTKKIEELIKKSQNQQIDL ,PBD-CHR,5.0,32,DB_JAH,0,C176 H280 N44 O55 S1,3924.45,-0.997,-0.00025404830000000004,4.5395507813,55.2483870968,0.0967741935,75.4838709677,0.2258064516,-0.0026351648,-0.0061293439000000005,0.6,nM,MT-WQ-IDL,,MT-2 ,,,Class I,r1
YTSLIHSLIEEAQNQQEKNEQELLELDKWASLWNWF,CHR-LPB,5.0,36,DB_HIV,0,C202 H299 N51 O62,4433.86,-3.898,-0.0008791437,3.9633789063,51.95,0.1388888889,92.22222222219999,0.3055555556,0.0006588273,-0.0007982866,0.6,nM,T-20S138A,Enfuvirtide,HeLa,MAGI assay,19073606,Class I,r1
YTSLIHSLIEESQQQQEKNEQELLELDKWASLWNWF,CHR-LPB,5.0,36,DB_HIV,0,C203 H301 N51 O63,4463.89,-3.898,-0.0008732294,3.9633789063,75.44444444439999,0.1388888889,89.4444444444,0.2777777778,0.0031126649,0.0012737589,0.6720595714,nM,T212,gp41,CEM,RT production,US6861059,Class I,r1
YTSLIHSLIEESQNLQEKNEQELLELDKWASLWNWF,CHR-LPB,5.0,36,DB_HIV,0,C203 H302 N50 O62,4434.89,-3.898,-0.0008789395,3.9633789063,68.45,0.1388888889,100.27777777780001,0.3055555556,-6.41983155887448e-05,-0.00031036700000000003,0.6764542074,nM,T701,gp41,CEM,RT production,US6861059,Class I,r1
EMTWEEWEKKVEELEKKIEELLK,PBD-CHR,5.0,23,DB_JAH,0,C135 H215 N31 O42 S1,2976.41,-2.9930000000000003,-0.0010055738,4.2485351563,45.7956521739,0.0869565217,80.4347826087,0.2608695652,-0.0025770308,0.021634209100000003,0.69,nM,2P23,,TZM-bl,,,Class I,r1
YTSLIHSLIEELQNQQEKNEQELLELDKWASLWNWF,CHR-LPB,5.0,36,DB_HIV,0,C205 H305 N51 O62,4475.94,-3.898,-0.0008708785,3.9633789063,61.005555555600004,0.1388888889,100.27777777780001,0.3055555556,-0.0007293819000000001,-0.0021424445,0.7,nM,T-20S138L,Enfuvirtide,HeLa,MAGI assay,19073606,Class I,r1
WEEWDKKIEEYTKKIEELIKKSEEQQKKN,PBD-CHR,5.0,29,DB_JAH,0,C168 H267 N43 O53,3737.19,0.005,1.33790361207217e-06,5.01953125,85.0275862069,0.1034482759,53.7931034483,0.1379310345,-0.0140697346,-0.0134852722,0.7,nM,SC29EK,,TZM-bl,,,Class I,r1
YTSLIHSLIEEMQNQQEKNEQELLELDKWASLWNWF,CHR-LPB,5.0,36,DB_HIV,0,C204 H303 N51 O62 S1,4493.98,-3.898,-0.0008673826,3.9633789063,49.855555555600006,0.1388888889,89.4444444444,0.3055555556,0.0006009852,-0.0008540286,0.7,nM,T-20S138M,Enfuvirtide,HeLa,MAGI assay,19073606,Class I,r1
MTWETWEREIENYTRQIYRILEESQEQQDRNERDLLE ,PBD-CHR,5.0,38,DB_JAH,0,C207 H319 N61 O71 S1,4830.19,-4.992,-0.0010334997,3.9936523438,62.7945945946,0.1081081081,63.2432432432,0.1891891892,-0.0239412442,-0.009844574,0.8,nM,MT-SFT,,TZM-bl,,,Class I,r1
MTWQEWEKQVRYLEANISKSLEQAQIQQEKNMYELQ,PBD-CHR,5.0,36,DB_JAH,0,C198 H308 N54 O62 S2,4501.04,-0.998,-0.0002217265,4.4526367188,50.0944444444,0.1111111111,67.7777777778,0.2777777778,-0.0021207691,-0.0113615037,0.84,nM,MT-SC34_ROD,,TZM-bl,,,Class I,r1
NMTWMEWDREINNYTSLIHSLIEESQNQQEKNEQEL,PBD-CHR,5.0,36,DB_HIV,0,C191 H292 N54 O67 S2,4480.83,-4.896,-0.0010926547,3.8728027344,62.7416666667,0.0833333333,65.0,0.2222222222,-0.023149849,-0.0125635721,0.8926917557999999,nM,T652,gp41,CEM,RT production,US6861059,Class I,r1
YTSLIHSLIEETQNQQEKNEQELLELDKWASLWNWF,CHR-LPB,5.0,36,DB_HIV,0,C203 H301 N51 O63,4463.88,-3.898,-0.0008732314,3.9633789063,49.855555555600006,0.1388888889,89.4444444444,0.2777777778,0.0025965358,0.0010486611,0.9,nM,T-20S138T,Enfuvirtide,HeLa,MAGI assay,19073606,Class I,r1
YTSLIQSLIEESQNQQEKNEQQLLELDKWASLWNWF,CHR-LPB,5.0,36,DB_HIV,0,C201 H301 N51 O63,4439.86,-2.998,-0.0006752465,3.7758789063,71.4277777778,0.1388888889,89.4444444444,0.2777777778,0.0048606388,0.000180776,0.9009293086,nM,T231,gp41,CEM,RT production,US6861059,Class I,r1
QIWNNMTWMEWDREINNYTSLIHSLIEESQNQQEKN,PBD-CHR,5.0,36,DB_HIV,0,C196 H294 N56 O64 S2,4522.92,-2.899,-0.0006409576,4.0803222656,55.4694444444,0.1111111111,65.0,0.2222222222,-0.0141128238,-0.0049973031,1.1054805303,nM,T656,gp41,CEM,RT production,US6861059,Class I,r1
SLIHSLIEESQNQQEKNEQELLELDKWASLWNWFNI,CHR-LPB,5.0,36,DB_HIV,0,C199 H300 N52 O62,4412.84,-3.897,-0.0008831048,3.9633789063,77.2138888889,0.1111111111,100.27777777780001,0.3055555556,0.016693786699999998,0.0037310894,1.1330571695,nM,T638,gp41,CEM,RT production,US6861059,Class I,r1
MTWQQWERQVRFLDANITKLLEEAQIQQEKNMYELQ,PBD-CHR,5.0,36,DB_JAH,0,C201 H314 N56 O60 S2,4539.13,-0.998,-0.0002198659,4.3916015625,56.494444444399996,0.1111111111,78.6111111111,0.3333333333,0.001635468,-0.0151679821,1.17,nM,MT-SC34_EHO,,TZM-bl,,,Class I,r1
YTSLIHSLIEEGQNQQEKNEQELLELDKWASLWNWF,CHR-LPB,5.0,36,DB_HIV,0,C201 H297 N51 O62,4419.83,-3.898,-0.0008819344,3.9633789063,51.95,0.1388888889,89.4444444444,0.2777777778,0.0010637216,-0.000408875,1.3,nM,T-20S138G,Enfuvirtide,HeLa,MAGI assay,19073606,Class I,r1
AAWMEWDREINNYTSLIHSLIEESQNQQEKNEQELL,PBD-CHR,5.0,36,DB_JAH,0,C190 H291 N53 O65 S1,4389.74,-4.896,-0.001115328,3.8728027344,67.71666666670001,0.0833333333,81.3888888889,0.2777777778,-0.0220673765,-0.014542972,1.3,nM,AA-C34,,TZM-bl,,,Class I,r1
MTWEEWDKKIEEYTKKIEELIKKS,PBD-CHR,5.0,24,DB_JAH,0,C141 H223 N33 O42 S1,3084.55,0.003,9.72589194534049e-07,4.8837890625,55.5375,0.125,65.0,0.2083333333,0.011581895900000002,0.0173232423,1.32,nM,MT-SC22,,TZM-bl,,,Class I,r1
MTWQEWEQQVRYLEANISQRLEQAQIQQEKNMYELQ,PBD-CHR,5.0,36,DB_JAH,0,C199 H307 N57 O63 S2,4570.06,-1.998,-0.0004371934,4.1528320313,59.577777777799994,0.1111111111,67.7777777778,0.2777777778,-0.0065612585,-0.008362503299999999,1.38,nM,MT-P3,,TZM-bl,,,Class I,r1
EMTWQEWEQKVEELEKKIEELLK,PBD-CHR,5.0,23,DB_JAH,0,C134 H212 N32 O42 S1,2975.38,-2.994,-0.001006258,4.1520996094,48.369565217399995,0.0869565217,80.4347826087,0.2608695652,-0.0062009804,0.0253718737,1.39,nM,2P23Q,,TZM-bl,,,Class I,r1
WMEWDREINNYTSLIGSLIEESQNQQEKNEQELLE,PBD-CHR,5.0,35,DB_HIV,0,C185 H284 N50 O66 S1,4296.61,-5.9929999999999986,-0.0013948206,3.5563964844,65.84,0.0857142857,78.0,0.2285714286,-0.0206446165,-0.0168687886,1.3964497591999998,nM,T624,gp41,CEM,RT production,US6861059,Class I,r1
WMEWDRKIEEYTKKIKKLIEESQEQQEKNEKELK,PBD-CHR,5.0,34,DB_JAH,0,C195 H314 N52 O61 S1,4394.97,0.006999999999999999,1.59272987073859e-06,5.07421875,74.0617647059,0.0882352941,57.352941176499996,0.1764705882,-0.0137629995,-0.0210652583,1.4,nM,SC34,,PBMC,,,Class I,r1
WEEMDREINNYTKLIHELIEESQNQQEKNEQELL,PBD-CHR,5.0,34,DB_JAH,0,C183 H287 N51 O65 S1,4273.62,-5.893,-0.0013789247,3.9301757813,75.6588235294,0.05882352940000001,80.2941176471,0.2352941176,-0.0153870514,-0.0231865,1.4,nM,FB006,,H9,,,Class I,r1
TMWMEWDREINNYTSLIHSLIEESQNQQEKNEQELL,PBD-CHR,5.0,36,DB_JAH,0,C193 H297 N53 O66 S2,4479.88,-4.896,-0.0010928864,3.8728027344,67.71666666670001,0.0833333333,75.8333333333,0.25,-0.02148546,-0.015085306399999996,1.4,nM,TM-C34,,TZM-bl,,,Class I,r1
EWDREINNYTSLIHSLIEESQNQQEKNEQELLELDKWASLW,PBD-CHR,5.0,41,DB_HIV,0,C223 H338 N60 O75,5059.45,-5.894,-0.0011649488,3.8842773438,54.9414634146,0.0975609756,88.0487804878,0.243902439,-0.002457383,-0.006631550799999999,1.5,nM,WT,gp41,CHO-WT,Syncytia assay,22770564,Class I,r1
WMEWDREINNYTSLIHSLIEELQNQQEKNEQELL,PBD-CHR,5.0,34,DB_HIV,0,C187 H287 N51 O62 S1,4273.66,-4.896,-0.0011456223,3.8728027344,69.37058823529999,0.0882352941,91.7647058824,0.2647058824,-0.0190824146,-0.0158116051,1.5,nM,C34S138L,C34,HeLa,MAGI assay,19073606,Class I,r1
WLEWDRKIEEYTKKIEELIKKSQEQQEKNEKELK ,PBD-CHR,5.0,35,DB_JAH,0,C196 H316 N52 O61,4376.93,0.006999999999999999,1.59929448266251e-06,5.07421875,67.5588235294,0.0882352941,68.82352941180001,0.1764705882,-0.018026038,-0.0189253423,1.6,nM,SC34EK,,HeLa CD4/LTR-B-galactosidase,,,Class I,r1
WEEWDKKIEEYTKKIEELIKKSQNQQIDL,PBD-CHR,5.0,29,DB_JAH,0,C167 H264 N42 O52,3692.15,-0.997,-0.0002700324,4.5395507813,64.5448275862,0.1034482759,80.6896551724,0.2068965517,0.0017518351,-0.0115925673,1.6,nM,WQ-IDL,,MT-2,,,Class I,r1
VEWNEMTWMEWEREIENYTKLIYKILEESQEQ,PBD-CHR,5.0,32,DB_JAH,0,C188 H279 N45 O59 S2,4177.63,-4.993,-0.0011951753,3.8532714844,58.025,0.15625,70.0,0.25,0.0011550672,0.0158208522,1.8,nM,CP32M,,TZM-bl,,,Class I,r1
WQQWERQVRFLDANITKLLEEAQIQQEKNMYELQ,PBD-CHR,5.0,34,DB_JAH,0,C192 H298 N54 O57 S1,4306.83,-0.998,-0.000231725,4.3916015625,64.4970588235,0.1176470588,83.2352941176,0.3235294118,0.0015310032,-0.0186348362,1.88,nM,C34_EHO,,TZM-bl,,,Class I,r1
WQQWERQVRFLDANITKLLEEAQIQQEKNMYELQELDKNASLWNWF,CHR-LPB,5.0,46,DB_JAH,0,C264 H395 N71 O76 S1,5811.48,-1.996,-0.0003434581,4.2766113281,58.197826086999996,0.152173913,80.652173913,0.3260869565,0.0051854731,-0.0090696632,1.9,nM,C46-EHO,,PM1 human T cell,,,Class I,r1
WMEWDREINNYTSLIHSLIEEAQNQQEKNEQELL,PBD-CHR,5.0,34,DB_HIV,0,C184 H281 N51 O62 S1,4231.58,-4.896,-0.0011570146,3.8728027344,59.782352941199996,0.0882352941,83.2352941176,0.2647058824,-0.0202646806,-0.016955767099999998,2.0,nM,C34S138A,C34,HeLa,MAGI assay,19073606,Class I,r2
YTSLIHSLIEESQNQQEKNEQELLQLDKWASLWNWF,CHR-LPB,5.0,36,DB_HIV,0,C202 H300 N52 O62,4448.87,-2.899,-0.0006516261,4.0803222656,71.7055555556,0.1388888889,89.4444444444,0.2777777778,0.0026543779,0.0015883794,2.2477617912,nM,T98,gp41,CEM,RT production,US6861059,Class I,r2
WMEWDREINNYTSLIHSLIEETQNQQEKNEQELL,PBD-CHR,5.0,34,DB_HIV,0,C185 H283 N51 O63 S1,4261.61,-4.896,-0.0011488616,3.8728027344,57.5647058824,0.0882352941,80.2941176471,0.2352941176,-0.0219149269,-0.0185218865,2.6,nM,C34S138T,C34,HeLa,MAGI assay,19073606,Class I,r2
WMEWDREINNYTSLIHSLIEESQNQQEKNEQELL,PBD-CHR,5.0,34,DB_JAH,0,C184 H281 N51 O63 S1,4247.58,-4.896,-0.0011526563,3.8728027344,71.1117647059,0.0882352941,80.2941176471,0.2352941176,-0.0222351239,-0.0188168752,2.7,nM,C34,,TZM-bl,,,Class I,r2
MTWEEWDKKIEEYTKKIEELIKK,PBD-CHR,5.0,23,DB_JAH,0,C138 H218 N32 O40 S1,2997.47,0.003,1.00084404514474e-06,4.8837890625,57.517391304300006,0.1304347826,67.82608695649999,0.2173913043,0.0130987395,0.020396764,2.7,nM,MT-SC21EK,,TZM-bl,,,Class I,r2
LIHSLIEESQNQQEKNEQELLELDKWASLWNWFNIT,CHR-LPB,5.0,36,DB_HIV,0,C200 H302 N52 O62,4426.87,-3.897,-0.0008803058999999998,3.9633789063,77.2138888889,0.1111111111,100.27777777780001,0.3055555556,0.0249960273,0.0041999731,2.7107188601,nM,T637,gp41,CEM,RT production,US6861059,Class I,r2
SWETWEREIENYTRQIYRILEESQEQQDRNERDLLE,PBD-CHR,5.0,36,DB_JAH,0,C201 H308 N60 O70,4684.97,-4.992,-0.0010655351,3.9936523438,69.2361111111,0.1111111111,65.0,0.1666666667,-0.0220009534,-0.0132352107,2.87,nM,Sifuvirtide/SFT,,TZM-bl,,,Class I,r2
MTWCDWRDEIERYTKKIEELIRAAQEWQEKNEAALKEL,PBD-CHR,3.0,38,DB_JAH,0,C210 H328 N58 O64 S2,4753.34,-2.061,-0.0004335899,4.4465332031,44.3605263158,0.1052631579,72.1052631579,0.3157894737,0.008110860899999999,-0.0089178022,2.88,nM,CT105,,TZM-bl,,,Class I,r2
TTWEAWDRAIAEYAARIEALIRASQEQQEKNEAELREL,PBD-CHR,5.0,38,DB_HIV,0,C195 H308 N58 O64,4488.89,-2.9930000000000003,-0.0006667572999999999,4.2045898438,52.0026315789,0.0789473684,82.6315789474,0.3684210526,-0.025361594100000003,-0.0144669735,2.8960388871,nM,290676,Synthetic,CEM4,MAGI/cMAGI infectivity assay,17640899,Class I,r2
MTWEEWDKKIEEYTKKIEELIK,PBD-CHR,5.0,22,DB_JAH,0,C132 H206 N30 O39 S1,2869.3,-0.997,-0.00034747150000000003,4.4990234375,59.67727272729999,0.13636363640000002,70.9090909091,0.2272727273,0.009289916,0.0186583322,3.0,nM,MT-SC20EK,,TZM-bl,,,Class I,r2
KKISEEQKKIQEEIKKILEESKKILEEIKKDWEEWTM,CHR,5.0,37,DB_JAH,0,C209 H348 N52 O64 S1,4645.39,0.008,1.72213743087233e-06,5.123046875,73.5351351351,0.0540540541,84.32432432430001,0.2432432432,0.0103467742,0.0026613477000000003,3.06,nM,AP3,,MT-2,,,Class I,r2
YTSLIHSLIEESQNQQEKNEQELLELDKWASPWNWF,CHR-LPB,5.0,36,DB_HIV,0,C201 H295 N51 O63,4433.82,-3.898,-0.0008791516,3.9633789063,67.4777777778,0.1388888889,78.6111111111,0.25,-0.0009207055,0.0002509858,3.1575481188,nM,T705,gp41,CEM,RT production,US6861059,Class I,r2
NYTSLIHSLIEESQNQQEKNEQELLELDKWASLWNW,CHR-LPB,5.0,36,DB_HIV,0,C197 H296 N52 O64,4416.79,-3.898,-0.0008825414,3.9633789063,62.65,0.1111111111,89.4444444444,0.25,-0.00359447,0.0009058477,3.3961315797000005,nM,T640,gp41,CEM,RT production,US6861059,Class I,r2
WEEWDKKIEEYTKKIEELIKKSQNQQLDI,PBD-CHR,5.0,29,DB_JAH,0,C167 H264 N42 O52,3692.15,-0.997,-0.0002700324,4.5395507813,64.5448275862,0.1034482759,80.6896551724,0.2068965517,0.000947205,-0.0123405501,3.6,nM,WQ-LDI,,MT-2,,,Class I,r2
WEEWDKKIEEYTKKIEELIKKSQNQQLDL,PBD-CHR,5.0,29,DB_JAH,0,C167 H264 N42 O52,3692.15,-0.997,-0.0002700324,4.5395507813,64.5448275862,0.1034482759,80.6896551724,0.2068965517,0.0004813665,-0.0125042735,3.7,nM,WQ-LDL,,MT-2,,,Class I,r2
WEEWDKKIEEYTKKIEELIKKSQNQQIDI,PBD-CHR,5.0,29,DB_JAH,0,C167 H264 N42 O52,3692.15,-0.997,-0.0002700324,4.5395507813,64.5448275862,0.1034482759,80.6896551724,0.2068965517,0.0022176736,-0.0115744416,3.7,nM,WQ-IDI,,MT-2,,,Class I,r2
YTSLIHSLIEQSQNQQEKNEQELLELDKWASLWNWF,CHR-LPB,5.0,36,DB_HIV,0,C202 H300 N52 O62,4448.87,-2.899,-0.0006516261,4.0803222656,65.8,0.1388888889,89.4444444444,0.2777777778,0.0033395837,0.0012461631,4.2707474033,nM,T214,gp41,CEM,RT production,US6861059,Class I,r3
TTWEEWDREINEYTSRIESLIRESQEQQEKNEQELREL,PBD-CHR,5.0,38,DB_HIV,0,C205 H320 N60 O75,4825.1,-5.989,-0.0012412178,3.9689941406,78.5710526316,0.0789473684,61.5789473684,0.1578947368,-0.0158897151,-0.012812256200000002,4.3522414043,nM,2429,Synthetic,CEM4,MAGI/cMAGI infectivity assay,17640899,Class I,r3
TTWEAWDRAIAEYAARIEALIRAAQEQQEKNEAILREL,PBD-CHR,5.0,38,DB_HIV,0,C196 H312 N58 O61,4456.94,-1.995,-0.0004476165,4.3264160156,52.0026315789,0.0789473684,95.5263157895,0.4210526316,-0.0164775346,-0.0093937257,4.7117529067,nM,267209,Synthetic,CEM4,MAGI/cMAGI infectivity assay,17640899,Class I,r3
TSLIHSLIEESQNQQEKNEQELLELDKWASLWNWFN,CHR-LPB,5.0,36,DB_HIV,0,C197 H296 N52 O63,4400.79,-3.897,-0.0008855228,3.9633789063,65.0083333333,0.1111111111,89.4444444444,0.2777777778,0.0086985539,0.002558205,4.7718705051,nM,T639,gp41,CEM,RT production,US6861059,Class I,r3
TTWEAWDRAIAEYAARIEALIRAAQELQEKNEAALREL,PBD-CHR,4.0,38,DB_HIV,0,C194 H309 N57 O60,4399.88,-1.995,-0.0004534215,4.3264160156,45.3763157895,0.0789473684,98.1578947368,0.4473684211,-0.013873586100000002,-0.008990878,4.7728574416,nM,267226,Synthetic,CEM4,MAGI/cMAGI infectivity assay,17640899,Class I,r3
MTWEEWDKKIEEYTKKIEELI,PBD-CHR,5.0,21,DB_JAH,0,C126 H194 N28 O38 S1,2741.13,-1.997,-0.0007285317,4.2209472656,66.08571428569999,0.14285714289999998,74.2857142857,0.2380952381,0.0034744898,0.0176033746,4.8,nM,MT-SC19EK,,TZM-bl,,,Class I,r3
WQQWERQVRFLDANITKLLEEAQIQQEKNMYELQELDKWASLWNWF,CHR-LPB,5.0,46,DB_JAH,0,C271 H399 N71 O75 S1,5883.58,-1.996,-0.0003392492,4.2766113281,54.9304347826,0.1739130435,80.652173913,0.3260869565,0.0098093005,-0.0061198946,4.9,nM,C46,,PM1 human T cell,,,Class I,r3
YTSLIHSLIQESQNQQEKNEQELLELDKWASLWNWF,CHR-LPB,5.0,36,DB_HIV,0,C202 H300 N52 O62,4448.87,-2.899,-0.0006516261,4.0803222656,46.7388888889,0.1388888889,89.4444444444,0.2777777778,0.0033885269,0.0010549225,5.1698521198,nM,T215,gp41,CEM,RT production,US6861059,Class I,r3
WQEWEKQVRYLEANISKSLEQAQIQQEKNMYELQ,PBD-CHR,5.0,34,DB_JAH,0,C189 H292 N52 O59 S1,4268.74,-0.998,-0.0002337926,4.4526367188,57.7205882353,0.1176470588,71.7647058824,0.2647058824,-0.0010294003,-0.0144155481,5.51,nM,C34_ROD,,TZM-bl,,,Class I,r3
YTSLIHSLIEESQNQQEKNEQELLELNKWASLWNWF,CHR-LPB,5.0,36,DB_HIV,0,C202 H300 N52 O62,4448.87,-2.898,-0.0006514014,4.1491699219,71.5861111111,0.1388888889,89.4444444444,0.2777777778,0.0034263467,0.0013550274,5.619404478,nM,T213,gp41,CEM,RT production,US6861059,Class I,r3
MTWEAWDRAIAEYAARIEALIRAAQEQQEKNEAALREL,PBD-CHR,5.0,38,DB_HIV,0,C194 H308 N58 O60 S1,4444.95,-1.995,-0.0004488239,4.3264160156,46.176315789499995,0.0789473684,87.89473684209999,0.4473684211,-0.0197947214,-0.0113879405,5.8493346382,nM,2544,Synthetic,CEM4,MAGI/cMAGI infectivity assay,17640899,Class I,r3
WQEWEQQVRYLEANISQRLEQAQIQQEKNMYELQ,PBD-CHR,5.0,34,DB_JAH,0,C190 H291 N55 O60 S1,4337.76,-1.998,-0.0004606064,4.1528320313,67.7617647059,0.1176470588,71.7647058824,0.2647058824,-0.0051966534,-0.0111090587,6.34,nM,P3,,TZM-bl,,,Class I,r4
MTWMEWDREINNYTSLIHSLIEESQNQQEKNEQELLEL,PBD-CHR,5.0,38,DB_HIV,0,C204 H315 N55 O70 S2,4722.16,-5.895,-0.0012483694,3.798828125,59.9657894737,0.0789473684,82.1052631579,0.2631578947,-0.0154741831,-0.0118507237,6.776559879400001,nM,2410,Synthetic,CEM4,MAGI/cMAGI infectivity assay,17640899,Class I,r4
WMEWDREINNYTSLIHSLIEESQNQQEKNEQILLEL,PBD-CHR,5.0,36,DB_JAH,0,C196 H303 N53 O65 S1,4473.9,-4.896,-0.0010943472,3.8728027344,67.71666666670001,0.0833333333,97.5,0.2777777778,-0.0074180836,-0.0167780821,6.84,nM,C36M4A,,MT-2,,,Class I,r4
TTWEAWDRAIAEYAARIEALIRALQEQQEKNEAALREL,PBD-CHR,5.0,38,DB_HIV,0,C196 H312 N58 O61,4456.94,-1.995,-0.0004476165,4.3264160156,55.5131578947,0.0789473684,95.5263157895,0.4210526316,-0.0184428676,-0.0108426847,7.8529215112,nM,267221,Synthetic,CEM4,MAGI/cMAGI infectivity assay,17640899,Class I,r4
YTSLIHSLIEESQNQQEKLEQELLELDKWASLWNWF,CHR-LPB,5.0,36,DB_HIV,0,C204 H304 N50 O62,4448.91,-3.898,-0.0008761697,3.9633789063,60.2916666667,0.1388888889,100.27777777780001,0.3055555556,0.0033907516,0.0014817038,8.0918696939,nM,T702,gp41,CEM,RT production,US6861059,Class I,r5
MEWDREINNYTSLIHSLIEESQNQQEKNEQELLELD,PBD-CHR,5.0,36,DB_HIV,0,C188 H294 N52 O69 S1,4418.73,-6.894,-0.0015601768,3.6872558594,61.138888888900006,0.0555555556,86.6666666667,0.25,-0.0149868107,-0.0152328002,8.1471372996,nM,T648,gp41,CEM,RT production,US6861059,Class I,r5
WMEWDREINNYTSLIHSLIEESQNQQEKIEQELLEL,PBD-CHR,5.0,36,DB_JAH,0,C197 H304 N52 O66 S1,4488.91,-5.895,-0.0013132364,3.798828125,77.56388888890001,0.0833333333,97.5,0.2777777778,-0.0057349436,-0.0094310923,8.62,nM,C36M3A,,MT-2 ,,,Class I,r5
MTWEEWDKKIEEYTKKIEELIKKSQNQQ,PBD-CHR,5.0,28,DB_JAH,0,C160 H253 N41 O50 S1,3583.05,0.003,8.37275505505086e-07,4.8837890625,60.096428571400004,0.1071428571,55.714285714300004,0.1785714286,-0.0033822699,0.0035879451,8.8,nM,MT-WQ,,MT-2,,,Class I,r5
YTSLIHSLIEEFQNQQEKNEQELLELDKWASLWNWF,CHR-LPB,5.0,36,DB_HIV,0,C208 H303 N51 O62,4509.95,-3.898,-0.0008643111,3.9633789063,51.95,0.1666666667,89.4444444444,0.3055555556,-0.0010185921,-0.0024238932,9.4,nM,T-20S138F,Enfuvirtide,HeLa,MAGI assay,19073606,Class I,r5
TTWEAWDRAIAEYAARIEALIRALQEQQEKNEAILREL,PBD-CHR,4.0,38,DB_HIV,0,C199 H318 N58 O61,4499.02,-1.995,-0.0004434299,4.3264160156,60.5815789474,0.0789473684,103.1578947368,0.4210526316,-0.0156857457,-0.008709426,9.5576369965,nM,267225,Synthetic,CEM4,MAGI/cMAGI infectivity assay,17640899,Class I,r5
TWMEWDREINNYTSLIHSLIEESQNQQEKNEQELLE,PBD-CHR,5.0,36,DB_HIV,0,C193 H295 N53 O68 S1,4477.8,-5.895,-0.0013164947,3.798828125,63.5416666667,0.0833333333,75.8333333333,0.2222222222,-0.0178169395,-0.0165368657,9.826253964,nM,T650,gp41,CEM,RT production,US6861059,Class I,r5
YTSLIHSLIEESQNQQEKNEQELLELDKWASLWNAF,CHR-LPB,5.0,36,DB_HIV,0,C194 H294 N50 O63,4334.73,-3.898,-0.0008992486,3.9633789063,65.5305555556,0.1111111111,92.22222222219999,0.3055555556,0.0026343556,0.001436032,9.9198796696,nM,T95,gp41,CEM,RT production,US6861059,Class I,r5
EWDREINNYTSLIHSLIEESQNQQEKNEQELLELDK,PBD-CHR,5.0,36,DB_HIV,0,C189 H297 N53 O69,4415.71,-5.894,-0.0013347797,3.8842773438,58.7805555556,0.0555555556,86.6666666667,0.2222222222,-0.0142428095,-0.0136047463,9.9644224825,nM,T647,gp41,CEM,RT production,US6861059,Class I,r5
